    3.0000000000e+01    4.3655896396e+02
    3.0005000000e+01    5.0376311161e+02
    3.0010000000e+01    5.8834317627e+02
    3.0015000000e+01    6.8734819523e+02
    3.0020000000e+01    7.9733324618e+02
    3.0025000000e+01    9.1447858978e+02
    3.0030000000e+01    1.0347216201e+03
    3.0035000000e+01    1.1538970636e+03
    3.0040000000e+01    1.2678805862e+03
    3.0045000000e+01    1.3727308554e+03
    3.0050000000e+01    1.4648251612e+03
    3.0055000000e+01    1.5409839257e+03
    3.0060000000e+01    1.5985798208e+03
    3.0065000000e+01    1.6356277453e+03
    3.0070000000e+01    1.6508525780e+03
    3.0075000000e+01    1.6437323929e+03
    3.0080000000e+01    1.6145156699e+03
    3.0085000000e+01    1.5642119346e+03
    3.0090000000e+01    1.4945561760e+03
    3.0095000000e+01    1.4079482959e+03
    3.0100000000e+01    1.3073697040e+03
    3.0105000000e+01    1.1962799583e+03
    3.0110000000e+01    1.0784970360e+03
    3.0115000000e+01    9.5806538101e+02
    3.0120000000e+01    8.3911629094e+02
    3.0125000000e+01    7.2572546641e+02
    3.0130000000e+01    6.2177263783e+02
    3.0135000000e+01    5.3080810745e+02
    3.0140000000e+01    4.5593080084e+02
    3.0145000000e+01    3.9968201951e+02
    3.0150000000e+01    3.6395853995e+02
    3.0155000000e+01    3.4994803267e+02
    3.0160000000e+01    3.5808900152e+02
    3.0165000000e+01    3.8805659465e+02
    3.0170000000e+01    4.3877474477e+02
    3.0175000000e+01    5.0845418715e+02
    3.0180000000e+01    5.9465501179e+02
    3.0185000000e+01    6.9437156136e+02
    3.0190000000e+01    8.0413671851e+02
    3.0195000000e+01    9.2014196077e+02
    3.0200000000e+01    1.0383690222e+03
    3.0205000000e+01    1.1547286061e+03
    3.0210000000e+01    1.2652013547e+03
    3.0215000000e+01    1.3659762130e+03
    3.0220000000e+01    1.4535814163e+03
    3.0225000000e+01    1.5250035966e+03
    3.0230000000e+01    1.5777909149e+03
    3.0235000000e+01    1.6101366866e+03
    3.0240000000e+01    1.6209406435e+03
    3.0245000000e+01    1.6098457514e+03
    3.0250000000e+01    1.5772493504e+03
    3.0255000000e+01    1.5242882710e+03
    3.0260000000e+01    1.4527984777e+03
    3.0265000000e+01    1.3652506727e+03
    3.0270000000e+01    1.2646641156e+03
    3.0275000000e+01    1.1545016669e+03
    3.0280000000e+01    1.0385497049e+03
    3.0285000000e+01    9.2078708357e+02
    3.0290000000e+01    8.0524766924e+02
    3.0295000000e+01    6.9588121143e+02
    3.0300000000e+01    5.9641735161e+02
    3.0305000000e+01    5.1023745990e+02
    3.0310000000e+01    4.4025871242e+02
    3.0315000000e+01    3.8883439368e+02
    3.0320000000e+01    3.5767384307e+02
    3.0325000000e+01    3.4778478248e+02
    3.0330000000e+01    3.5943998654e+02
    3.0335000000e+01    3.9216941496e+02
    3.0340000000e+01    4.4477804805e+02
    3.0345000000e+01    5.1538878006e+02
    3.0350000000e+01    6.0150886362e+02
    3.0355000000e+01    7.0011758963e+02
    3.0360000000e+01    8.0777216004e+02
    3.0365000000e+01    9.2072808953e+02
    3.0370000000e+01    1.0350699786e+03
    3.0375000000e+01    1.1468481509e+03
    3.0380000000e+01    1.2522164540e+03
    3.0385000000e+01    1.3475664904e+03
    3.0390000000e+01    1.4296536785e+03
    3.0395000000e+01    1.4957108314e+03
    3.0400000000e+01    1.5435453775e+03
    3.0405000000e+01    1.5716169187e+03
    3.0410000000e+01    1.5790925009e+03
    3.0415000000e+01    1.5658777417e+03
    3.0420000000e+01    1.5326227934e+03
    3.0425000000e+01    1.4807029809e+03
    3.0430000000e+01    1.4121748238e+03
    3.0435000000e+01    1.3297089901e+03
    3.0440000000e+01    1.2365025147e+03
    3.0445000000e+01    1.1361733156e+03
    3.0450000000e+01    1.0326406378e+03
    3.0455000000e+01    9.2999551826e+02
    3.0460000000e+01    8.3236569624e+02
    3.0465000000e+01    7.4377955909e+02
    3.0470000000e+01    6.6803373073e+02
    3.0475000000e+01    6.0856876229e+02
    3.0480000000e+01    5.6835708652e+02
    3.0485000000e+01    5.4980695672e+02
    3.0490000000e+01    5.5468552448e+02
    3.0495000000e+01    5.8406353732e+02
    3.0500000000e+01    6.3828338254e+02
    3.0505000000e+01    7.1695139285e+02
    3.0510000000e+01    8.1895449108e+02
    3.0515000000e+01    9.4250041530e+02
    3.0520000000e+01    1.0851799603e+03
    3.0525000000e+01    1.2440489252e+03
    3.0530000000e+01    1.4157267953e+03
    3.0535000000e+01    1.5965086313e+03
    3.0540000000e+01    1.7824862112e+03
    3.0545000000e+01    1.9696741816e+03
    3.0550000000e+01    2.1541368381e+03
    3.0555000000e+01    2.3321111682e+03
    3.0560000000e+01    2.5001219610e+03
    3.0565000000e+01    2.6550851021e+03
    3.0570000000e+01    2.7943956182e+03
    3.0575000000e+01    2.9159976069e+03
    3.0580000000e+01    3.0184338478e+03
    3.0585000000e+01    3.1008736303e+03
    3.0590000000e+01    3.1631181176e+03
    3.0595000000e+01    3.2055833689e+03
    3.0600000000e+01    3.2292619405e+03
    3.0605000000e+01    3.2356647372e+03
    3.0610000000e+01    3.2267454842e+03
    3.0615000000e+01    3.2048107898e+03
    3.0620000000e+01    3.1724192670e+03
    3.0625000000e+01    3.1322735470e+03
    3.0630000000e+01    3.0871092486e+03
    3.0635000000e+01    3.0395850460e+03
    3.0640000000e+01    2.9921779117e+03
    3.0645000000e+01    2.9470873923e+03
    3.0650000000e+01    2.9061524251e+03
    3.0655000000e+01    2.8707837190e+03
    3.0660000000e+01    2.8419141398e+03
    3.0665000000e+01    2.8199688617e+03
    3.0670000000e+01    2.8048563112e+03
    3.0675000000e+01    2.7959801566e+03
    3.0680000000e+01    2.7922718124e+03
    3.0685000000e+01    2.7922421710e+03
    3.0690000000e+01    2.7940505558e+03
    3.0695000000e+01    2.7955882513e+03
    3.0700000000e+01    2.7945734214e+03
    3.0705000000e+01    2.7886537977e+03
    3.0710000000e+01    2.7755132227e+03
    3.0715000000e+01    2.7529779771e+03
    3.0720000000e+01    2.7191188166e+03
    3.0725000000e+01    2.6723447799e+03
    3.0730000000e+01    2.6114851220e+03
    3.0735000000e+01    2.5358561399e+03
    3.0740000000e+01    2.4453102009e+03
    3.0745000000e+01    2.3402649206e+03
    3.0750000000e+01    2.2217111535e+03
    3.0755000000e+01    2.0911992285e+03
    3.0760000000e+01    1.9508036543e+03
    3.0765000000e+01    1.8030673075e+03
    3.0770000000e+01    1.6509268764e+03
    3.0775000000e+01    1.4976220282e+03
    3.0780000000e+01    1.3465913854e+03
    3.0785000000e+01    1.2013589000e+03
    3.0790000000e+01    1.0654145993e+03
    3.0795000000e+01    9.4209391745e+02
    3.0800000000e+01    8.3445992140e+02
    3.0805000000e+01    7.4519268046e+02
    3.0810000000e+01    6.7648981597e+02
    3.0815000000e+01    6.2998191301e+02
    3.0820000000e+01    6.0666598542e+02
    3.0825000000e+01    6.0685957924e+02
    3.0830000000e+01    6.3017739758e+02
    3.0835000000e+01    6.7553155549e+02
    3.0840000000e+01    7.4115575479e+02
    3.0845000000e+01    8.2465283310e+02
    3.0850000000e+01    9.2306431917e+02
    3.0855000000e+01    1.0329598457e+03
    3.0860000000e+01    1.1505435603e+03
    3.0865000000e+01    1.2717740577e+03
    3.0870000000e+01    1.3924938588e+03
    3.0875000000e+01    1.5085640953e+03
    3.0880000000e+01    1.6159998455e+03
    3.0885000000e+01    1.7111015043e+03
    3.0890000000e+01    1.7905776758e+03
    3.0895000000e+01    1.8516553303e+03
    3.0900000000e+01    1.8921733780e+03
    3.0905000000e+01    1.9106563527e+03
    3.0910000000e+01    1.9063655610e+03
    3.0915000000e+01    1.8793258059e+03
    3.0920000000e+01    1.8303266226e+03
    3.0925000000e+01    1.7608978288e+03
    3.0930000000e+01    1.6732600703e+03
    3.0935000000e+01    1.5702519063e+03
    3.0940000000e+01    1.4552357842e+03
    3.0945000000e+01    1.3319859941e+03
    3.0950000000e+01    1.2045623226e+03
    3.0955000000e+01    1.0771736319e+03
    3.0960000000e+01    9.5403595773e+02
    3.0965000000e+01    8.3922992596e+02
    3.0970000000e+01    7.3656233221e+02
    3.0975000000e+01    6.4943660917e+02
    3.0980000000e+01    5.8073662031e+02
    3.0985000000e+01    5.3272778193e+02
    3.0990000000e+01    5.0697893877e+02
    3.0995000000e+01    5.0430772176e+02
    3.1000000000e+01    5.2475132399e+02
    3.1005000000e+01    5.6756376882e+02
    3.1010000000e+01    6.3123984200e+02
    3.1015000000e+01    7.1356494857e+02
    3.1020000000e+01    8.1168926638e+02
    3.1025000000e+01    9.2222373154e+02
    3.1030000000e+01    1.0413546369e+03
    3.1035000000e+01    1.1649729780e+03
    3.1040000000e+01    1.2888141642e+03
    3.1045000000e+01    1.4086033457e+03
    3.1050000000e+01    1.5202014011e+03
    3.1055000000e+01    1.6197465931e+03
    3.1060000000e+01    1.7037870342e+03
    3.1065000000e+01    1.7693994074e+03
    3.1070000000e+01    1.8142898417e+03
    3.1075000000e+01    1.8368734473e+03
    3.1080000000e+01    1.8363297325e+03
    3.1085000000e+01    1.8126319480e+03
    3.1090000000e+01    1.7665492897e+03
    3.1095000000e+01    1.6996218199e+03
    3.1100000000e+01    1.6141089026e+03
    3.1105000000e+01    1.5129128591e+03
    3.1110000000e+01    1.3994804019e+03
    3.1115000000e+01    1.2776851782e+03
    3.1120000000e+01    1.1516954067e+03
    3.1125000000e+01    1.0258311176e+03
    3.1130000000e+01    9.0441586921e+02
    3.1135000000e+01    7.9162802239e+02
    3.1140000000e+01    6.9135667821e+02
    3.1145000000e+01    6.0706724000e+02
    3.1150000000e+01    5.4168124282e+02
    3.1155000000e+01    4.9747461634e+02
    3.1160000000e+01    4.7599792488e+02
    3.1165000000e+01    4.7802138378e+02
    3.1170000000e+01    5.0350660761e+02
    3.1175000000e+01    5.5160613311e+02
    3.1180000000e+01    6.2069080863e+02
    3.1185000000e+01    7.0840418477e+02
    3.1190000000e+01    8.1174211066e+02
    3.1195000000e+01    9.2715486934e+02
    3.1200000000e+01    1.0506684032e+03
    3.1205000000e+01    1.1780205139e+03
    3.1210000000e+01    1.3048073950e+03
    3.1215000000e+01    1.4266354847e+03
    3.1220000000e+01    1.5392734278e+03
    3.1225000000e+01    1.6387989172e+03
    3.1230000000e+01    1.7217353404e+03
    3.1235000000e+01    1.7851734932e+03
    3.1240000000e+01    1.8268741181e+03
    3.1245000000e+01    1.8453476680e+03
    3.1250000000e+01    1.8399084679e+03
    3.1255000000e+01    1.8107013126e+03
    3.1260000000e+01    1.7586994823e+03
    3.1265000000e+01    1.6856741311e+03
    3.1270000000e+01    1.5941359887e+03
    3.1275000000e+01    1.4872512703e+03
    3.1280000000e+01    1.3687345791e+03
    3.1285000000e+01    1.2427223907e+03
    3.1290000000e+01    1.1136313874e+03
    3.1295000000e+01    9.8600644995e+02
    3.1300000000e+01    8.6436348805e+02
    3.1305000000e+01    7.5303249486e+02
    3.1310000000e+01    6.5600622434e+02
    3.1315000000e+01    5.7679972626e+02
    3.1320000000e+01    5.1832562619e+02
    3.1325000000e+01    4.8278952431e+02
    3.1330000000e+01    4.7160922119e+02
    3.1335000000e+01    4.8536068433e+02
    3.1340000000e+01    5.2375277178e+02
    3.1345000000e+01    5.8563175948e+02
    3.1350000000e+01    6.6901570901e+02
    3.1355000000e+01    7.7115769661e+02
    3.1360000000e+01    8.8863593720e+02
    3.1365000000e+01    1.0174679116e+03
    3.1370000000e+01    1.1532447740e+03
    3.1375000000e+01    1.2912816052e+03
    3.1380000000e+01    1.4267785178e+03
    3.1385000000e+01    1.5549872158e+03
    3.1390000000e+01    1.6713774011e+03
    3.1395000000e+01    1.7717973835e+03
    3.1400000000e+01    1.8526234157e+03
    3.1405000000e+01    1.9108926172e+03
    3.1410000000e+01    1.9444148710e+03
    3.1415000000e+01    1.9518597549e+03
    3.1420000000e+01    1.9328153774e+03
    3.1425000000e+01    1.8878169108e+03
    3.1430000000e+01    1.8183436110e+03
    3.1435000000e+01    1.7267841542e+03
    3.1440000000e+01    1.6163711756e+03
    3.1445000000e+01    1.4910869212e+03
    3.1450000000e+01    1.3555428921e+03
    3.1455000000e+01    1.2148372371e+03
    3.1460000000e+01    1.0743944050e+03
    3.1465000000e+01    9.3979217743e+02
    3.1470000000e+01    8.1658164140e+02
    3.1475000000e+01    7.1010592516e+02
    3.1480000000e+01    6.2532358510e+02
    3.1485000000e+01    5.6664240848e+02
    3.1490000000e+01    5.3776908060e+02
    3.1495000000e+01    5.4157967036e+02
    3.1500000000e+01    5.8001522950e+02
    3.1505000000e+01    6.5400600007e+02
    3.1510000000e+01    7.6342680811e+02
    3.1515000000e+01    9.0708521981e+02
    3.1520000000e+01    1.0827429808e+03
    3.1525000000e+01    1.2871701874e+03
    3.1530000000e+01    1.5162305822e+03
    3.1535000000e+01    1.7649953632e+03
    3.1540000000e+01    2.0278819783e+03
    3.1545000000e+01    2.2988135707e+03
    3.1550000000e+01    2.5713940824e+03
    3.1555000000e+01    2.8390935204e+03
    3.1560000000e+01    3.0954375720e+03
    3.1565000000e+01    3.3341956246e+03
    3.1570000000e+01    3.5495613058e+03
    3.1575000000e+01    3.7363199156e+03
    3.1580000000e+01    3.8899975537e+03
    3.1585000000e+01    4.0069873493e+03
    3.1590000000e+01    4.0846489481e+03
    3.1595000000e+01    4.1213782830e+03
    3.1600000000e+01    4.1166456159e+03
    3.1605000000e+01    4.0710008654e+03
    3.1610000000e+01    3.9860462836e+03
    3.1615000000e+01    3.8643775897e+03
    3.1620000000e+01    3.7094956702e+03
    3.1625000000e+01    3.5256918828e+03
    3.1630000000e+01    3.3179108207e+03
    3.1635000000e+01    3.0915950913e+03
    3.1640000000e+01    2.8525171938e+03
    3.1645000000e+01    2.6066039564e+03
    3.1650000000e+01    2.3597591744e+03
    3.1655000000e+01    2.1176900971e+03
    3.1660000000e+01    1.8857432243e+03
    3.1665000000e+01    1.6687545144e+03
    3.1670000000e+01    1.4709185806e+03
    3.1675000000e+01    1.2956807797e+03
    3.1680000000e+01    1.1456553068e+03
    3.1685000000e+01    1.0225715202e+03
    3.1690000000e+01    9.2724976706e+02
    3.1695000000e+01    8.5960699693e+02
    3.1700000000e+01    8.1869146370e+02
    3.1705000000e+01    8.0274486605e+02
    3.1710000000e+01    8.0928938964e+02
    3.1715000000e+01    8.3523632213e+02
    3.1720000000e+01    8.7701223912e+02
    3.1725000000e+01    9.3069822806e+02
    3.1730000000e+01    9.9217724344e+02
    3.1735000000e+01    1.0572844822e+03
    3.1740000000e+01    1.1219556385e+03
    3.1745000000e+01    1.1823680401e+03
    3.1750000000e+01    1.2350699812e+03
    3.1755000000e+01    1.2770940309e+03
    3.1760000000e+01    1.3060507044e+03
    3.1765000000e+01    1.3201996014e+03
    3.1770000000e+01    1.3184959303e+03
    3.1775000000e+01    1.3006112113e+03
    3.1780000000e+01    1.2669278545e+03
    3.1785000000e+01    1.2185082189e+03
    3.1790000000e+01    1.1570396335e+03
    3.1795000000e+01    1.0847576759e+03
    3.1800000000e+01    1.0043507359e+03
    3.1805000000e+01    9.1884950606e+02
    3.1810000000e+01    8.3150552576e+02
    3.1815000000e+01    7.4566324443e+02
    3.1820000000e+01    6.6463024605e+02
    3.1825000000e+01    5.9155029517e+02
    3.1830000000e+01    5.2928371717e+02
    3.1835000000e+01    4.8029932419e+02
    3.1840000000e+01    4.4658165159e+02
    3.1845000000e+01    4.2955669589e+02
    3.1850000000e+01    4.3003866439e+02
    3.1855000000e+01    4.4819948349e+02
    3.1860000000e+01    4.8356199409e+02
    3.1865000000e+01    5.3501691738e+02
    3.1870000000e+01    6.0086283239e+02
    3.1875000000e+01    6.7886759672e+02
    3.1880000000e+01    7.6634889279e+02
    3.1885000000e+01    8.6027091832e+02
    3.1890000000e+01    9.5735368533e+02
    3.1895000000e+01    1.0541909642e+03
    3.1900000000e+01    1.1473726243e+03
    3.1905000000e+01    1.2336069861e+03
    3.1910000000e+01    1.3098388221e+03
    3.1915000000e+01    1.3733588119e+03
    3.1920000000e+01    1.4219005824e+03
    3.1925000000e+01    1.4537219100e+03
    3.1930000000e+01    1.4676672406e+03
    3.1935000000e+01    1.4632093468e+03
    3.1940000000e+01    1.4404686876e+03
    3.1945000000e+01    1.4002098258e+03
    3.1950000000e+01    1.3438150668e+03
    3.1955000000e+01    1.2732362858e+03
    3.1960000000e+01    1.1909266743e+03
    3.1965000000e+01    1.0997548385e+03
    3.1970000000e+01    1.0029042956e+03
    3.1975000000e+01    9.0376192150e+02
    3.1980000000e+01    8.0579928057e+02
    3.1985000000e+01    7.1245101254e+02
    3.1990000000e+01    6.2699454299e+02
    3.1995000000e+01    5.5243533147e+02
    3.2000000000e+01    4.9140166835e+02
    3.2005000000e+01    4.4605269042e+02
    3.2010000000e+01    4.1800281677e+02
    3.2015000000e+01    4.0826522710e+02
    3.2020000000e+01    4.1721633556e+02
    3.2025000000e+01    4.4458247755e+02
    3.2030000000e+01    4.8944925018e+02
    3.2035000000e+01    5.5029315734e+02
    3.2040000000e+01    6.2503443400e+02
    3.2045000000e+01    7.1110918893e+02
    3.2050000000e+01    8.0555833633e+02
    3.2055000000e+01    9.0513020689e+02
    3.2060000000e+01    1.0063932587e+03
    3.2065000000e+01    1.1058549635e+03
    3.2070000000e+01    1.2000827352e+03
    3.2075000000e+01    1.2858227045e+03
    3.2080000000e+01    1.3601122244e+03
    3.2085000000e+01    1.4203822158e+03
    3.2090000000e+01    1.4645458211e+03
    3.2095000000e+01    1.4910703143e+03
    3.2100000000e+01    1.4990298007e+03
    3.2105000000e+01    1.4881369101e+03
    3.2110000000e+01    1.4587524142e+03
    3.2115000000e+01    1.4118724694e+03
    3.2120000000e+01    1.3490939548e+03
    3.2125000000e+01    1.2725591368e+03
    3.2130000000e+01    1.1848815995e+03
    3.2135000000e+01    1.0890560257e+03
    3.2140000000e+01    9.8835496544e+02
    3.2145000000e+01    8.8621617137e+02
    3.2150000000e+01    7.8612439911e+02
    3.2155000000e+01    6.9149175263e+02
    3.2160000000e+01    6.0554069708e+02
    3.2165000000e+01    5.3119375989e+02
    3.2170000000e+01    4.7097370168e+02
    3.2175000000e+01    4.2691756912e+02
    3.2180000000e+01    4.0050755583e+02
    3.2185000000e+01    3.9262101151e+02
    3.2190000000e+01    4.0350127473e+02
    3.2195000000e+01    4.3275028392e+02
    3.2200000000e+01    4.7934316956e+02
    3.2205000000e+01    5.4166427367e+02
    3.2210000000e+01    6.1756330801e+02
    3.2215000000e+01    7.0442967317e+02
    3.2220000000e+01    7.9928234273e+02
    3.2225000000e+01    8.9887218952e+02
    3.2230000000e+01    9.9979321291e+02
    3.2235000000e+01    1.0985988319e+03
    3.2240000000e+01    1.1919192470e+03
    3.2245000000e+01    1.2765758505e+03
    3.2250000000e+01    1.3496887805e+03
    3.2255000000e+01    1.4087739617e+03
    3.2260000000e+01    1.4518263514e+03
    3.2265000000e+01    1.4773865953e+03
    3.2270000000e+01    1.4845888742e+03
    3.2275000000e+01    1.4731883816e+03
    3.2280000000e+01    1.4435675731e+03
    3.2285000000e+01    1.3967210616e+03
    3.2290000000e+01    1.3342197666e+03
    3.2295000000e+01    1.2581556315e+03
    3.2300000000e+01    1.1710688852e+03
    3.2305000000e+01    1.0758604137e+03
    3.2310000000e+01    9.7569230295e+02
    3.2315000000e+01    8.7388000792e+02
    3.2320000000e+01    7.7377986782e+02
    3.2325000000e+01    6.7867583099e+02
    3.2330000000e+01    5.9166925575e+02
    3.2335000000e+01    5.1557552739e+02
    3.2340000000e+01    4.5283097478e+02
    3.2345000000e+01    4.0541319586e+02
    3.2350000000e+01    3.7477742092e+02
    3.2355000000e+01    3.6181097523e+02
    3.2360000000e+01    3.6680726651e+02
    3.2365000000e+01    3.8946004224e+02
    3.2370000000e+01    4.2887795899e+02
    3.2375000000e+01    4.8361880702e+02
    3.2380000000e+01    5.5174206140e+02
    3.2385000000e+01    6.3087780957e+02
    3.2390000000e+01    7.1830955628e+02
    3.2395000000e+01    8.1106794812e+02
    3.2400000000e+01    9.0603210747e+02
    3.2405000000e+01    1.0000350313e+03
    3.2410000000e+01    1.0899694006e+03
    3.2415000000e+01    1.1728901664e+03
    3.2420000000e+01    1.2461104211e+03
    3.2425000000e+01    1.3072873362e+03
    3.2430000000e+01    1.3544953181e+03
    3.2435000000e+01    1.3862840134e+03
    3.2440000000e+01    1.4017193466e+03
    3.2445000000e+01    1.4004063857e+03
    3.2450000000e+01    1.3824934826e+03
    3.2455000000e+01    1.3486577986e+03
    3.2460000000e+01    1.3000729821e+03
    3.2465000000e+01    1.2383603850e+03
    3.2470000000e+01    1.1655257738e+03
    3.2475000000e+01    1.0838839851e+03
    3.2480000000e+01    9.9597437337e+02
    3.2485000000e+01    9.0447020005e+02
    3.2490000000e+01    8.1208528849e+02
    3.2495000000e+01    7.2148133367e+02
    3.2500000000e+01    6.3517918983e+02
    3.2505000000e+01    5.5547727831e+02
    3.2510000000e+01    4.8437996263e+02
    3.2515000000e+01    4.2353834243e+02
    3.2520000000e+01    3.7420543537e+02
    3.2525000000e+01    3.3720716612e+02
    3.2530000000e+01    3.1292998229e+02
    3.2535000000e+01    3.0132529291e+02
    3.2540000000e+01    3.0193029652e+02
    3.2545000000e+01    3.1390415733e+02
    3.2550000000e+01    3.3607792133e+02
    3.2555000000e+01    3.6701605936e+02
    3.2560000000e+01    4.0508710044e+02
    3.2565000000e+01    4.4854049073e+02
    3.2570000000e+01    4.9558659354e+02
    3.2575000000e+01    5.4447664158e+02
    3.2580000000e+01    5.9357946804e+02
    3.2585000000e+01    6.4145197753e+02
    3.2590000000e+01    6.8690056615e+02
    3.2595000000e+01    7.2903105319e+02
    3.2600000000e+01    7.6728513225e+02
    3.2605000000e+01    8.0146187045e+02
    3.2610000000e+01    8.3172336179e+02
    3.2615000000e+01    8.5858425375e+02
    3.2620000000e+01    8.8288549183e+02
    3.2625000000e+01    9.0575324230e+02
    3.2630000000e+01    9.2854453587e+02
    3.2635000000e+01    9.5278170306e+02
    3.2640000000e+01    9.8007812506e+02
    3.2645000000e+01    1.0120581862e+03
    3.2650000000e+01    1.0502745697e+03
    3.2655000000e+01    1.0961261804e+03
    3.2660000000e+01    1.1507799953e+03
    3.2665000000e+01    1.2151000407e+03
    3.2670000000e+01    1.2895864676e+03
    3.2675000000e+01    1.3743273631e+03
    3.2680000000e+01    1.4689654896e+03
    3.2685000000e+01    1.5726816254e+03
    3.2690000000e+01    1.6841955769e+03
    3.2695000000e+01    1.8017852978e+03
    3.2700000000e+01    1.9233238790e+03
    3.2705000000e+01    2.0463335075e+03
    3.2710000000e+01    2.1680548489e+03
    3.2715000000e+01    2.2855297105e+03
    3.2720000000e+01    2.3956943136e+03
    3.2725000000e+01    2.4954800658e+03
    3.2730000000e+01    2.5819183882e+03
    3.2735000000e+01    2.6522459408e+03
    3.2740000000e+01    2.7040064968e+03
    3.2745000000e+01    2.7351457681e+03
    3.2750000000e+01    2.7440956549e+03
    3.2755000000e+01    2.7298447032e+03
    3.2760000000e+01    2.6919919731e+03
    3.2765000000e+01    2.6307820519e+03
    3.2770000000e+01    2.5471195596e+03
    3.2775000000e+01    2.4425621792e+03
    3.2780000000e+01    2.3192919684e+03
    3.2785000000e+01    2.1800654576e+03
    3.2790000000e+01    2.0281437747e+03
    3.2795000000e+01    1.8672047454e+03
    3.2800000000e+01    1.7012395661e+03
    3.2805000000e+01    1.5344372113e+03
    3.2810000000e+01    1.3710602083e+03
    3.2815000000e+01    1.2153157569e+03
    3.2820000000e+01    1.0712263881e+03
    3.2825000000e+01    9.4250443292e+02
    3.2830000000e+01    8.3243450174e+02
    3.2835000000e+01    7.4376796257e+02
    3.2840000000e+01    6.7863305426e+02
    3.2845000000e+01    6.3846379346e+02
    3.2850000000e+01    6.2395024239e+02
    3.2855000000e+01    6.3501202100e+02
    3.2860000000e+01    6.7079619192e+02
    3.2865000000e+01    7.2969984628e+02
    3.2870000000e+01    8.0941689905e+02
    3.2875000000e+01    9.0700779187e+02
    3.2880000000e+01    1.0189900271e+03
    3.2885000000e+01    1.1414467454e+03
    3.2890000000e+01    1.2701499356e+03
    3.2895000000e+01    1.4006943507e+03
    3.2900000000e+01    1.5286378179e+03
    3.2905000000e+01    1.6496433849e+03
    3.2910000000e+01    1.7596186499e+03
    3.2915000000e+01    1.8548476861e+03
    3.2920000000e+01    1.9321111838e+03
    3.2925000000e+01    1.9887908000e+03
    3.2930000000e+01    2.0229542020e+03
    3.2935000000e+01    2.0334179166e+03
    3.2940000000e+01    2.0197858140e+03
    3.2945000000e+01    1.9824618564e+03
    3.2950000000e+01    1.9226365904e+03
    3.2955000000e+01    1.8422477317e+03
    3.2960000000e+01    1.7439160546e+03
    3.2965000000e+01    1.6308586296e+03
    3.2970000000e+01    1.5067822108e+03
    3.2975000000e+01    1.3757602531e+03
    3.2980000000e+01    1.2420975942e+03
    3.2985000000e+01    1.1101872680e+03
    3.2990000000e+01    9.8436419077e+02
    3.2995000000e+01    8.6876058656e+02
    3.3000000000e+01    7.6716797345e+02
    3.3005000000e+01    6.8291033197e+02
    3.3010000000e+01    6.1873271562e+02
    3.3015000000e+01    5.7670906082e+02
    3.3020000000e+01    5.5817232193e+02
    3.3025000000e+01    5.6366931787e+02
    3.3030000000e+01    5.9294185560e+02
    3.3035000000e+01    6.4493481850e+02
    3.3040000000e+01    7.1783100452e+02
    3.3045000000e+01    8.0911160055e+02
    3.3050000000e+01    9.1564031454e+02
    3.3055000000e+01    1.0337683872e+03
    3.3060000000e+01    1.1594569952e+03
    3.3065000000e+01    1.2884129636e+03
    3.3070000000e+01    1.4162332478e+03
    3.3075000000e+01    1.5385533362e+03
    3.3080000000e+01    1.6511945836e+03
    3.3085000000e+01    1.7503055055e+03
    3.3090000000e+01    1.8324922565e+03
    3.3095000000e+01    1.8949338692e+03
    3.3100000000e+01    1.9354783298e+03
    3.3105000000e+01    1.9527162082e+03
    3.3110000000e+01    1.9460293053e+03
    3.3115000000e+01    1.9156126203e+03
    3.3120000000e+01    1.8624688369e+03
    3.3125000000e+01    1.7883754527e+03
    3.3130000000e+01    1.6958256039e+03
    3.3135000000e+01    1.5879445259e+03
    3.3140000000e+01    1.4683844228e+03
    3.3145000000e+01    1.3412012536e+03
    3.3150000000e+01    1.2107175666e+03
    3.3155000000e+01    1.0813759958e+03
    3.3160000000e+01    9.5758836075e+02
    3.3165000000e+01    8.4358547670e+02
    3.3170000000e+01    7.4327276904e+02
    3.3175000000e+01    6.6009660660e+02
    3.3180000000e+01    5.9692591790e+02
    3.3185000000e+01    5.5595315068e+02
    3.3190000000e+01    5.3861799171e+02
    3.3195000000e+01    5.4555650260e+02
    3.3200000000e+01    5.7657747429e+02
    3.3205000000e+01    6.3066688545e+02
    3.3210000000e+01    7.0602040041e+02
    3.3215000000e+01    8.0010289063e+02
    3.3220000000e+01    9.0973304449e+02
    3.3225000000e+01    1.0311902720e+03
    3.3230000000e+01    1.1603403457e+03
    3.3235000000e+01    1.2927755706e+03
    3.3240000000e+01    1.4239647673e+03
    3.3245000000e+01    1.5494080036e+03
    3.3250000000e+01    1.6647908277e+03
    3.3255000000e+01    1.7661327534e+03
    3.3260000000e+01    1.8499249232e+03
    3.3265000000e+01    1.9132522190e+03
    3.3270000000e+01    1.9538956001e+03
    3.3275000000e+01    1.9704110995e+03
    3.3280000000e+01    1.9621826868e+03
    3.3285000000e+01    1.9294470774e+03
    3.3290000000e+01    1.8732895128e+03
    3.3295000000e+01    1.7956105130e+03
    3.3300000000e+01    1.6990645886e+03
    3.3305000000e+01    1.5869728529e+03
    3.3310000000e+01    1.4632123691e+03
    3.3315000000e+01    1.3320858696e+03
    3.3320000000e+01    1.1981761701e+03
    3.3325000000e+01    1.0661901389e+03
    3.3330000000e+01    9.4079746650e+02
    3.3335000000e+01    8.2646968446e+02
    3.3340000000e+01    7.2732490685e+02
    3.3345000000e+01    6.4698360826e+02
    3.3350000000e+01    5.8844041311e+02
    3.3355000000e+01    5.5395636362e+02
    3.3360000000e+01    5.4497547343e+02
    3.3365000000e+01    5.6206858307e+02
    3.3370000000e+01    6.0490663673e+02
    3.3375000000e+01    6.7226452753e+02
    3.3380000000e+01    7.6205564256e+02
    3.3385000000e+01    8.7139621226e+02
    3.3390000000e+01    9.9669756652e+02
    3.3395000000e+01    1.1337834548e+03
    3.3400000000e+01    1.2780287306e+03
    3.3405000000e+01    1.4245149636e+03
    3.3410000000e+01    1.5681979446e+03
    3.3415000000e+01    1.7040816181e+03
    3.3420000000e+01    1.8273927191e+03
    3.3425000000e+01    1.9337503280e+03
    3.3430000000e+01    2.0193246729e+03
    3.3435000000e+01    2.0809798251e+03
    3.3440000000e+01    2.1163954152e+03
    3.3445000000e+01    2.1241631480e+03
    3.3450000000e+01    2.1038546858e+03
    3.3455000000e+01    2.0560583744e+03
    3.3460000000e+01    1.9823832812e+03
    3.3465000000e+01    1.8854300608e+03
    3.3470000000e+01    1.7687292356e+03
    3.3475000000e+01    1.6366485300e+03
    3.3480000000e+01    1.4942719057e+03
    3.3485000000e+01    1.3472538679e+03
    3.3490000000e+01    1.2016534296e+03
    3.3495000000e+01    1.0637527906e+03
    3.3500000000e+01    9.3986630835e+02
    3.3505000000e+01    8.3614567118e+02
    3.3510000000e+01    7.5838733625e+02
    3.3515000000e+01    7.1184824847e+02
    3.3520000000e+01    7.0107562151e+02
    3.3525000000e+01    7.2975614019e+02
    3.3530000000e+01    8.0058935113e+02
    3.3535000000e+01    9.1518926467e+02
    3.3540000000e+01    1.0740173178e+03
    3.3545000000e+01    1.2763488754e+03
    3.3550000000e+01    1.5202744065e+03
    3.3555000000e+01    1.8027353935e+03
    3.3560000000e+01    2.1195939584e+03
    3.3565000000e+01    2.4657341430e+03
    3.3570000000e+01    2.8351918066e+03
    3.3575000000e+01    3.2213092262e+03
    3.3580000000e+01    3.6169097306e+03
    3.3585000000e+01    4.0144870998e+03
    3.3590000000e+01    4.4064040279e+03
    3.3595000000e+01    4.7850936913e+03
    3.3600000000e+01    5.1432584061e+03
    3.3605000000e+01    5.4740594812e+03
    3.3610000000e+01    5.7712926862e+03
    3.3615000000e+01    6.0295442383e+03
    3.3620000000e+01    6.2443228546e+03
    3.3625000000e+01    6.4121641922e+03
    3.3630000000e+01    6.5307048895e+03
    3.3635000000e+01    6.5987243856e+03
    3.3640000000e+01    6.6161537126e+03
    3.3645000000e+01    6.5840514893e+03
    3.3650000000e+01    6.5045483548e+03
    3.3655000000e+01    6.3807620473e+03
    3.3660000000e+01    6.2166862144e+03
    3.3665000000e+01    6.0170568158e+03
    3.3670000000e+01    5.7872006194e+03
    3.3675000000e+01    5.5328707811e+03
    3.3680000000e+01    5.2600748228e+03
    3.3685000000e+01    4.9749004661e+03
    3.3690000000e+01    4.6833447534e+03
    3.3695000000e+01    4.3911516795e+03
    3.3700000000e+01    4.1036631850e+03
    3.3705000000e+01    3.8256878410e+03
    3.3710000000e+01    3.5613908946e+03
    3.3715000000e+01    3.3142085811e+03
    3.3720000000e+01    3.0867887572e+03
    3.3725000000e+01    2.8809590079e+03
    3.3730000000e+01    2.6977224499e+03
    3.3735000000e+01    2.5372805408e+03
    3.3740000000e+01    2.3990813179e+03
    3.3745000000e+01    2.2818906805e+03
    3.3750000000e+01    2.1838836106e+03
    3.3755000000e+01    2.1027516233e+03
    3.3760000000e+01    2.0358222703e+03
    3.3765000000e+01    1.9801862058e+03
    3.3770000000e+01    1.9328271599e+03
    3.3775000000e+01    1.8907501696e+03
    3.3780000000e+01    1.8511035785e+03
    3.3785000000e+01    1.8112906266e+03
    3.3790000000e+01    1.7690669081e+03
    3.3795000000e+01    1.7226205434e+03
    3.3800000000e+01    1.6706325902e+03
    3.3805000000e+01    1.6123159671e+03
    3.3810000000e+01    1.5474319616e+03
    3.3815000000e+01    1.4762842155e+03
    3.3820000000e+01    1.3996908941e+03
    3.3825000000e+01    1.3189365196e+03
    3.3830000000e+01    1.2357056649e+03
    3.3835000000e+01    1.1520013292e+03
    3.3840000000e+01    1.0700513371e+03
    3.3845000000e+01    9.9220649390e+02
    3.3850000000e+01    9.2083448996e+02
    3.3855000000e+01    8.5821365257e+02
    3.3860000000e+01    8.0643061093e+02
    3.3865000000e+01    7.6728575436e+02
    3.3870000000e+01    7.4221004467e+02
    3.3875000000e+01    7.3219629754e+02
    3.3880000000e+01    7.3774749381e+02
    3.3885000000e+01    7.5884403889e+02
    3.3890000000e+01    7.9493118148e+02
    3.3895000000e+01    8.4492705603e+02
    3.3900000000e+01    9.0725105432e+02
    3.3905000000e+01    9.7987148653e+02
    3.3910000000e+01    1.0603707883e+03
    3.3915000000e+01    1.1460258915e+03
    3.3920000000e+01    1.2339008257e+03
    3.3925000000e+01    1.3209481742e+03
    3.3930000000e+01    1.4041156865e+03
    3.3935000000e+01    1.4804541623e+03
    3.3940000000e+01    1.5472226733e+03
    3.3945000000e+01    1.6019872810e+03
    3.3950000000e+01    1.6427096408e+03
    3.3955000000e+01    1.6678222403e+03
    3.3960000000e+01    1.6762874933e+03
    3.3965000000e+01    1.6676384866e+03
    3.3970000000e+01    1.6419998273e+03
    3.3975000000e+01    1.6000877460e+03
    3.3980000000e+01    1.5431893478e+03
    3.3985000000e+01    1.4731216462e+03
    3.3990000000e+01    1.3921717325e+03
    3.3995000000e+01    1.3030201074e+03
    3.4000000000e+01    1.2086498020e+03
    3.4005000000e+01    1.1122444243e+03
    3.4010000000e+01    1.0170786668e+03
    3.4015000000e+01    9.2640508670e+02
    3.4020000000e+01    8.4334111063e+02
    3.4025000000e+01    7.7076021933e+02
    3.4030000000e+01    7.1119113167e+02
    3.4035000000e+01    6.6672853765e+02
    3.4040000000e+01    6.3895853484e+02
    3.4045000000e+01    6.2890141751e+02
    3.4050000000e+01    6.3697386838e+02
    3.4055000000e+01    6.6297193145e+02
    3.4060000000e+01    7.0607542362e+02
    3.4065000000e+01    7.6487369820e+02
    3.4070000000e+01    8.3741193017e+02
    3.4075000000e+01    9.2125637833e+02
    3.4080000000e+01    1.0135764164e+03
    3.4085000000e+01    1.1112405391e+03
    3.4090000000e+01    1.2109230568e+03
    3.4095000000e+01    1.3092178182e+03
    3.4100000000e+01    1.4027550450e+03
    3.4105000000e+01    1.4883172515e+03
    3.4110000000e+01    1.5629502425e+03
    3.4115000000e+01    1.6240653468e+03
    3.4120000000e+01    1.6695293389e+03
    3.4125000000e+01    1.6977389217e+03
    3.4130000000e+01    1.7076771667e+03
    3.4135000000e+01    1.6989499319e+03
    3.4140000000e+01    1.6718009592e+03
    3.4145000000e+01    1.6271050913e+03
    3.4150000000e+01    1.5663397968e+03
    3.4155000000e+01    1.4915359429e+03
    3.4160000000e+01    1.4052094711e+03
    3.4165000000e+01    1.3102762885e+03
    3.4170000000e+01    1.2099532720e+03
    3.4175000000e+01    1.1076487618e+03
    3.4180000000e+01    1.0068462881e+03
    3.4185000000e+01    9.1098551189e+02
    3.4190000000e+01    8.2334446133e+02
    3.4195000000e+01    7.4692710719e+02
    3.4200000000e+01    6.8436014028e+02
    3.4205000000e+01    6.3780250390e+02
    3.4210000000e+01    6.0887079970e+02
    3.4215000000e+01    5.9858314402e+02
    3.4220000000e+01    6.0732342153e+02
    3.4225000000e+01    6.3482718511e+02
    3.4230000000e+01    6.8018970975e+02
    3.4235000000e+01    7.4189594907e+02
    3.4240000000e+01    8.1787139217e+02
    3.4245000000e+01    9.0555210112e+02
    3.4250000000e+01    1.0019715509e+03
    3.4255000000e+01    1.1038613160e+03
    3.4260000000e+01    1.2077621726e+03
    3.4265000000e+01    1.3101418228e+03
    3.4270000000e+01    1.4075152242e+03
    3.4275000000e+01    1.4965634098e+03
    3.4280000000e+01    1.5742467376e+03
    3.4285000000e+01    1.6379086952e+03
    3.4290000000e+01    1.6853667080e+03
    3.4295000000e+01    1.7149868403e+03
    3.4300000000e+01    1.7257398305e+03
    3.4305000000e+01    1.7172365385e+03
    3.4310000000e+01    1.6897415875e+03
    3.4315000000e+01    1.6441647252e+03
    3.4320000000e+01    1.5820301962e+03
    3.4325000000e+01    1.5054251634e+03
    3.4330000000e+01    1.4169289373e+03
    3.4335000000e+01    1.3195254247e+03
    3.4340000000e+01    1.2165017855e+03
    3.4345000000e+01    1.1113367533e+03
    3.4350000000e+01    1.0075824323e+03
    3.4355000000e+01    9.0874360347e+02
    3.4360000000e+01    8.1815865648e+02
    3.4365000000e+01    7.3888620967e+02
    3.4370000000e+01    6.7360128210e+02
    3.4375000000e+01    6.2450455547e+02
    3.4380000000e+01    5.9324781385e+02
    3.4385000000e+01    5.8087809499e+02
    3.4390000000e+01    5.8780244588e+02
    3.4395000000e+01    6.1377446956e+02
    3.4400000000e+01    6.5790310414e+02
    3.4405000000e+01    7.1868331467e+02
    3.4410000000e+01    7.9404762878e+02
    3.4415000000e+01    8.8143673508e+02
    3.4420000000e+01    9.7788671237e+02
    3.4425000000e+01    1.0801298908e+03
    3.4430000000e+01    1.1847058824e+03
    3.4435000000e+01    1.2880789731e+03
    3.4440000000e+01    1.3867578559e+03
    3.4445000000e+01    1.4774136076e+03
    3.4450000000e+01    1.5569918765e+03
    3.4455000000e+01    1.6228154543e+03
    3.4460000000e+01    1.6726737358e+03
    3.4465000000e+01    1.7048960294e+03
    3.4470000000e+01    1.7184062352e+03
    3.4475000000e+01    1.7127570550e+03
    3.4480000000e+01    1.6881426018e+03
    3.4485000000e+01    1.6453890223e+03
    3.4490000000e+01    1.5859235029e+03
    3.4495000000e+01    1.5117227732e+03
    3.4500000000e+01    1.4252429266e+03
    3.4505000000e+01    1.3293330182e+03
    3.4510000000e+01    1.2271354592e+03
    3.4515000000e+01    1.1219766751e+03
    3.4520000000e+01    1.0172518314e+03
    3.4525000000e+01    9.1630762715e+02
    3.4530000000e+01    8.2232722224e+02
    3.4535000000e+01    7.3822128333e+02
    3.4540000000e+01    6.6652891943e+02
    3.4545000000e+01    6.0933193035e+02
    3.4550000000e+01    5.6818532749e+02
    3.4555000000e+01    5.4406651859e+02
    3.4560000000e+01    5.3734489883e+02
    3.4565000000e+01    5.4777287993e+02
    3.4570000000e+01    5.7449864318e+02
    3.4575000000e+01    6.1610014595e+02
    3.4580000000e+01    6.7063917118e+02
    3.4585000000e+01    7.3573351109e+02
    3.4590000000e+01    8.0864474351e+02
    3.4595000000e+01    8.8637851470e+02
    3.4600000000e+01    9.6579380422e+02
    3.4605000000e+01    1.0437173314e+03
    3.4610000000e+01    1.1170590801e+03
    3.4615000000e+01    1.1829248739e+03
    3.4620000000e+01    1.2387220336e+03
    3.4625000000e+01    1.2822543814e+03
    3.4630000000e+01    1.3118032260e+03
    3.4635000000e+01    1.3261914420e+03
    3.4640000000e+01    1.3248283442e+03
    3.4645000000e+01    1.3077337231e+03
    3.4650000000e+01    1.2755401291e+03
    3.4655000000e+01    1.2294732537e+03
    3.4660000000e+01    1.1713110169e+03
    3.4665000000e+01    1.1033227160e+03
    3.4670000000e+01    1.0281902935e+03
    3.4675000000e+01    9.4891440825e+02
    3.4680000000e+01    8.6870853684e+02
    3.4685000000e+01    7.9088476034e+02
    3.4690000000e+01    7.1873519546e+02
    3.4695000000e+01    6.5541319789e+02
    3.4700000000e+01    6.0381849093e+02
    3.4705000000e+01    5.6649025528e+02
    3.4710000000e+01    5.4551195795e+02
    3.4715000000e+01    5.4243130942e+02
    3.4720000000e+01    5.5819823083e+02
    3.4725000000e+01    5.9312310379e+02
    3.4730000000e+01    6.4685688635e+02
    3.4735000000e+01    7.1839393136e+02
    3.4740000000e+01    8.0609756509e+02
    3.4745000000e+01    9.0774769998e+02
    3.4750000000e+01    1.0206089933e+03
    3.4755000000e+01    1.1415173492e+03
    3.4760000000e+01    1.2669819205e+03
    3.4765000000e+01    1.3932992186e+03
    3.4770000000e+01    1.5166755086e+03
    3.4775000000e+01    1.6333533612e+03
    3.4780000000e+01    1.7397380706e+03
    3.4785000000e+01    1.8325196281e+03
    3.4790000000e+01    1.9087860728e+03
    3.4795000000e+01    1.9661243101e+03
    3.4800000000e+01    2.0027048981e+03
    3.4805000000e+01    2.0173478306e+03
    3.4810000000e+01    2.0095669730e+03
    3.4815000000e+01    1.9795915259e+03
    3.4820000000e+01    1.9283636600e+03
    3.4825000000e+01    1.8575122708e+03
    3.4830000000e+01    1.7693036113e+03
    3.4835000000e+01    1.6665703462e+03
    3.4840000000e+01    1.5526213090e+03
    3.4845000000e+01    1.4311349060e+03
    3.4850000000e+01    1.3060396740e+03
    3.4855000000e+01    1.1813859505e+03
    3.4860000000e+01    1.0612129272e+03
    3.4865000000e+01    9.4941553282e+02
    3.4870000000e+01    8.4961561067e+02
    3.4875000000e+01    7.6504173106e+02
    3.4880000000e+01    6.9842170001e+02
    3.4885000000e+01    6.5189141352e+02
    3.4890000000e+01    6.2692316736e+02
    3.4895000000e+01    6.2427588735e+02
    3.4900000000e+01    6.4396901458e+02
    3.4905000000e+01    6.8528098921e+02
    3.4910000000e+01    7.4677245105e+02
    3.4915000000e+01    8.2633344401e+02
    3.4920000000e+01    9.2125310190e+02
    3.4925000000e+01    1.0283095326e+03
    3.4930000000e+01    1.1438769331e+03
    3.4935000000e+01    1.2640463795e+03
    3.4940000000e+01    1.3847562707e+03
    3.4945000000e+01    1.5019280668e+03
    3.4950000000e+01    1.6116027792e+03
    3.4955000000e+01    1.7100736325e+03
    3.4960000000e+01    1.7940104372e+03
    3.4965000000e+01    1.8605714860e+03
    3.4970000000e+01    1.9074991911e+03
    3.4975000000e+01    1.9331962294e+03
    3.4980000000e+01    1.9367796023e+03
    3.4985000000e+01    1.9181107646e+03
    3.4990000000e+01    1.8778007729e+03
    3.4995000000e+01    1.8171902462e+03
    3.5000000000e+01    1.7383047773e+03
    3.5005000000e+01    1.6437872633e+03
    3.5010000000e+01    1.5368093993e+03
    3.5015000000e+01    1.4209652884e+03
    3.5020000000e+01    1.3001507255e+03
    3.5025000000e+01    1.1784321998e+03
    3.5030000000e+01    1.0599100153e+03
    3.5035000000e+01    9.4858013086e+02
    3.5040000000e+01    8.4819937128e+02
    3.5045000000e+01    7.6215855582e+02
    3.5050000000e+01    6.9336782679e+02
    3.5055000000e+01    6.4415805808e+02
    3.5060000000e+01    6.1620168564e+02
    3.5065000000e+01    6.1045565185e+02
    3.5070000000e+01    6.2712841415e+02
    3.5075000000e+01    6.6567215916e+02
    3.5080000000e+01    7.2480051566e+02
    3.5085000000e+01    8.0253120009e+02
    3.5090000000e+01    8.9625218700e+02
    3.5095000000e+01    1.0028092015e+03
    3.5100000000e+01    1.1186116091e+03
    3.5105000000e+01    1.2397531538e+03
    3.5110000000e+01    1.3621434896e+03
    3.5115000000e+01    1.4816460822e+03
    3.5120000000e+01    1.5942178358e+03
    3.5125000000e+01    1.6960457362e+03
    3.5130000000e+01    1.7836758952e+03
    3.5135000000e+01    1.8541306332e+03
    3.5140000000e+01    1.9050096320e+03
    3.5145000000e+01    1.9345717235e+03
    3.5150000000e+01    1.9417945291e+03
    3.5155000000e+01    1.9264099060e+03
    3.5160000000e+01    1.8889139724e+03
    3.5165000000e+01    1.8305513368e+03
    3.5170000000e+01    1.7532740299e+03
    3.5175000000e+01    1.6596764880e+03
    3.5180000000e+01    1.5529087491e+03
    3.5185000000e+01    1.4365707612e+03
    3.5190000000e+01    1.3145913412e+03
    3.5195000000e+01    1.1910958490e+03
    3.5200000000e+01    1.0702670263e+03
    3.5205000000e+01    9.5620368702e+02
    3.5210000000e+01    8.5278202648e+02
    3.5215000000e+01    7.6352423488e+02
    3.5220000000e+01    6.9147886224e+02
    3.5225000000e+01    6.3911699195e+02
    3.5230000000e+01    6.0824775389e+02
    3.5235000000e+01    5.9995606134e+02
    3.5240000000e+01    6.1456471134e+02
    3.5245000000e+01    6.5162216997e+02
    3.5250000000e+01    7.0991650031e+02
    3.5255000000e+01    7.8751501013e+02
    3.5260000000e+01    8.8182832816e+02
    3.5265000000e+01    9.8969679252e+02
    3.5270000000e+01    1.1074962779e+03
    3.5275000000e+01    1.2312599286e+03
    3.5280000000e+01    1.3568117206e+03
    3.5285000000e+01    1.4799073698e+03
    3.5290000000e+01    1.5963778480e+03
    3.5295000000e+01    1.7022706684e+03
    3.5300000000e+01    1.7939841701e+03
    3.5305000000e+01    1.8683902554e+03
    3.5310000000e+01    1.9229414123e+03
    3.5315000000e+01    1.9557583771e+03
    3.5320000000e+01    1.9656954307e+03
    3.5325000000e+01    1.9523810745e+03
    3.5330000000e+01    1.9162326482e+03
    3.5335000000e+01    1.8584443304e+03
    3.5340000000e+01    1.7809488541e+03
    3.5345000000e+01    1.6863541532e+03
    3.5350000000e+01    1.5778570055e+03
    3.5355000000e+01    1.4591365121e+03
    3.5360000000e+01    1.3342309420e+03
    3.5365000000e+01    1.2074020363e+03
    3.5370000000e+01    1.0829913028e+03
    3.5375000000e+01    9.6527311183e+02
    3.5380000000e+01    8.5830952727e+02
    3.5385000000e+01    7.6581176541e+02
    3.5390000000e+01    6.9101296777e+02
    3.5395000000e+01    6.3655661217e+02
    3.5400000000e+01    6.0440437872e+02
    3.5405000000e+01    5.9576665137e+02
    3.5410000000e+01    6.1105809268e+02
    3.5415000000e+01    6.4987990253e+02
    3.5420000000e+01    7.1102949030e+02
    3.5425000000e+01    7.9253738092e+02
    3.5430000000e+01    8.9173027125e+02
    3.5435000000e+01    1.0053182816e+03
    3.5440000000e+01    1.1295036390e+03
    3.5445000000e+01    1.2601073102e+03
    3.5450000000e+01    1.3927094957e+03
    3.5455000000e+01    1.5227994241e+03
    3.5460000000e+01    1.6459295645e+03
    3.5465000000e+01    1.7578692076e+03
    3.5470000000e+01    1.8547523729e+03
    3.5475000000e+01    1.9332151637e+03
    3.5480000000e+01    1.9905180208e+03
    3.5485000000e+01    2.0246488019e+03
    3.5490000000e+01    2.0344032252e+03
    3.5495000000e+01    2.0194399396e+03
    3.5500000000e+01    1.9803082971e+03
    3.5505000000e+01    1.9184477803e+03
    3.5510000000e+01    1.8361589513e+03
    3.5515000000e+01    1.7365467005e+03
    3.5520000000e+01    1.6234374673e+03
    3.5525000000e+01    1.5012729388e+03
    3.5530000000e+01    1.3749834878e+03
    3.5535000000e+01    1.2498452579e+03
    3.5540000000e+01    1.1313253250e+03
    3.5545000000e+01    1.0249197422e+03
    3.5550000000e+01    9.3598949398e+02
    3.5555000000e+01    8.6959944652e+02
    3.5560000000e+01    8.3036527498e+02
    3.5565000000e+01    8.2231308384e+02
    3.5570000000e+01    8.4875602110e+02
    3.5575000000e+01    9.1219163551e+02
    3.5580000000e+01    1.0142230567e+03
    3.5585000000e+01    1.1555063131e+03
    3.5590000000e+01    1.3357252690e+03
    3.5595000000e+01    1.5535947830e+03
    3.5600000000e+01    1.8068918036e+03
    3.5605000000e+01    2.0925132391e+03
    3.5610000000e+01    2.4065586122e+03
    3.5615000000e+01    2.7444347485e+03
    3.5620000000e+01    3.1009790850e+03
    3.5625000000e+01    3.4705976378e+03
    3.5630000000e+01    3.8474132527e+03
    3.5635000000e+01    4.2254194954e+03
    3.5640000000e+01    4.5986354240e+03
    3.5645000000e+01    4.9612565237e+03
    3.5650000000e+01    5.3077972822e+03
    3.5655000000e+01    5.6332212190e+03
    3.5660000000e+01    5.9330546560e+03
    3.5665000000e+01    6.2034811002e+03
    3.5670000000e+01    6.4414137919e+03
    3.5675000000e+01    6.6445447244e+03
    3.5680000000e+01    6.8113692345e+03
    3.5685000000e+01    6.9411860810e+03
    3.5690000000e+01    7.0340737301e+03
    3.5695000000e+01    7.0908443349e+03
    3.5700000000e+01    7.1129776028e+03
    3.5705000000e+01    7.1025373614e+03
    3.5710000000e+01    7.0620741491e+03
    3.5715000000e+01    6.9945175498e+03
    3.5720000000e+01    6.9030622477e+03
    3.5725000000e+01    6.7910518970e+03
    3.5730000000e+01    6.6618648744e+03
    3.5735000000e+01    6.5188058182e+03
    3.5740000000e+01    6.3650065549e+03
    3.5745000000e+01    6.2033395957e+03
    3.5750000000e+01    6.0363468581e+03
    3.5755000000e+01    5.8661856566e+03
    3.5760000000e+01    5.6945933313e+03
    3.5765000000e+01    5.5228711705e+03
    3.5770000000e+01    5.3518875564e+03
    3.5775000000e+01    5.1820995500e+03
    3.5780000000e+01    5.0135914562e+03
    3.5785000000e+01    4.8461282964e+03
    3.5790000000e+01    4.6792215856e+03
    3.5795000000e+01    4.5122043841e+03
    3.5800000000e+01    4.3443122802e+03
    3.5805000000e+01    4.1747667766e+03
    3.5810000000e+01    4.0028574988e+03
    3.5815000000e+01    3.8280197269e+03
    3.5820000000e+01    3.6499039630e+03
    3.5825000000e+01    3.4684345772e+03
    3.5830000000e+01    3.2838550223e+03
    3.5835000000e+01    3.0967576377e+03
    3.5840000000e+01    2.9080966751e+03
    3.5845000000e+01    2.7191838361e+03
    3.5850000000e+01    2.5316662972e+03
    3.5855000000e+01    2.3474878875e+03
    3.5860000000e+01    2.1688347461e+03
    3.5865000000e+01    1.9980674037e+03
    3.5870000000e+01    1.8376417795e+03
    3.5875000000e+01    1.6900220390e+03
    3.5880000000e+01    1.5575886080e+03
    3.5885000000e+01    1.4425448662e+03
    3.5890000000e+01    1.3468261425e+03
    3.5895000000e+01    1.2720146002e+03
    3.5900000000e+01    1.2192634351e+03
    3.5905000000e+01    1.1892335119e+03
    3.5910000000e+01    1.1820451571e+03
    3.5915000000e+01    1.1972473065e+03
    3.5920000000e+01    1.2338056083e+03
    3.5925000000e+01    1.2901104153e+03
    3.5930000000e+01    1.3640048921e+03
    3.5935000000e+01    1.4528327411e+03
    3.5940000000e+01    1.5535043361e+03
    3.5945000000e+01    1.6625793729e+03
    3.5950000000e+01    1.7763635258e+03
    3.5955000000e+01    1.8910160606e+03
    3.5960000000e+01    2.0026649183e+03
    3.5965000000e+01    2.1075254631e+03
    3.5970000000e+01    2.2020188994e+03
    3.5975000000e+01    2.2828863136e+03
    3.5980000000e+01    2.3472943823e+03
    3.5985000000e+01    2.3929290216e+03
    3.5990000000e+01    2.4180736114e+03
    3.5995000000e+01    2.4216689119e+03
    3.6000000000e+01    2.4033523785e+03
    3.6005000000e+01    2.3634752535e+03
    3.6010000000e+01    2.3030965538e+03
    3.6015000000e+01    2.2239538459e+03
    3.6020000000e+01    2.1284114914e+03
    3.6025000000e+01    2.0193878171e+03
    3.6030000000e+01    1.9002633949e+03
    3.6035000000e+01    1.7747732829e+03
    3.6040000000e+01    1.6468866500e+03
    3.6045000000e+01    1.5206776687e+03
    3.6050000000e+01    1.4001918972e+03
    3.6055000000e+01    1.2893125630e+03
    3.6060000000e+01    1.1916312068e+03
    3.6065000000e+01    1.1103270411e+03
    3.6070000000e+01    1.0480591215e+03
    3.6075000000e+01    1.0068750366e+03
    3.6080000000e+01    9.8813929498e+02
    3.6085000000e+01    9.9248395550e+02
    3.6090000000e+01    1.0197833161e+03
    3.6095000000e+01    1.0691536856e+03
    3.6100000000e+01    1.1389784251e+03
    3.6105000000e+01    1.2269576001e+03
    3.6110000000e+01    1.3301807488e+03
    3.6115000000e+01    1.4452204910e+03
    3.6120000000e+01    1.5682439770e+03
    3.6125000000e+01    1.6951385627e+03
    3.6130000000e+01    1.8216475910e+03
    3.6135000000e+01    1.9435117906e+03
    3.6140000000e+01    2.0566115886e+03
    3.6145000000e+01    2.1571055673e+03
    3.6150000000e+01    2.2415603974e+03
    3.6155000000e+01    2.3070678344e+03
    3.6160000000e+01    2.3513447722e+03
    3.6165000000e+01    2.3728128930e+03
    3.6170000000e+01    2.3706551157e+03
    3.6175000000e+01    2.3448468089e+03
    3.6180000000e+01    2.2961605701e+03
    3.6185000000e+01    2.2261442536e+03
    3.6190000000e+01    2.1370728304e+03
    3.6195000000e+01    2.0318755413e+03
    3.6200000000e+01    1.9140406521e+03
    3.6205000000e+01    1.7875008798e+03
    3.6210000000e+01    1.6565032326e+03
    3.6215000000e+01    1.5254675507e+03
    3.6220000000e+01    1.3988384424e+03
    3.6225000000e+01    1.2809355605e+03
    3.6230000000e+01    1.1758072478e+03
    3.6235000000e+01    1.0870925003e+03
    3.6240000000e+01    1.0178959461e+03
    3.6245000000e+01    9.7068012602e+02
    3.6250000000e+01    9.4717881080e+02
    3.6255000000e+01    9.4833439969e+02
    3.6260000000e+01    9.7426165770e+02
    3.6265000000e+01    1.0242391739e+03
    3.6270000000e+01    1.0967290002e+03
    3.6275000000e+01    1.1894239844e+03
    3.6280000000e+01    1.2993213765e+03
    3.6285000000e+01    1.4228203933e+03
    3.6290000000e+01    1.5558406082e+03
    3.6295000000e+01    1.6939573071e+03
    3.6300000000e+01    1.8325493620e+03
    3.6305000000e+01    1.9669547166e+03
    3.6310000000e+01    2.0926282954e+03
    3.6315000000e+01    2.2052970273e+03
    3.6320000000e+01    2.3011067367e+03
    3.6325000000e+01    2.3767558937e+03
    3.6330000000e+01    2.4296116185e+03
    3.6335000000e+01    2.4578039036e+03
    3.6340000000e+01    2.4602947141e+03
    3.6345000000e+01    2.4369194526e+03
    3.6350000000e+01    2.3883991797e+03
    3.6355000000e+01    2.3163229530e+03
    3.6360000000e+01    2.2231006464e+03
    3.6365000000e+01    2.1118876022e+03
    3.6370000000e+01    1.9864834256e+03
    3.6375000000e+01    1.8512081163e+03
    3.6380000000e+01    1.7107595166e+03
    3.6385000000e+01    1.5700567128e+03
    3.6390000000e+01    1.4340745379e+03
    3.6395000000e+01    1.3076746626e+03
    3.6400000000e+01    1.1954389247e+03
    3.6405000000e+01    1.1015105194e+03
    3.6410000000e+01    1.0294484643e+03
    3.6415000000e+01    9.8210035486e+02
    3.6420000000e+01    9.6149786672e+02
    3.6425000000e+01    9.6877874286e+02
    3.6430000000e+01    1.0041381603e+03
    3.6435000000e+01    1.0668114223e+03
    3.6440000000e+01    1.1550889025e+03
    3.6445000000e+01    1.2663631077e+03
    3.6450000000e+01    1.3972066639e+03
    3.6455000000e+01    1.5434789946e+03
    3.6460000000e+01    1.7004584938e+03
    3.6465000000e+01    1.8629961229e+03
    3.6470000000e+01    2.0256856148e+03
    3.6475000000e+01    2.1830448738e+03
    3.6480000000e+01    2.3297027362e+03
    3.6485000000e+01    2.4605850205e+03
    3.6490000000e+01    2.5710937546e+03
    3.6495000000e+01    2.6572736262e+03
    3.6500000000e+01    2.7159600523e+03
    3.6505000000e+01    2.7449038023e+03
    3.6510000000e+01    2.7428678131e+03
    3.6515000000e+01    2.7096926849e+03
    3.6520000000e+01    2.6463283194e+03
    3.6525000000e+01    2.5548302199e+03
    3.6530000000e+01    2.4383200915e+03
    3.6535000000e+01    2.3009115143e+03
    3.6540000000e+01    2.1476025823e+03
    3.6545000000e+01    1.9841384700e+03
    3.6550000000e+01    1.8168478674e+03
    3.6555000000e+01    1.6524580872e+03
    3.6560000000e+01    1.4978943649e+03
    3.6565000000e+01    1.3600694146e+03
    3.6570000000e+01    1.2456696625e+03
    3.6575000000e+01    1.1609447357e+03
    3.6580000000e+01    1.1115067319e+03
    3.6585000000e+01    1.1021455428e+03
    3.6590000000e+01    1.1366660463e+03
    3.6595000000e+01    1.2177523477e+03
    3.6600000000e+01    1.3468634438e+03
    3.6605000000e+01    1.5241637427e+03
    3.6610000000e+01    1.7484908181e+03
    3.6615000000e+01    2.0173616447e+03
    3.6620000000e+01    2.3270173912e+03
    3.6625000000e+01    2.6725056675e+03
    3.6630000000e+01    3.0477979768e+03
    3.6635000000e+01    3.4459390487e+03
    3.6640000000e+01    3.8592237486e+03
    3.6645000000e+01    4.2793964214e+03
    3.6650000000e+01    4.6978668384e+03
    3.6655000000e+01    5.1059364161e+03
    3.6660000000e+01    5.4950280657e+03
    3.6665000000e+01    5.8569129310e+03
    3.6670000000e+01    6.1839273765e+03
    3.6675000000e+01    6.4691738998e+03
    3.6680000000e+01    6.7067001440e+03
    3.6685000000e+01    6.8916508701e+03
    3.6690000000e+01    7.0203885850e+03
    3.6695000000e+01    7.0905794894e+03
    3.6700000000e+01    7.1012424731e+03
    3.6705000000e+01    7.0527600156e+03
    3.6710000000e+01    6.9468510067e+03
    3.6715000000e+01    6.7865066519e+03
    3.6720000000e+01    6.5758917338e+03
    3.6725000000e+01    6.3202145273e+03
    3.6730000000e+01    6.0255695836e+03
    3.6735000000e+01    5.6987583781e+03
    3.6740000000e+01    5.3470934319e+03
    3.6745000000e+01    4.9781919542e+03
    3.6750000000e+01    4.5997652994e+03
    3.6755000000e+01    4.2194105727e+03
    3.6760000000e+01    3.8444105707e+03
    3.6765000000e+01    3.4815478951e+03
    3.6770000000e+01    3.1369385540e+03
    3.6775000000e+01    2.8158896825e+03
    3.6780000000e+01    2.5227851887e+03
    3.6785000000e+01    2.2610022029e+03
    3.6790000000e+01    2.0328601933e+03
    3.6795000000e+01    1.8396035579e+03
    3.6800000000e+01    1.6814174320e+03
    3.6805000000e+01    1.5574754079e+03
    3.6810000000e+01    1.4660168732e+03
    3.6815000000e+01    1.4044507758e+03
    3.6820000000e+01    1.3694818372e+03
    3.6825000000e+01    1.3572545928e+03
    3.6830000000e+01    1.3635101523e+03
    3.6835000000e+01    1.3837502612e+03
    3.6840000000e+01    1.4134031128e+03
    3.6845000000e+01    1.4479854167e+03
    3.6850000000e+01    1.4832554559e+03
    3.6855000000e+01    1.5153522735e+03
    3.6860000000e+01    1.5409166797e+03
    3.6865000000e+01    1.5571904656e+03
    3.6870000000e+01    1.5620910057e+03
    3.6875000000e+01    1.5542593163e+03
    3.6880000000e+01    1.5330805675e+03
    3.6885000000e+01    1.4986770008e+03
    3.6890000000e+01    1.4518741437e+03
    3.6895000000e+01    1.3941421108e+03
    3.6900000000e+01    1.3275146023e+03
    3.6905000000e+01    1.2544889376e+03
    3.6910000000e+01    1.1779110574e+03
    3.6915000000e+01    1.1008498903e+03
    3.6920000000e+01    1.0264657779e+03
    3.6925000000e+01    9.5787779145e+02
    3.6930000000e+01    8.9803474281e+02
    3.6935000000e+01    8.4959449590e+02
    3.6940000000e+01    8.1481583407e+02
    3.6945000000e+01    7.9546664374e+02
    3.6950000000e+01    7.9275155508e+02
    3.6955000000e+01    8.0726145862e+02
    3.6960000000e+01    8.3894651828e+02
    3.6965000000e+01    8.8711345375e+02
    3.6970000000e+01    9.5044699884e+02
    3.6975000000e+01    1.0270545867e+03
    3.6980000000e+01    1.1145324969e+03
    3.6985000000e+01    1.2100509522e+03
    3.6990000000e+01    1.3104549972e+03
    3.6995000000e+01    1.4123774526e+03
    3.7000000000e+01    1.5123598304e+03
    3.7005000000e+01    1.6069768371e+03
    3.7010000000e+01    1.6929599834e+03
    3.7015000000e+01    1.7673158693e+03
    3.7020000000e+01    1.8274349205e+03
    3.7025000000e+01    1.8711867015e+03
    3.7030000000e+01    1.8969984148e+03
    3.7035000000e+01    1.9039138006e+03
    3.7040000000e+01    1.8916303417e+03
    3.7045000000e+01    1.8605134507e+03
    3.7050000000e+01    1.8115871228e+03
    3.7055000000e+01    1.7465013640e+03
    3.7060000000e+01    1.6674775195e+03
    3.7065000000e+01    1.5772333959e+03
    3.7070000000e+01    1.4788907767e+03
    3.7075000000e+01    1.3758685436e+03
    3.7080000000e+01    1.2717651141e+03
    3.7085000000e+01    1.1702342794e+03
    3.7090000000e+01    1.0748587538e+03
    3.7095000000e+01    9.8902582498e+02
    3.7100000000e+01    9.1580942513e+02
    3.7105000000e+01    8.5786271841e+02
    3.7110000000e+01    8.1732493857e+02
    3.7115000000e+01    7.9574571952e+02
    3.7120000000e+01    7.9402955851e+02
    3.7125000000e+01    8.1240235869e+02
    3.7130000000e+01    8.5040123819e+02
    3.7135000000e+01    9.0688799246e+02
    3.7140000000e+01    9.8008578374e+02
    3.7145000000e+01    1.0676378332e+03
    3.7150000000e+01    1.1666861356e+03
    3.7155000000e+01    1.2739675273e+03
    3.7160000000e+01    1.3859238451e+03
    3.7165000000e+01    1.4988224239e+03
    3.7170000000e+01    1.6088828309e+03
    3.7175000000e+01    1.7124055124e+03
    3.7180000000e+01    1.8058979670e+03
    3.7185000000e+01    1.8861941341e+03
    3.7190000000e+01    1.9505629220e+03
    3.7195000000e+01    1.9968021613e+03
    3.7200000000e+01    2.0233147690e+03
    3.7205000000e+01    2.0291645074e+03
    3.7210000000e+01    2.0141094187e+03
    3.7215000000e+01    1.9786117710e+03
    3.7220000000e+01    1.9238241507e+03
    3.7225000000e+01    1.8515521454e+03
    3.7230000000e+01    1.7641948557e+03
    3.7235000000e+01    1.6646652284e+03
    3.7240000000e+01    1.5562928862e+03
    3.7245000000e+01    1.4427127246e+03
    3.7250000000e+01    1.3277430310e+03
    3.7255000000e+01    1.2152572333e+03
    3.7260000000e+01    1.1090536062e+03
    3.7265000000e+01    1.0127273307e+03
    3.7270000000e+01    9.2954922615e+02
    3.7275000000e+01    8.6235524671e+02
    3.7280000000e+01    8.1345047531e+02
    3.7285000000e+01    7.8453085598e+02
    3.7290000000e+01    7.7662530969e+02
    3.7295000000e+01    7.9006019116e+02
    3.7300000000e+01    8.2444729136e+02
    3.7305000000e+01    8.7869579782e+02
    3.7310000000e+01    9.5104781855e+02
    3.7315000000e+01    1.0391362824e+03
    3.7320000000e+01    1.1400632776e+03
    3.7325000000e+01    1.2504962020e+03
    3.7330000000e+01    1.3667785054e+03
    3.7335000000e+01    1.4850513093e+03
    3.7340000000e+01    1.6013818342e+03
    3.7345000000e+01    1.7118943317e+03
    3.7350000000e+01    1.8128991421e+03
    3.7355000000e+01    1.9010155631e+03
    3.7360000000e+01    1.9732844244e+03
    3.7365000000e+01    2.0272666156e+03
    3.7370000000e+01    2.0611242836e+03
    3.7375000000e+01    2.0736820049e+03
    3.7380000000e+01    2.0644659055e+03
    3.7385000000e+01    2.0337194464e+03
    3.7390000000e+01    1.9823953698e+03
    3.7395000000e+01    1.9121241015e+03
    3.7400000000e+01    1.8251596892e+03
    3.7405000000e+01    1.7243051043e+03
    3.7410000000e+01    1.6128194216e+03
    3.7415000000e+01    1.4943099891e+03
    3.7420000000e+01    1.3726131958e+03
    3.7425000000e+01    1.2516678162e+03
    3.7430000000e+01    1.1353851508e+03
    3.7435000000e+01    1.0275202752e+03
    3.7440000000e+01    9.3154866578e+02
    3.7445000000e+01    8.5055227843e+02
    3.7450000000e+01    7.8711882963e+02
    3.7455000000e+01    7.4325758220e+02
    3.7460000000e+01    7.2033437676e+02
    3.7465000000e+01    7.1902800314e+02
    3.7470000000e+01    7.3930929016e+02
    3.7475000000e+01    7.8044353346e+02
    3.7480000000e+01    8.4101610496e+02
    3.7485000000e+01    9.1898032010e+02
    3.7490000000e+01    1.0117259055e+03
    3.7495000000e+01    1.1161657363e+03
    3.7500000000e+01    1.2288379175e+03
    3.7505000000e+01    1.3460197943e+03
    3.7510000000e+01    1.4638500976e+03
    3.7515000000e+01    1.5784551866e+03
    3.7520000000e+01    1.6860752381e+03
    3.7525000000e+01    1.7831862641e+03
    3.7530000000e+01    1.8666140012e+03
    3.7535000000e+01    1.9336360181e+03
    3.7540000000e+01    1.9820688006e+03
    3.7545000000e+01    2.0103370994e+03
    3.7550000000e+01    2.0175234360e+03
    3.7555000000e+01    2.0033963346e+03
    3.7560000000e+01    1.9684165696e+03
    3.7565000000e+01    1.9137214509e+03
    3.7570000000e+01    1.8410878982e+03
    3.7575000000e+01    1.7528757514e+03
    3.7580000000e+01    1.6519534025e+03
    3.7585000000e+01    1.5416084005e+03
    3.7590000000e+01    1.4254461435e+03
    3.7595000000e+01    1.3072801330e+03
    3.7600000000e+01    1.1910174958e+03
    3.7605000000e+01    1.0805435862e+03
    3.7610000000e+01    9.7960945310e+02
    3.7615000000e+01    8.9172580114e+02
    3.7620000000e+01    8.2006679558e+02
    3.7625000000e+01    7.6738666893e+02
    3.7630000000e+01    7.3595159919e+02
    3.7635000000e+01    7.2748876099e+02
    3.7640000000e+01    7.4315382360e+02
    3.7645000000e+01    7.8351750699e+02
    3.7650000000e+01    8.4857113046e+02
    3.7655000000e+01    9.3775042432e+02
    3.7660000000e+01    1.0499762452e+03
    3.7665000000e+01    1.1837102634e+03
    3.7670000000e+01    1.3370231933e+03
    3.7675000000e+01    1.5076727398e+03
    3.7680000000e+01    1.6931881349e+03
    3.7685000000e+01    1.8909579667e+03
    3.7690000000e+01    2.0983179462e+03
    3.7695000000e+01    2.3126353305e+03
    3.7700000000e+01    2.5313869105e+03
    3.7705000000e+01    2.7522277765e+03
    3.7710000000e+01    2.9730484802e+03
    3.7715000000e+01    3.1920187030e+03
    3.7720000000e+01    3.4076160998e+03
    3.7725000000e+01    3.6186395906e+03
    3.7730000000e+01    3.8242070036e+03
    3.7735000000e+01    4.0237376002e+03
    3.7740000000e+01    4.2169206201e+03
    3.7745000000e+01    4.4036715443e+03
    3.7750000000e+01    4.5840782666e+03
    3.7755000000e+01    4.7583397754e+03
    3.7760000000e+01    4.9267002504e+03
    3.7765000000e+01    5.0893816787e+03
    3.7770000000e+01    5.2465181641e+03
    3.7775000000e+01    5.3980950580e+03
    3.7780000000e+01    5.5438958639e+03
    3.7785000000e+01    5.6834595807e+03
    3.7790000000e+01    5.8160507514e+03
    3.7795000000e+01    5.9406439939e+03
    3.7800000000e+01    6.0559242242e+03
    3.7805000000e+01    6.1603031621e+03
    3.7810000000e+01    6.2519520534e+03
    3.7815000000e+01    6.3288498821e+03
    3.7820000000e+01    6.3888456959e+03
    3.7825000000e+01    6.4297330653e+03
    3.7830000000e+01    6.4493341494e+03
    3.7835000000e+01    6.4455903857e+03
    3.7840000000e+01    6.4166564613e+03
    3.7845000000e+01    6.3609939866e+03
    3.7850000000e+01    6.2774611810e+03
    3.7855000000e+01    6.1653949026e+03
    3.7860000000e+01    6.0246815157e+03
    3.7865000000e+01    5.8558133815e+03
    3.7870000000e+01    5.6599281750e+03
    3.7875000000e+01    5.4388287614e+03
    3.7880000000e+01    5.1949819888e+03
    3.7885000000e+01    4.9314954558e+03
    3.7890000000e+01    4.6520720622e+03
    3.7895000000e+01    4.3609429292e+03
    3.7900000000e+01    4.0627800511e+03
    3.7905000000e+01    3.7625907894e+03
    3.7910000000e+01    3.4655970113e+03
    3.7915000000e+01    3.1771022883e+03
    3.7920000000e+01    2.9023510817e+03
    3.7925000000e+01    2.6463842239e+03
    3.7930000000e+01    2.4138952576e+03
    3.7935000000e+01    2.2090922902e+03
    3.7940000000e+01    2.0355699645e+03
    3.7945000000e+01    1.8961959322e+03
    3.7950000000e+01    1.7930158495e+03
    3.7955000000e+01    1.7271804052e+03
    3.7960000000e+01    1.6988972528e+03
    3.7965000000e+01    1.7074099723e+03
    3.7970000000e+01    1.7510053539e+03
    3.7975000000e+01    1.8270494054e+03
    3.7980000000e+01    1.9320515622e+03
    3.7985000000e+01    2.0617556578e+03
    3.7990000000e+01    2.2112553202e+03
    3.7995000000e+01    2.3751306331e+03
    3.8000000000e+01    2.5476021559e+03
    3.8005000000e+01    2.7226977758e+03
    3.8010000000e+01    2.8944273758e+03
    3.8015000000e+01    3.0569599737e+03
    3.8020000000e+01    3.2047978250e+03
    3.8025000000e+01    3.3329419982e+03
    3.8030000000e+01    3.4370441277e+03
    3.8035000000e+01    3.5135394164e+03
    3.8040000000e+01    3.5597564989e+03
    3.8045000000e+01    3.5740004571e+03
    3.8050000000e+01    3.5556060982e+03
    3.8055000000e+01    3.5049595195e+03
    3.8060000000e+01    3.4234869795e+03
    3.8065000000e+01    3.3136111328e+03
    3.8070000000e+01    3.1786757299e+03
    3.8075000000e+01    3.0228409101e+03
    3.8080000000e+01    2.8509521772e+03
    3.8085000000e+01    2.6683870259e+03
    3.8090000000e+01    2.4808839405e+03
    3.8095000000e+01    2.2943590978e+03
    3.8100000000e+01    2.1147165516e+03
    3.8105000000e+01    1.9476579315e+03
    3.8110000000e+01    1.7984977614e+03
    3.8115000000e+01    1.6719903665e+03
    3.8120000000e+01    1.5721740156e+03
    3.8125000000e+01    1.5022374304e+03
    3.8130000000e+01    1.4644131123e+03
    3.8135000000e+01    1.4599011013e+03
    3.8140000000e+01    1.4888258222e+03
    3.8145000000e+01    1.5502276226e+03
    3.8150000000e+01    1.6420894902e+03
    3.8155000000e+01    1.7613983002e+03
    3.8160000000e+01    1.9042388134e+03
    3.8165000000e+01    2.0659175717e+03
    3.8170000000e+01    2.2411128403e+03
    3.8175000000e+01    2.4240458713e+03
    3.8180000000e+01    2.6086680374e+03
    3.8185000000e+01    2.7888578236e+03
    3.8190000000e+01    2.9586213055e+03
    3.8195000000e+01    3.1122895814e+03
    3.8200000000e+01    3.2447066792e+03
    3.8205000000e+01    3.3514017257e+03
    3.8210000000e+01    3.4287396372e+03
    3.8215000000e+01    3.4740452494e+03
    3.8220000000e+01    3.4856966426e+03
    3.8225000000e+01    3.4631843942e+03
    3.8230000000e+01    3.4071345826e+03
    3.8235000000e+01    3.3192945423e+03
    3.8240000000e+01    3.2024815818e+03
    3.8245000000e+01    3.0604960928e+03
    3.8250000000e+01    2.8980016610e+03
    3.8255000000e+01    2.7203758858e+03
    3.8260000000e+01    2.5335366133e+03
    3.8265000000e+01    2.3437491241e+03
    3.8270000000e+01    2.1574204886e+03
    3.8275000000e+01    1.9808877716e+03
    3.8280000000e+01    1.8202070230e+03
    3.8285000000e+01    1.6809500191e+03
    3.8290000000e+01    1.5680155213e+03
    3.8295000000e+01    1.4854613955e+03
    3.8300000000e+01    1.4363633020e+03
    3.8305000000e+01    1.4227048380e+03
    3.8310000000e+01    1.4453030236e+03
    3.8315000000e+01    1.5037718891e+03
    3.8320000000e+01    1.5965256961e+03
    3.8325000000e+01    1.7208220301e+03
    3.8330000000e+01    1.8728436961e+03
    3.8335000000e+01    2.0478170617e+03
    3.8340000000e+01    2.2401632705e+03
    3.8345000000e+01    2.4436776366e+03
    3.8350000000e+01    2.6517315582e+03
    3.8355000000e+01    2.8574904952e+03
    3.8360000000e+01    3.0541409640e+03
    3.8365000000e+01    3.2351191365e+03
    3.8370000000e+01    3.3943335051e+03
    3.8375000000e+01    3.5263741915e+03
    3.8380000000e+01    3.6267018399e+03
    3.8385000000e+01    3.6918096304e+03
    3.8390000000e+01    3.7193527626e+03
    3.8395000000e+01    3.7082407627e+03
    3.8400000000e+01    3.6586891357e+03
    3.8405000000e+01    3.5722281782e+03
    3.8410000000e+01    3.4516681432e+03
    3.8415000000e+01    3.3010213683e+03
    3.8420000000e+01    3.1253833939e+03
    3.8425000000e+01    2.9307764624e+03
    3.8430000000e+01    2.7239600597e+03
    3.8435000000e+01    2.5122142954e+03
    3.8440000000e+01    2.3031028757e+03
    3.8445000000e+01    2.1042231797e+03
    3.8450000000e+01    1.9229514652e+03
    3.8455000000e+01    1.7661915020e+03
    3.8460000000e+01    1.6401349313e+03
    3.8465000000e+01    1.5500413905e+03
    3.8470000000e+01    1.5000459179e+03
    3.8475000000e+01    1.4930003827e+03
    3.8480000000e+01    1.5303546924e+03
    3.8485000000e+01    1.6120823360e+03
    3.8490000000e+01    1.7366534752e+03
    3.8495000000e+01    1.9010573230e+03
    3.8500000000e+01    2.1008740064e+03
    3.8505000000e+01    2.3303945430e+03
    3.8510000000e+01    2.5827860104e+03
    3.8515000000e+01    2.8502975175e+03
    3.8520000000e+01    3.1245012285e+03
    3.8525000000e+01    3.3965614968e+03
    3.8530000000e+01    3.6575241760e+03
    3.8535000000e+01    3.8986174147e+03
    3.8540000000e+01    4.1115547466e+03
    3.8545000000e+01    4.2888310626e+03
    3.8550000000e+01    4.4240021253e+03
    3.8555000000e+01    4.5119386341e+03
    3.8560000000e+01    4.5490464893e+03
    3.8565000000e+01    4.5334457983e+03
    3.8570000000e+01    4.4651023012e+03
    3.8575000000e+01    4.3459062353e+03
    3.8580000000e+01    4.1796951588e+03
    3.8585000000e+01    3.9722188844e+03
    3.8590000000e+01    3.7310463699e+03
    3.8595000000e+01    3.4654161325e+03
    3.8600000000e+01    3.1860334481e+03
    3.8605000000e+01    2.9048192007e+03
    3.8610000000e+01    2.6346167322e+03
    3.8615000000e+01    2.3888643410e+03
    3.8620000000e+01    2.1812421730e+03
    3.8625000000e+01    2.0253030821e+03
    3.8630000000e+01    1.9340976089e+03
    3.8635000000e+01    1.9198034927e+03
    3.8640000000e+01    1.9933701070e+03
    3.8645000000e+01    2.1641878727e+03
    3.8650000000e+01    2.4397920807e+03
    3.8655000000e+01    2.8256096543e+03
    3.8660000000e+01    3.3247562315e+03
    3.8665000000e+01    3.9378895829e+03
    3.8670000000e+01    4.6631238395e+03
    3.8675000000e+01    5.4960073326e+03
    3.8680000000e+01    6.4295650955e+03
    3.8685000000e+01    7.4544052939e+03
    3.8690000000e+01    8.5588870894e+03
    3.8695000000e+01    9.7293457542e+03
    3.8700000000e+01    1.0950369289e+04
    3.8705000000e+01    1.2205119395e+04
    3.8710000000e+01    1.3475688473e+04
    3.8715000000e+01    1.4743483347e+04
    3.8720000000e+01    1.5989625763e+04
    3.8725000000e+01    1.7195359277e+04
    3.8730000000e+01    1.8342452084e+04
    3.8735000000e+01    1.9413585497e+04
    3.8740000000e+01    2.0392718291e+04
    3.8745000000e+01    2.1265417869e+04
    3.8750000000e+01    2.2019150195e+04
    3.8755000000e+01    2.2643521681e+04
    3.8760000000e+01    2.3130467565e+04
    3.8765000000e+01    2.3474382869e+04
    3.8770000000e+01    2.3672193638e+04
    3.8775000000e+01    2.3723367791e+04
    3.8780000000e+01    2.3629866580e+04
    3.8785000000e+01    2.3396039243e+04
    3.8790000000e+01    2.3028464886e+04
    3.8795000000e+01    2.2535747032e+04
    3.8800000000e+01    2.1928267365e+04
    3.8805000000e+01    2.1217906203e+04
    3.8810000000e+01    2.0417737909e+04
    3.8815000000e+01    1.9541709934e+04
    3.8820000000e+01    1.8604314364e+04
    3.8825000000e+01    1.7620260794e+04
    3.8830000000e+01    1.6604159033e+04
    3.8835000000e+01    1.5570219588e+04
    3.8840000000e+01    1.4531979105e+04
    3.8845000000e+01    1.3502056977e+04
    3.8850000000e+01    1.2491948227e+04
    3.8855000000e+01    1.1511856535e+04
    3.8860000000e+01    1.0570569970e+04
    3.8865000000e+01    9.6753806463e+03
    3.8870000000e+01    8.8320481840e+03
    3.8875000000e+01    8.0448055866e+03
    3.8880000000e+01    7.3164049207e+03
    3.8885000000e+01    6.6481991345e+03
    3.8890000000e+01    6.0402554113e+03
    3.8895000000e+01    5.4914947195e+03
    3.8900000000e+01    4.9998516650e+03
    3.8905000000e+01    4.5624484123e+03
    3.8910000000e+01    4.1757763128e+03
    3.8915000000e+01    3.8358789564e+03
    3.8920000000e+01    3.5385306472e+03
    3.8925000000e+01    3.2794047707e+03
    3.8930000000e+01    3.0542271504e+03
    3.8935000000e+01    2.8589102652e+03
    3.8940000000e+01    2.6896650756e+03
    3.8945000000e+01    2.5430881617e+03
    3.8950000000e+01    2.4162228719e+03
    3.8955000000e+01    2.3065941823e+03
    3.8960000000e+01    2.2122179383e+03
    3.8965000000e+01    2.1315860627e+03
    3.8970000000e+01    2.0636301315e+03
    3.8975000000e+01    2.0076664244e+03
    3.8980000000e+01    1.9633261165e+03
    3.8985000000e+01    1.9304746899e+03
    3.8990000000e+01    1.9091248860e+03
    3.8995000000e+01    1.8993475924e+03
    3.9000000000e+01    1.9011849667e+03
    3.9005000000e+01    1.9145698434e+03
    3.9010000000e+01    1.9392550694e+03
    3.9015000000e+01    1.9747558849e+03
    3.9020000000e+01    2.0203078252e+03
    3.9025000000e+01    2.0748419046e+03
    3.9030000000e+01    2.1369780706e+03
    3.9035000000e+01    2.2050371207e+03
    3.9040000000e+01    2.2770704892e+03
    3.9045000000e+01    2.3509065566e+03
    3.9050000000e+01    2.4242114481e+03
    3.9055000000e+01    2.4945616879e+03
    3.9060000000e+01    2.5595255853e+03
    3.9065000000e+01    2.6167498684e+03
    3.9070000000e+01    2.6640478555e+03
    3.9075000000e+01    2.6994853815e+03
    3.9080000000e+01    2.7214607660e+03
    3.9085000000e+01    2.7287753273e+03
    3.9090000000e+01    2.7206913001e+03
    3.9095000000e+01    2.6969744872e+03
    3.9100000000e+01    2.6579195542e+03
    3.9105000000e+01    2.6043565355e+03
    3.9110000000e+01    2.5376378368e+03
    3.9115000000e+01    2.4596057649e+03
    3.9120000000e+01    2.3725413651e+03
    3.9125000000e+01    2.2790960703e+03
    3.9130000000e+01    2.1822083366e+03
    3.9135000000e+01    2.0850080367e+03
    3.9140000000e+01    1.9907118737e+03
    3.9145000000e+01    1.9025134616e+03
    3.9150000000e+01    1.8234719595e+03
    3.9155000000e+01    1.7564032557e+03
    3.9160000000e+01    1.7037776558e+03
    3.9165000000e+01    1.6676278439e+03
    3.9170000000e+01    1.6494705643e+03
    3.9175000000e+01    1.6502450168e+03
    3.9180000000e+01    1.6702703998e+03
    3.9185000000e+01    1.7092243763e+03
    3.9190000000e+01    1.7661435160e+03
    3.9195000000e+01    1.8394459963e+03
    3.9200000000e+01    1.9269760621e+03
    3.9205000000e+01    2.0260689665e+03
    3.9210000000e+01    2.1336343852e+03
    3.9215000000e+01    2.2462556203e+03
    3.9220000000e+01    2.3603013333e+03
    3.9225000000e+01    2.4720460730e+03
    3.9230000000e+01    2.5777955211e+03
    3.9235000000e+01    2.6740121745e+03
    3.9240000000e+01    2.7574371274e+03
    3.9245000000e+01    2.8252037110e+03
    3.9250000000e+01    2.8749389945e+03
    3.9255000000e+01    2.9048495339e+03
    3.9260000000e+01    2.9137882682e+03
    3.9265000000e+01    2.9013000889e+03
    3.9270000000e+01    2.8676443204e+03
    3.9275000000e+01    2.8137931322e+03
    3.9280000000e+01    2.7414057218e+03
    3.9285000000e+01    2.6527789387e+03
    3.9290000000e+01    2.5507758324e+03
    3.9295000000e+01    2.4387343783e+03
    3.9300000000e+01    2.3203593253e+03
    3.9305000000e+01    2.1996007133e+03
    3.9310000000e+01    2.0805230864e+03
    3.9315000000e+01    1.9671697723e+03
    3.9320000000e+01    1.8634268016e+03
    3.9325000000e+01    1.7728910772e+03
    3.9330000000e+01    1.6987472958e+03
    3.9335000000e+01    1.6436578502e+03
    3.9340000000e+01    1.6096695294e+03
    3.9345000000e+01    1.5981402855e+03
    3.9350000000e+01    1.6096886749e+03
    3.9355000000e+01    1.6441678280e+03
    3.9360000000e+01    1.7006649807e+03
    3.9365000000e+01    1.7775267408e+03
    3.9370000000e+01    1.8724093920e+03
    3.9375000000e+01    1.9823526864e+03
    3.9380000000e+01    2.1038747747e+03
    3.9385000000e+01    2.2330851968e+03
    3.9390000000e+01    2.3658122259e+03
    3.9395000000e+01    2.4977403616e+03
    3.9400000000e+01    2.6245533996e+03
    3.9405000000e+01    2.7420782971e+03
    3.9410000000e+01    2.8464250060e+03
    3.9415000000e+01    2.9341175554e+03
    3.9420000000e+01    3.0022119434e+03
    3.9425000000e+01    3.0483968212e+03
    3.9430000000e+01    3.0710735141e+03
    3.9435000000e+01    3.0694126087e+03
    3.9440000000e+01    3.0433851088e+03
    3.9445000000e+01    2.9937670144e+03
    3.9450000000e+01    2.9221170650e+03
    3.9455000000e+01    2.8307282905e+03
    3.9460000000e+01    2.7225548962e+03
    3.9465000000e+01    2.6011168422e+03
    3.9470000000e+01    2.4703852325e+03
    3.9475000000e+01    2.3346522884e+03
    3.9480000000e+01    2.1983902038e+03
    3.9485000000e+01    2.0661035700e+03
    3.9490000000e+01    1.9421802845e+03
    3.9495000000e+01    1.8307459231e+03
    3.9500000000e+01    1.7355264483e+03
    3.9505000000e+01    1.6597238609e+03
    3.9510000000e+01    1.6059089760e+03
    3.9515000000e+01    1.5759349381e+03
    3.9520000000e+01    1.5708743995e+03
    3.9525000000e+01    1.5909824988e+03
    3.9530000000e+01    1.6356869106e+03
    3.9535000000e+01    1.7036053299e+03
    3.9540000000e+01    1.7925898340e+03
    3.9545000000e+01    1.8997966590e+03
    3.9550000000e+01    2.0217790713e+03
    3.9555000000e+01    2.1546002358e+03
    3.9560000000e+01    2.2939623046e+03
    3.9565000000e+01    2.4353474032e+03
    3.9570000000e+01    2.5741657858e+03
    3.9575000000e+01    2.7059061866e+03
    3.9580000000e+01    2.8262833222e+03
    3.9585000000e+01    2.9313775891e+03
    3.9590000000e+01    3.0177622708e+03
    3.9595000000e+01    3.0826139866e+03
    3.9600000000e+01    3.1238026859e+03
    3.9605000000e+01    3.1399581846e+03
    3.9610000000e+01    3.1305110412e+03
    3.9615000000e+01    3.0957064401e+03
    3.9620000000e+01    3.0365906729e+03
    3.9625000000e+01    2.9549707426e+03
    3.9630000000e+01    2.8533485334e+03
    3.9635000000e+01    2.7348318600e+03
    3.9640000000e+01    2.6030255009e+03
    3.9645000000e+01    2.4619060071e+03
    3.9650000000e+01    2.3156846349e+03
    3.9655000000e+01    2.1686631596e+03
    3.9660000000e+01    2.0250875718e+03
    3.9665000000e+01    1.8890047337e+03
    3.9670000000e+01    1.7641269679e+03
    3.9675000000e+01    1.6537092816e+03
    3.9680000000e+01    1.5604434890e+03
    3.9685000000e+01    1.4863729139e+03
    3.9690000000e+01    1.4328306361e+03
    3.9695000000e+01    1.4004034291e+03
    3.9700000000e+01    1.3889226409e+03
    3.9705000000e+01    1.3974823249e+03
    3.9710000000e+01    1.4244839747e+03
    3.9715000000e+01    1.4677062775e+03
    3.9720000000e+01    1.5243974134e+03
    3.9725000000e+01    1.5913866271e+03
    3.9730000000e+01    1.6652111022e+03
    3.9735000000e+01    1.7422536104e+03
    3.9740000000e+01    1.8188860049e+03
    3.9745000000e+01    1.8916133926e+03
    3.9750000000e+01    1.9572137659e+03
    3.9755000000e+01    2.0128680010e+03
    3.9760000000e+01    2.0562754363e+03
    3.9765000000e+01    2.0857507198e+03
    3.9770000000e+01    2.1002982428e+03
    3.9775000000e+01    2.0996612427e+03
    3.9780000000e+01    2.0843435257e+03
    3.9785000000e+01    2.0556027124e+03
    3.9790000000e+01    2.0154149064e+03
    3.9795000000e+01    1.9664116928e+03
    3.9800000000e+01    1.9117913659e+03
    3.9805000000e+01    1.8552072103e+03
    3.9810000000e+01    1.8006365102e+03
    3.9815000000e+01    1.7522346779e+03
    3.9820000000e+01    1.7141794783e+03
    3.9825000000e+01    1.6905107356e+03
    3.9830000000e+01    1.6849711449e+03
    3.9835000000e+01    1.7008538464e+03
    3.9840000000e+01    1.7408622717e+03
    3.9845000000e+01    1.8069874224e+03
    3.9850000000e+01    1.9004072157e+03
    3.9855000000e+01    2.0214118389e+03
    3.9860000000e+01    2.1693582176e+03
    3.9865000000e+01    2.3426557509e+03
    3.9870000000e+01    2.5387844257e+03
    3.9875000000e+01    2.7543453348e+03
    3.9880000000e+01    2.9851425161e+03
    3.9885000000e+01    3.2262939492e+03
    3.9890000000e+01    3.4723685201e+03
    3.9895000000e+01    3.7175448383e+03
    3.9900000000e+01    3.9557869860e+03
    3.9905000000e+01    4.1810316327e+03
    3.9910000000e+01    4.3873804804e+03
    3.9915000000e+01    4.5692917328e+03
    3.9920000000e+01    4.7217642175e+03
    3.9925000000e+01    4.8405079396e+03
    3.9930000000e+01    4.9220952023e+03
    3.9935000000e+01    4.9640869878e+03
    3.9940000000e+01    4.9651300372e+03
    3.9945000000e+01    4.9250209661e+03
    3.9950000000e+01    4.8447347932e+03
    3.9955000000e+01    4.7264163914e+03
    3.9960000000e+01    4.5733345728e+03
    3.9965000000e+01    4.3897997377e+03
    3.9970000000e+01    4.1810472292e+03
    3.9975000000e+01    3.9530896808e+03
    3.9980000000e+01    3.7125427035e+03
    3.9985000000e+01    3.4664291793e+03
    3.9990000000e+01    3.2219681939e+03
    3.9995000000e+01    2.9863552106e+03
    4.0000000000e+01    2.7665404500e+03
    4.0005000000e+01    2.5690125789e+03
    4.0010000000e+01    2.3995947159e+03
    4.0015000000e+01    2.2632594402e+03
    4.0020000000e+01    2.1639689421e+03
    4.0025000000e+01    2.1045457018e+03
    4.0030000000e+01    2.0865781512e+03
    4.0035000000e+01    2.1103646786e+03
    4.0040000000e+01    2.1748981306e+03
    4.0045000000e+01    2.2778916717e+03
    4.0050000000e+01    2.4158455318e+03
    4.0055000000e+01    2.5841528419e+03
    4.0060000000e+01    2.7772414782e+03
    4.0065000000e+01    2.9887476402e+03
    4.0070000000e+01    3.2117158255e+03
    4.0075000000e+01    3.4388189637e+03
    4.0080000000e+01    3.6625917671e+03
    4.0085000000e+01    3.8756698740e+03
    4.0090000000e+01    4.0710271094e+03
    4.0095000000e+01    4.2422031947e+03
    4.0100000000e+01    4.3835144827e+03
    4.0105000000e+01    4.4902407938e+03
    4.0110000000e+01    4.5587821489e+03
    4.0115000000e+01    4.5867801259e+03
    4.0120000000e+01    4.5731996797e+03
    4.0125000000e+01    4.5183685142e+03
    4.0130000000e+01    4.4239724562e+03
    4.0135000000e+01    4.2930066982e+03
    4.0140000000e+01    4.1296842112e+03
    4.0145000000e+01    3.9393040291e+03
    4.0150000000e+01    3.7280834316e+03
    4.0155000000e+01    3.5029592544e+03
    4.0160000000e+01    3.2713645967e+03
    4.0165000000e+01    3.0409880415e+03
    4.0170000000e+01    2.8195231206e+03
    4.0175000000e+01    2.6144161305e+03
    4.0180000000e+01    2.4326205131e+03
    4.0185000000e+01    2.2803658596e+03
    4.0190000000e+01    2.1629491740e+03
    4.0195000000e+01    2.0845553611e+03
    4.0200000000e+01    2.0481129983e+03
    4.0205000000e+01    2.0551903429e+03
    4.0210000000e+01    2.1059352471e+03
    4.0215000000e+01    2.1990612459e+03
    4.0220000000e+01    2.3318805938e+03
    4.0225000000e+01    2.5003834941e+03
    4.0230000000e+01    2.6993612559e+03
    4.0235000000e+01    2.9225696571e+03
    4.0240000000e+01    3.1629274551e+03
    4.0245000000e+01    3.4127437982e+03
    4.0250000000e+01    3.6639673006e+03
    4.0255000000e+01    3.9084487812e+03
    4.0260000000e+01    4.1382091610e+03
    4.0265000000e+01    4.3457037756e+03
    4.0270000000e+01    4.5240744146e+03
    4.0275000000e+01    4.6673807291e+03
    4.0280000000e+01    4.7708032585e+03
    4.0285000000e+01    4.8308111947e+03
    4.0290000000e+01    4.8452890984e+03
    4.0295000000e+01    4.8136180774e+03
    4.0300000000e+01    4.7367083894e+03
    4.0305000000e+01    4.6169819948e+03
    4.0310000000e+01    4.4583052063e+03
    4.0315000000e+01    4.2658732199e+03
    4.0320000000e+01    4.0460498945e+03
    4.0325000000e+01    3.8061676434e+03
    4.0330000000e+01    3.5542936463e+03
    4.0335000000e+01    3.2989697462e+03
    4.0340000000e+01    3.0489343223e+03
    4.0345000000e+01    2.8128350958e+03
    4.0350000000e+01    2.5989422037e+03
    4.0355000000e+01    2.4148709563e+03
    4.0360000000e+01    2.2673234664e+03
    4.0365000000e+01    2.1618578123e+03
    4.0370000000e+01    2.1026925834e+03
    4.0375000000e+01    2.0925535802e+03
    4.0380000000e+01    2.1325681342e+03
    4.0385000000e+01    2.2222110162e+03
    4.0390000000e+01    2.3593042630e+03
    4.0395000000e+01    2.5400715170e+03
    4.0400000000e+01    2.7592457056e+03
    4.0405000000e+01    3.0102271384e+03
    4.0410000000e+01    3.2852874242e+03
    4.0415000000e+01    3.5758130690e+03
    4.0420000000e+01    3.8725812559e+03
    4.0425000000e+01    4.1660591716e+03
    4.0430000000e+01    4.4467173799e+03
    4.0435000000e+01    4.7053471709e+03
    4.0440000000e+01    4.9333715601e+03
    4.0445000000e+01    5.1231396921e+03
    4.0450000000e+01    5.2681948066e+03
    4.0455000000e+01    5.3635066569e+03
    4.0460000000e+01    5.4056602980e+03
    4.0465000000e+01    5.3929944629e+03
    4.0470000000e+01    5.3256842829e+03
    4.0475000000e+01    5.2057648273e+03
    4.0480000000e+01    5.0370937952e+03
    4.0485000000e+01    4.8252536282e+03
    4.0490000000e+01    4.5773952613e+03
    4.0495000000e+01    4.3020276380e+03
    4.0500000000e+01    4.0087589198e+03
    4.0505000000e+01    3.7079969547e+03
    4.0510000000e+01    3.4106179995e+03
    4.0515000000e+01    3.1276138454e+03
    4.0520000000e+01    2.8697283577e+03
    4.0525000000e+01    2.6470949631e+03
    4.0530000000e+01    2.4688867912e+03
    4.0535000000e+01    2.3429909859e+03
    4.0540000000e+01    2.2757181481e+03
    4.0545000000e+01    2.2715569739e+03
    4.0550000000e+01    2.3329829251e+03
    4.0555000000e+01    2.4603282535e+03
    4.0560000000e+01    2.6517189375e+03
    4.0565000000e+01    2.9030821282e+03
    4.0570000000e+01    3.2082256025e+03
    4.0575000000e+01    3.5589885435e+03
    4.0580000000e+01    3.9454607801e+03
    4.0585000000e+01    4.3562654812e+03
    4.0590000000e+01    4.7788982840e+03
    4.0595000000e+01    5.2001139984e+03
    4.0600000000e+01    5.6063504328e+03
    4.0605000000e+01    5.9841775705e+03
    4.0610000000e+01    6.3207593465e+03
    4.0615000000e+01    6.6043146517e+03
    4.0620000000e+01    6.8245639515e+03
    4.0625000000e+01    6.9731480614e+03
    4.0630000000e+01    7.0440061703e+03
    4.0635000000e+01    7.0337011269e+03
    4.0640000000e+01    6.9416812875e+03
    4.0645000000e+01    6.7704698282e+03
    4.0650000000e+01    6.5257743019e+03
    4.0655000000e+01    6.2165113294e+03
    4.0660000000e+01    5.8547435820e+03
    4.0665000000e+01    5.4555285862e+03
    4.0670000000e+01    5.0366812904e+03
    4.0675000000e+01    4.6184547037e+03
    4.0680000000e+01    4.2231451952e+03
    4.0685000000e+01    3.8746311464e+03
    4.0690000000e+01    3.5978555346e+03
    4.0695000000e+01    3.4182646332e+03
    4.0700000000e+01    3.3612162955e+03
    4.0705000000e+01    3.4513722158e+03
    4.0710000000e+01    3.7120891029e+03
    4.0715000000e+01    4.1648238438e+03
    4.0720000000e+01    4.8285674790e+03
    4.0725000000e+01    5.7193221571e+03
    4.0730000000e+01    6.8496342165e+03
    4.0735000000e+01    8.2281951702e+03
    4.0740000000e+01    9.8595207002e+03
    4.0745000000e+01    1.1743715836e+04
    4.0750000000e+01    1.3876332367e+04
    4.0755000000e+01    1.6248322246e+04
    4.0760000000e+01    1.8846088417e+04
    4.0765000000e+01    2.1651632086e+04
    4.0770000000e+01    2.4642793180e+04
    4.0775000000e+01    2.7793578467e+04
    4.0780000000e+01    3.1074569822e+04
    4.0785000000e+01    3.4453403247e+04
    4.0790000000e+01    3.7895307718e+04
    4.0795000000e+01    4.1363691655e+04
    4.0800000000e+01    4.4820763879e+04
    4.0805000000e+01    4.8228175351e+04
    4.0810000000e+01    5.1547667716e+04
    4.0815000000e+01    5.4741714848e+04
    4.0820000000e+01    5.7774144004e+04
    4.0825000000e+01    6.0610724020e+04
    4.0830000000e+01    6.3219709021e+04
    4.0835000000e+01    6.5572327472e+04
    4.0840000000e+01    6.7643207898e+04
    4.0845000000e+01    6.9410734345e+04
    4.0850000000e+01    7.0857326410e+04
    4.0855000000e+01    7.1969640603e+04
    4.0860000000e+01    7.2738691607e+04
    4.0865000000e+01    7.3159893915e+04
    4.0870000000e+01    7.3233026001e+04
    4.0875000000e+01    7.2962120834e+04
    4.0880000000e+01    7.2355287970e+04
    4.0885000000e+01    7.1424473697e+04
    4.0890000000e+01    7.0185166726e+04
    4.0895000000e+01    6.8656057685e+04
    4.0900000000e+01    6.6858661207e+04
    4.0905000000e+01    6.4816909678e+04
    4.0910000000e+01    6.2556727728e+04
    4.0915000000e+01    6.0105596379e+04
    4.0920000000e+01    5.7492115328e+04
    4.0925000000e+01    5.4745571299e+04
    4.0930000000e+01    5.1895519620e+04
    4.0935000000e+01    4.8971385364e+04
    4.0940000000e+01    4.6002089412e+04
    4.0945000000e+01    4.3015703856e+04
    4.0950000000e+01    4.0039140106e+04
    4.0955000000e+01    3.7097872110e+04
    4.0960000000e+01    3.4215696139e+04
    4.0965000000e+01    3.1414527735e+04
    4.0970000000e+01    2.8714235621e+04
    4.0975000000e+01    2.6132511731e+04
    4.0980000000e+01    2.3684775960e+04
    4.0985000000e+01    2.1384113809e+04
    4.0990000000e+01    1.9241244813e+04
    4.0995000000e+01    1.7264519468e+04
    4.1000000000e+01    1.5459942272e+04
    4.1005000000e+01    1.3831218582e+04
    4.1010000000e+01    1.2379823028e+04
    4.1015000000e+01    1.1105087433e+04
    4.1020000000e+01    1.0004306370e+04
    4.1025000000e+01    9.0728587063e+03
    4.1030000000e+01    8.3043436921e+03
    4.1035000000e+01    7.6907303405e+03
    4.1040000000e+01    7.2225189929e+03
    4.1045000000e+01    6.8889140517e+03
    4.1050000000e+01    6.6780068945e+03
    4.1055000000e+01    6.5769679402e+03
    4.1060000000e+01    6.5722467288e+03
    4.1065000000e+01    6.6497786976e+03
    4.1070000000e+01    6.7951970992e+03
    4.1075000000e+01    6.9940482241e+03
    4.1080000000e+01    7.2320077712e+03
    4.1085000000e+01    7.4950958839e+03
    4.1090000000e+01    7.7698880380e+03
    4.1095000000e+01    8.0437186760e+03
    4.1100000000e+01    8.3048742306e+03
    4.1105000000e+01    8.5427719982e+03
    4.1110000000e+01    8.7481212348e+03
    4.1115000000e+01    8.9130628547e+03
    4.1120000000e+01    9.0312842430e+03
    4.1125000000e+01    9.0981059444e+03
    4.1130000000e+01    9.1105373738e+03
    4.1135000000e+01    9.0672992044e+03
    4.1140000000e+01    8.9688107160e+03
    4.1145000000e+01    8.8171411281e+03
    4.1150000000e+01    8.6159247680e+03
    4.1155000000e+01    8.3702408280e+03
    4.1160000000e+01    8.0864594031e+03
    4.1165000000e+01    7.7720564626e+03
    4.1170000000e+01    7.4354013476e+03
    4.1175000000e+01    7.0855212794e+03
    4.1180000000e+01    6.7318481744e+03
    4.1185000000e+01    6.3839537585e+03
    4.1190000000e+01    6.0512795327e+03
    4.1195000000e+01    5.7428685265e+03
    4.1200000000e+01    5.4671059822e+03
    4.1205000000e+01    5.2314761066e+03
    4.1210000000e+01    5.0423418136e+03
    4.1215000000e+01    4.9047539474e+03
    4.1220000000e+01    4.8222958392e+03
    4.1225000000e+01    4.7969682014e+03
    4.1230000000e+01    4.8291183503e+03
    4.1235000000e+01    4.9174165639e+03
    4.1240000000e+01    5.0588810858e+03
    4.1245000000e+01    5.2489518980e+03
    4.1250000000e+01    5.4816119510e+03
    4.1255000000e+01    5.7495531061e+03
    4.1260000000e+01    6.0443826487e+03
    4.1265000000e+01    6.3568649287e+03
    4.1270000000e+01    6.6771915085e+03
    4.1275000000e+01    6.9952721973e+03
    4.1280000000e+01    7.3010385575e+03
    4.1285000000e+01    7.5847509148e+03
    4.1290000000e+01    7.8372996109e+03
    4.1295000000e+01    8.0504912294e+03
    4.1300000000e+01    8.2173107952e+03
    4.1305000000e+01    8.3321515123e+03
    4.1310000000e+01    8.3910044353e+03
    4.1315000000e+01    8.3916015616e+03
    4.1320000000e+01    8.3335071457e+03
    4.1325000000e+01    8.2181535426e+03
    4.1330000000e+01    8.0488195397e+03
    4.1335000000e+01    7.8305508892e+03
    4.1340000000e+01    7.5700245459e+03
    4.1345000000e+01    7.2753599024e+03
    4.1350000000e+01    6.9558820313e+03
    4.1355000000e+01    6.6218435366e+03
    4.1360000000e+01    6.2841130382e+03
    4.1365000000e+01    5.9538395039e+03
    4.1370000000e+01    5.6421025736e+03
    4.1375000000e+01    5.3595596430e+03
    4.1380000000e+01    5.1161007748e+03
    4.1385000000e+01    4.9205224593e+03
    4.1390000000e+01    4.7802308503e+03
    4.1395000000e+01    4.7009843697e+03
    4.1400000000e+01    4.6866845068e+03
    4.1405000000e+01    4.7392222789e+03
    4.1410000000e+01    4.8583861935e+03
    4.1415000000e+01    5.0418357163e+03
    4.1420000000e+01    5.2851422471e+03
    4.1425000000e+01    5.5818975042e+03
    4.1430000000e+01    5.9238870829e+03
    4.1435000000e+01    6.3013248451e+03
    4.1440000000e+01    6.7031417886e+03
    4.1445000000e+01    7.1173211995e+03
    4.1450000000e+01    7.5312702689e+03
    4.1455000000e+01    7.9322170154e+03
    4.1460000000e+01    8.3076203390e+03
    4.1465000000e+01    8.6455803866e+03
    4.1470000000e+01    8.9352361496e+03
    4.1475000000e+01    9.1671373736e+03
    4.1480000000e+01    9.3335784156e+03
    4.1485000000e+01    9.4288826573e+03
    4.1490000000e+01    9.4496274186e+03
    4.1495000000e+01    9.3948010067e+03
    4.1500000000e+01    9.2658855131e+03
    4.1505000000e+01    9.0668611954e+03
    4.1510000000e+01    8.8041306759e+03
    4.1515000000e+01    8.4863636862e+03
    4.1520000000e+01    8.1242656133e+03
    4.1525000000e+01    7.7302755752e+03
    4.1530000000e+01    7.3182020956e+03
    4.1535000000e+01    6.9028065871e+03
    4.1540000000e+01    6.4993467104e+03
    4.1545000000e+01    6.1230932022e+03
    4.1550000000e+01    5.7888348923e+03
    4.1555000000e+01    5.5103873264e+03
    4.1560000000e+01    5.3001206414e+03
    4.1565000000e+01    5.1685220910e+03
    4.1570000000e+01    5.1238078863e+03
    4.1575000000e+01    5.1715978214e+03
    4.1580000000e+01    5.3146645089e+03
    4.1585000000e+01    5.5527670221e+03
    4.1590000000e+01    5.8825763548e+03
    4.1595000000e+01    6.2976974605e+03
    4.1600000000e+01    6.7887897741e+03
    4.1605000000e+01    7.3437851508e+03
    4.1610000000e+01    7.9481991532e+03
    4.1615000000e+01    8.5855286810e+03
    4.1620000000e+01    9.2377261486e+03
    4.1625000000e+01    9.8857378673e+03
    4.1630000000e+01    1.0510092058e+04
    4.1635000000e+01    1.1091520081e+04
    4.1640000000e+01    1.1611593089e+04
    4.1645000000e+01    1.2053355409e+04
    4.1650000000e+01    1.2401935647e+04
    4.1655000000e+01    1.2645116676e+04
    4.1660000000e+01    1.2773846472e+04
    4.1665000000e+01    1.2782673057e+04
    4.1670000000e+01    1.2670088653e+04
    4.1675000000e+01    1.2438770433e+04
    4.1680000000e+01    1.2095707967e+04
    4.1685000000e+01    1.1652210520e+04
    4.1690000000e+01    1.1123790628e+04
    4.1695000000e+01    1.0529923855e+04
    4.1700000000e+01    9.8936881232e+03
    4.1705000000e+01    9.2412895181e+03
    4.1710000000e+01    8.6014847666e+03
    4.1715000000e+01    8.0049137094e+03
    4.1720000000e+01    7.4833578377e+03
    4.1725000000e+01    7.0689433209e+03
    4.1730000000e+01    6.7933088127e+03
    4.1735000000e+01    6.6867596449e+03
    4.1740000000e+01    6.7774307468e+03
    4.1745000000e+01    7.0904807504e+03
    4.1750000000e+01    7.6473392300e+03
    4.1755000000e+01    8.4650279090e+03
    4.1760000000e+01    9.5555749562e+03
    4.1765000000e+01    1.0925539243e+04
    4.1770000000e+01    1.2575658695e+04
    4.1775000000e+01    1.4500633724e+04
    4.1780000000e+01    1.6689053256e+04
    4.1785000000e+01    1.9123467165e+04
    4.1790000000e+01    2.1780605096e+04
    4.1795000000e+01    2.4631737820e+04
    4.1800000000e+01    2.7643173475e+04
    4.1805000000e+01    3.0776877520e+04
    4.1810000000e+01    3.3991201896e+04
    4.1815000000e+01    3.7241706057e+04
    4.1820000000e+01    4.0482050029e+04
    4.1825000000e+01    4.3664937831e+04
    4.1830000000e+01    4.6743088207e+04
    4.1835000000e+01    4.9670208980e+04
    4.1840000000e+01    5.2401951232e+04
    4.1845000000e+01    5.4896820130e+04
    4.1850000000e+01    5.7117020394e+04
    4.1855000000e+01    5.9029216191e+04
    4.1860000000e+01    6.0605187559e+04
    4.1865000000e+01    6.1822368232e+04
    4.1870000000e+01    6.2664252915e+04
    4.1875000000e+01    6.3120665495e+04
    4.1880000000e+01    6.3187883351e+04
    4.1885000000e+01    6.2868616654e+04
    4.1890000000e+01    6.2171845297e+04
    4.1895000000e+01    6.1112519704e+04
    4.1900000000e+01    5.9711135185e+04
    4.1905000000e+01    5.7993192588e+04
    4.1910000000e+01    5.5988560720e+04
    4.1915000000e+01    5.3730758249e+04
    4.1920000000e+01    5.1256174527e+04
    4.1925000000e+01    4.8603249961e+04
    4.1930000000e+01    4.5811637123e+04
    4.1935000000e+01    4.2921363816e+04
    4.1940000000e+01    3.9972018702e+04
    4.1945000000e+01    3.7001978996e+04
    4.1950000000e+01    3.4047698049e+04
    4.1955000000e+01    3.1143068556e+04
    4.1960000000e+01    2.8318874644e+04
    4.1965000000e+01    2.5602343271e+04
    4.1970000000e+01    2.3016802385e+04
    4.1975000000e+01    2.0581450102e+04
    4.1980000000e+01    1.8311236032e+04
    4.1985000000e+01    1.6216852711e+04
    4.1990000000e+01    1.4304832153e+04
    4.1995000000e+01    1.2577739786e+04
    4.2000000000e+01    1.1034455608e+04
    4.2005000000e+01    9.6705303195e+03
    4.2010000000e+01    8.4786025718e+03
    4.2015000000e+01    7.4488622940e+03
    4.2020000000e+01    6.5695443526e+03
    4.2025000000e+01    5.8274366256e+03
    4.2030000000e+01    5.2083868506e+03
    4.2035000000e+01    4.6977933622e+03
    4.2040000000e+01    4.2810660227e+03
    4.2045000000e+01    3.9440452054e+03
    4.2050000000e+01    3.6733685798e+03
    4.2055000000e+01    3.4567775798e+03
    4.2060000000e+01    3.2833577511e+03
    4.2065000000e+01    3.1437095894e+03
    4.2070000000e+01    3.0300489116e+03
    4.2075000000e+01    2.9362381819e+03
    4.2080000000e+01    2.8577524503e+03
    4.2085000000e+01    2.7915856063e+03
    4.2090000000e+01    2.7361044193e+03
    4.2095000000e+01    2.6908593023e+03
    4.2100000000e+01    2.6563618377e+03
    4.2105000000e+01    2.6338398301e+03
    4.2110000000e+01    2.6249809777e+03
    4.2115000000e+01    2.6316761855e+03
    4.2120000000e+01    2.6557730926e+03
    4.2125000000e+01    2.6988495715e+03
    4.2130000000e+01    2.7620158272e+03
    4.2135000000e+01    2.8457523110e+03
    4.2140000000e+01    2.9497890351e+03
    4.2145000000e+01    3.0730300877e+03
    4.2150000000e+01    3.2135252609e+03
    4.2155000000e+01    3.3684888032e+03
    4.2160000000e+01    3.5343634387e+03
    4.2165000000e+01    3.7069260433e+03
    4.2170000000e+01    3.8814297769e+03
    4.2175000000e+01    4.0527761063e+03
    4.2180000000e+01    4.2157090553e+03
    4.2185000000e+01    4.3650232218e+03
    4.2190000000e+01    4.4957766341e+03
    4.2195000000e+01    4.6034993909e+03
    4.2200000000e+01    4.6843892402e+03
    4.2205000000e+01    4.7354857987e+03
    4.2210000000e+01    4.7548159590e+03
    4.2215000000e+01    4.7415041581e+03
    4.2220000000e+01    4.6958425361e+03
    4.2225000000e+01    4.6193175495e+03
    4.2230000000e+01    4.5145912670e+03
    4.2235000000e+01    4.3854373005e+03
    4.2240000000e+01    4.2366330539e+03
    4.2245000000e+01    4.0738116400e+03
    4.2250000000e+01    3.9032783662e+03
    4.2255000000e+01    3.7317980619e+03
    4.2260000000e+01    3.5663606723e+03
    4.2265000000e+01    3.4139334252e+03
    4.2270000000e+01    3.2812084666e+03
    4.2275000000e+01    3.1743551272e+03
    4.2280000000e+01    3.0987859212e+03
    4.2285000000e+01    3.0589449909e+03
    4.2290000000e+01    3.0581270050e+03
    4.2295000000e+01    3.0983335228e+03
    4.2300000000e+01    3.1801725829e+03
    4.2305000000e+01    3.3028058050e+03
    4.2310000000e+01    3.4639456602e+03
    4.2315000000e+01    3.6599038202e+03
    4.2320000000e+01    3.8856897086e+03
    4.2325000000e+01    4.1351565941e+03
    4.2330000000e+01    4.4011908691e+03
    4.2335000000e+01    4.6759385847e+03
    4.2340000000e+01    4.9510619386e+03
    4.2345000000e+01    5.2180172743e+03
    4.2350000000e+01    5.4683452891e+03
    4.2355000000e+01    5.6939636058e+03
    4.2360000000e+01    5.8874516468e+03
    4.2365000000e+01    6.0423178804e+03
    4.2370000000e+01    6.1532399812e+03
    4.2375000000e+01    6.2162692450e+03
    4.2380000000e+01    6.2289917053e+03
    4.2385000000e+01    6.1906397708e+03
    4.2390000000e+01    6.1021498048e+03
    4.2395000000e+01    5.9661628386e+03
    4.2400000000e+01    5.7869675035e+03
    4.2405000000e+01    5.5703862037e+03
    4.2410000000e+01    5.3236074881e+03
    4.2415000000e+01    5.0549694292e+03
    4.2420000000e+01    4.7737005343e+03
    4.2425000000e+01    4.4896262324e+03
    4.2430000000e+01    4.2128502464e+03
    4.2435000000e+01    3.9534211327e+03
    4.2440000000e+01    3.7209949127e+03
    4.2445000000e+01    3.5245050093e+03
    4.2450000000e+01    3.3718506169e+03
    4.2455000000e+01    3.2696141876e+03
    4.2460000000e+01    3.2228179038e+03
    4.2465000000e+01    3.2347278649e+03
    4.2470000000e+01    3.3067132678e+03
    4.2475000000e+01    3.4381661570e+03
    4.2480000000e+01    3.6264854084e+03
    4.2485000000e+01    3.8671265589e+03
    4.2490000000e+01    4.1537169538e+03
    4.2495000000e+01    4.4782335401e+03
    4.2500000000e+01    4.8312385425e+03
    4.2505000000e+01    5.2021662934e+03
    4.2510000000e+01    5.5796527153e+03
    4.2515000000e+01    5.9518974300e+03
    4.2520000000e+01    6.3070472408e+03
    4.2525000000e+01    6.6335888620e+03
    4.2530000000e+01    6.9207382582e+03
    4.2535000000e+01    7.1588138565e+03
    4.2540000000e+01    7.3395811867e+03
    4.2545000000e+01    7.4565572085e+03
    4.2550000000e+01    7.5052636631e+03
    4.2555000000e+01    7.4834202252e+03
    4.2560000000e+01    7.3910699805e+03
    4.2565000000e+01    7.2306317698e+03
    4.2570000000e+01    7.0068761547e+03
    4.2575000000e+01    6.7268241196e+03
    4.2580000000e+01    6.3995700464e+03
    4.2585000000e+01    6.0360329149e+03
    4.2590000000e+01    5.6486420203e+03
    4.2595000000e+01    5.2509656830e+03
    4.2600000000e+01    4.8572933926e+03
    4.2605000000e+01    4.4821835096e+03
    4.2610000000e+01    4.1399899943e+03
    4.2615000000e+01    3.8443826031e+03
    4.2620000000e+01    3.6078755406e+03
    4.2625000000e+01    3.4413796766e+03
    4.2630000000e+01    3.3537931121e+03
    4.2635000000e+01    3.3516441102e+03
    4.2640000000e+01    3.4387992259e+03
    4.2645000000e+01    3.6162478820e+03
    4.2650000000e+01    3.8819727126e+03
    4.2655000000e+01    4.2309127577e+03
    4.2660000000e+01    4.6550241206e+03
    4.2665000000e+01    5.1434400511e+03
    4.2670000000e+01    5.6827296671e+03
    4.2675000000e+01    6.2572517480e+03
    4.2680000000e+01    6.8495973055e+03
    4.2685000000e+01    7.4411120321e+03
    4.2690000000e+01    8.0124873123e+03
    4.2695000000e+01    8.5444063342e+03
    4.2700000000e+01    9.0182300034e+03
    4.2705000000e+01    9.4167058964e+03
    4.2710000000e+01    9.7246824383e+03
    4.2715000000e+01    9.9298098681e+03
    4.2720000000e+01    1.0023209394e+04
    4.2725000000e+01    1.0000092240e+04
    4.2730000000e+01    9.8603110288e+03
    4.2735000000e+01    9.6088271494e+03
    4.2740000000e+01    9.2560793313e+03
    4.2745000000e+01    8.8182406256e+03
    4.2750000000e+01    8.3173532682e+03
    4.2755000000e+01    7.7813334486e+03
    4.2760000000e+01    7.2438407624e+03
    4.2765000000e+01    6.7440100179e+03
    4.2770000000e+01    6.3260460326e+03
    4.2775000000e+01    6.0386850325e+03
    4.2780000000e+01    5.9345291761e+03
    4.2785000000e+01    6.0692635201e+03
    4.2790000000e+01    6.5007673488e+03
    4.2795000000e+01    7.2881341686e+03
    4.2800000000e+01    8.4906167544e+03
    4.2805000000e+01    1.0166515412e+04
    4.2810000000e+01    1.2372029030e+04
    4.2815000000e+01    1.5160089554e+04
    4.2820000000e+01    1.8579201138e+04
    4.2825000000e+01    2.2672305520e+04
    4.2830000000e+01    2.7475695004e+04
    4.2835000000e+01    3.3017993911e+04
    4.2840000000e+01    3.9319228480e+04
    4.2845000000e+01    4.6390003947e+04
    4.2850000000e+01    5.4230805969e+04
    4.2855000000e+01    6.2831441721e+04
    4.2860000000e+01    7.2170633877e+04
    4.2865000000e+01    8.2215778371e+04
    4.2870000000e+01    9.2922874329e+04
    4.2875000000e+01    1.0423663192e+05
    4.2880000000e+01    1.1609076113e+05
    4.2885000000e+01    1.2840844169e+05
    4.2890000000e+01    1.4110297145e+05
    4.2895000000e+01    1.5407858786e+05
    4.2900000000e+01    1.6723145423e+05
    4.2905000000e+01    1.8045079997e+05
    4.2910000000e+01    1.9362020121e+05
    4.2915000000e+01    2.0661898601e+05
    4.2920000000e+01    2.1932374591e+05
    4.2925000000e+01    2.3160993368e+05
    4.2930000000e+01    2.4335352520e+05
    4.2935000000e+01    2.5443272193e+05
    4.2940000000e+01    2.6472966920e+05
    4.2945000000e+01    2.7413216448e+05
    4.2950000000e+01    2.8253532923e+05
    4.2955000000e+01    2.8984321789e+05
    4.2960000000e+01    2.9597033728e+05
    4.2965000000e+01    3.0084305064e+05
    4.2970000000e+01    3.0440084131e+05
    4.2975000000e+01    3.0659741227e+05
    4.2980000000e+01    3.0740159990e+05
    4.2985000000e+01    3.0679808214e+05
    4.2990000000e+01    3.0478786432e+05
    4.2995000000e+01    3.0138852842e+05
    4.3000000000e+01    2.9663423546e+05
    4.3005000000e+01    2.9057547403e+05
    4.3010000000e+01    2.8327855229e+05
    4.3015000000e+01    2.7482483486e+05
    4.3020000000e+01    2.6530973062e+05
    4.3025000000e+01    2.5484144171e+05
    4.3030000000e+01    2.4353948900e+05
    4.3035000000e+01    2.3153303339e+05
    4.3040000000e+01    2.1895901695e+05
    4.3045000000e+01    2.0596015173e+05
    4.3050000000e+01    1.9268278806e+05
    4.3055000000e+01    1.7927469722e+05
    4.3060000000e+01    1.6588280632e+05
    4.3065000000e+01    1.5265092501e+05
    4.3070000000e+01    1.3971750542e+05
    4.3075000000e+01    1.2721347696e+05
    4.3080000000e+01    1.1526019772e+05
    4.3085000000e+01    1.0396756286e+05
    4.3090000000e+01    9.3432308507e+04
    4.3095000000e+01    8.3736546751e+04
    4.3100000000e+01    7.4946563714e+04
    4.3105000000e+01    6.7111907872e+04
    4.3110000000e+01    6.0264790709e+04
    4.3115000000e+01    5.4419815676e+04
    4.3120000000e+01    4.9574044941e+04
    4.3125000000e+01    4.5707406426e+04
    4.3130000000e+01    4.2783436420e+04
    4.3135000000e+01    4.0750345675e+04
    4.3140000000e+01    3.9542389604e+04
    4.3145000000e+01    3.9081516125e+04
    4.3150000000e+01    3.9279258037e+04
    4.3155000000e+01    4.0038830715e+04
    4.3160000000e+01    4.1257390624e+04
    4.3165000000e+01    4.2828405693e+04
    4.3170000000e+01    4.4644085251e+04
    4.3175000000e+01    4.6597815009e+04
    4.3180000000e+01    4.8586541630e+04
    4.3185000000e+01    5.0513051789e+04
    4.3190000000e+01    5.2288092371e+04
    4.3195000000e+01    5.3832281468e+04
    4.3200000000e+01    5.5077764275e+04
    4.3205000000e+01    5.5969573517e+04
    4.3210000000e+01    5.6466660817e+04
    4.3215000000e+01    5.6542573074e+04
    4.3220000000e+01    5.6185756473e+04
    4.3225000000e+01    5.5399479816e+04
    4.3230000000e+01    5.4201378411e+04
    4.3235000000e+01    5.2622629360e+04
    4.3240000000e+01    5.0706778675e+04
    4.3245000000e+01    4.8508249790e+04
    4.3250000000e+01    4.6090571663e+04
    4.3255000000e+01    4.3524372359e+04
    4.3260000000e+01    4.0885190663e+04
    4.3265000000e+01    3.8251163674e+04
    4.3270000000e+01    3.5700652206e+04
    4.3275000000e+01    3.3309868220e+04
    4.3280000000e+01    3.1150569105e+04
    4.3285000000e+01    2.9287882580e+04
    4.3290000000e+01    2.7778323126e+04
    4.3295000000e+01    2.6668056330e+04
    4.3300000000e+01    2.5991461342e+04
    4.3305000000e+01    2.5770034026e+04
    4.3310000000e+01    2.6011664413e+04
    4.3315000000e+01    2.6710312054e+04
    4.3320000000e+01    2.7846091998e+04
    4.3325000000e+01    2.9385772732e+04
    4.3330000000e+01    3.1283675788e+04
    4.3335000000e+01    3.3482955174e+04
    4.3340000000e+01    3.5917223652e+04
    4.3345000000e+01    3.8512482489e+04
    4.3350000000e+01    4.1189301953e+04
    4.3355000000e+01    4.3865191799e+04
    4.3360000000e+01    4.6457094544e+04
    4.3365000000e+01    4.8883929692e+04
    4.3370000000e+01    5.1069114399e+04
    4.3375000000e+01    5.2942985479e+04
    4.3380000000e+01    5.4445049231e+04
    4.3385000000e+01    5.5525989271e+04
    4.3390000000e+01    5.6149368390e+04
    4.3395000000e+01    5.6292968195e+04
    4.3400000000e+01    5.5949719921e+04
    4.3405000000e+01    5.5128190875e+04
    4.3410000000e+01    5.3852603408e+04
    4.3415000000e+01    5.2162376618e+04
    4.3420000000e+01    5.0111194932e+04
    4.3425000000e+01    4.7765621776e+04
    4.3430000000e+01    4.5203290471e+04
    4.3435000000e+01    4.2510717720e+04
    4.3440000000e+01    3.9780797303e+04
    4.3445000000e+01    3.7110042449e+04
    4.3450000000e+01    3.4595654419e+04
    4.3455000000e+01    3.2332501884e+04
    4.3460000000e+01    3.0410100399e+04
    4.3465000000e+01    2.8909683481e+04
    4.3470000000e+01    2.7901456401e+04
    4.3475000000e+01    2.7442120656e+04
    4.3480000000e+01    2.7572751358e+04
    4.3485000000e+01    2.8317101382e+04
    4.3490000000e+01    2.9680395421e+04
    4.3495000000e+01    3.1648664160e+04
    4.3500000000e+01    3.4188654103e+04
    4.3505000000e+01    3.7248332398e+04
    4.3510000000e+01    4.0757988783e+04
    4.3515000000e+01    4.4631919070e+04
    4.3520000000e+01    4.8770656732e+04
    4.3525000000e+01    5.3063701823e+04
    4.3530000000e+01    5.7392680080e+04
    4.3535000000e+01    6.1634850133e+04
    4.3540000000e+01    6.5666863806e+04
    4.3545000000e+01    6.9368673885e+04
    4.3550000000e+01    7.2627475903e+04
    4.3555000000e+01    7.5341565728e+04
    4.3560000000e+01    7.7423993230e+04
    4.3565000000e+01    7.8805894280e+04
    4.3570000000e+01    7.9439388766e+04
    4.3575000000e+01    7.9299941165e+04
    4.3580000000e+01    7.8388092425e+04
    4.3585000000e+01    7.6730487085e+04
    4.3590000000e+01    7.4380137574e+04
    4.3595000000e+01    7.1415887823e+04
    4.3600000000e+01    6.7941060436e+04
    4.3605000000e+01    6.4081294954e+04
    4.3610000000e+01    5.9981608689e+04
    4.3615000000e+01    5.5802735558e+04
    4.3620000000e+01    5.1716821584e+04
    4.3625000000e+01    4.7902577648e+04
    4.3630000000e+01    4.4540009981e+04
    4.3635000000e+01    4.1804866180e+04
    4.3640000000e+01    3.9862948633e+04
    4.3645000000e+01    3.8864457672e+04
    4.3650000000e+01    3.8938533131e+04
    4.3655000000e+01    4.0188164905e+04
    4.3660000000e+01    4.2685640470e+04
    4.3665000000e+01    4.6468689933e+04
    4.3670000000e+01    5.1537477211e+04
    4.3675000000e+01    5.7852569371e+04
    4.3680000000e+01    6.5333995468e+04
    4.3685000000e+01    7.3861481667e+04
    4.3690000000e+01    8.3275921576e+04
    4.3695000000e+01    9.3382110196e+04
    4.3700000000e+01    1.0395273743e+05
    4.3705000000e+01    1.1473360331e+05
    4.3710000000e+01    1.2544998313e+05
    4.3715000000e+01    1.3581403705e+05
    4.3720000000e+01    1.4553312639e+05
    4.3725000000e+01    1.5431886927e+05
    4.3730000000e+01    1.6189674075e+05
    4.3735000000e+01    1.6801600013e+05
    4.3740000000e+01    1.7245970929e+05
    4.3745000000e+01    1.7505459256e+05
    4.3750000000e+01    1.7568048116e+05
    4.3755000000e+01    1.7427908340e+05
    4.3760000000e+01    1.7086182653e+05
    4.3765000000e+01    1.6551652705e+05
    4.3770000000e+01    1.5841266353e+05
    4.3775000000e+01    1.4980504914e+05
    4.3780000000e+01    1.4003573024e+05
    4.3785000000e+01    1.2953397109e+05
    4.3790000000e+01    1.1881422347e+05
    4.3795000000e+01    1.0847202229e+05
    4.3800000000e+01    9.9177792858e+04
    4.3805000000e+01    9.1668602755e+04
    4.3810000000e+01    8.6737938466e+04
    4.3815000000e+01    8.5223634307e+04
    4.3820000000e+01    8.7994127021e+04
    4.3825000000e+01    9.5933252657e+04
    4.3830000000e+01    1.0992384216e+05
    4.3835000000e+01    1.3083040724e+05
    4.3840000000e+01    1.5948123789e+05
    4.3845000000e+01    1.9665025630e+05
    4.3850000000e+01    2.4303898859e+05
    4.3855000000e+01    2.9925902479e+05
    4.3860000000e+01    3.6581533890e+05
    4.3865000000e+01    4.4309083416e+05
    4.3870000000e+01    5.3133246398e+05
    4.3875000000e+01    6.3063925647e+05
    4.3880000000e+01    7.4095254073e+05
    4.3885000000e+01    8.6204863593e+05
    4.3890000000e+01    9.9353422114e+05
    4.3895000000e+01    1.1348445554e+06
    4.3900000000e+01    1.2852446642e+06
    4.3905000000e+01    1.4438335524e+06
    4.3910000000e+01    1.6095514450e+06
    4.3915000000e+01    1.7811899965e+06
    4.3920000000e+01    1.9574053524e+06
    4.3925000000e+01    2.1367338858e+06
    4.3930000000e+01    2.3176103788e+06
    4.3935000000e+01    2.4983883672e+06
    4.3940000000e+01    2.6773623191e+06
    4.3945000000e+01    2.8527912805e+06
    4.3950000000e+01    3.0229235860e+06
    4.3955000000e+01    3.1860222080e+06
    4.3960000000e+01    3.3403903018e+06
    4.3965000000e+01    3.4843964926e+06
    4.3970000000e+01    3.6164994558e+06
    4.3975000000e+01    3.7352713457e+06
    4.3980000000e+01    3.8394196518e+06
    4.3985000000e+01    3.9278070842e+06
    4.3990000000e+01    3.9994691265e+06
    4.3995000000e+01    4.0536289367e+06
    4.4000000000e+01    4.0897093234e+06
    4.4005000000e+01    4.1073415799e+06
    4.4010000000e+01    4.1063710163e+06
    4.4015000000e+01    4.0868590900e+06
    4.4020000000e+01    4.0490821005e+06
    4.4025000000e+01    3.9935264756e+06
    4.4030000000e+01    3.9208807397e+06
    4.4035000000e+01    3.8320243175e+06
    4.4040000000e+01    3.7280133832e+06
    4.4045000000e+01    3.6100640180e+06
    4.4050000000e+01    3.4795329889e+06
    4.4055000000e+01    3.3378965020e+06
    4.4060000000e+01    3.1867273197e+06
    4.4065000000e+01    3.0276706566e+06
    4.4070000000e+01    2.8624192885e+06
    4.4075000000e+01    2.6926883200e+06
    4.4080000000e+01    2.5201900554e+06
    4.4085000000e+01    2.3466094115e+06
    4.4090000000e+01    2.1735802962e+06
    4.4095000000e+01    2.0026633516e+06
    4.4100000000e+01    1.8353254294e+06
    4.4105000000e+01    1.6729211288e+06
    4.4110000000e+01    1.5166766829e+06
    4.4115000000e+01    1.3676764321e+06
    4.4120000000e+01    1.2268520661e+06
    4.4125000000e+01    1.0949747665e+06
    4.4130000000e+01    9.7265031916e+05
    4.4135000000e+01    8.6031721056e+05
    4.4140000000e+01    7.5824766510e+05
    4.4145000000e+01    6.6655152359e+05
    4.4150000000e+01    5.8518281221e+05
    4.4155000000e+01    5.1394880180e+05
    4.4160000000e+01    4.5252131421e+05
    4.4165000000e+01    4.0044999410e+05
    4.4170000000e+01    3.5717723327e+05
    4.4175000000e+01    3.2205440956e+05
    4.4180000000e+01    2.9435908509e+05
    4.4185000000e+01    2.7331279861e+05
    4.4190000000e+01    2.5809908425e+05
    4.4195000000e+01    2.4788135440e+05
    4.4200000000e+01    2.4182029658e+05
    4.4205000000e+01    2.3909045381e+05
    4.4210000000e+01    2.3889568351e+05
    4.4215000000e+01    2.4048322167e+05
    4.4220000000e+01    2.4315611533e+05
    4.4225000000e+01    2.4628382713e+05
    4.4230000000e+01    2.4931085966e+05
    4.4235000000e+01    2.5176329325e+05
    4.4240000000e+01    2.5325317842e+05
    4.4245000000e+01    2.5348077166e+05
    4.4250000000e+01    2.5223465002e+05
    4.4255000000e+01    2.4938978520e+05
    4.4260000000e+01    2.4490369984e+05
    4.4265000000e+01    2.3881086786e+05
    4.4270000000e+01    2.3121555481e+05
    4.4275000000e+01    2.2228332383e+05
    4.4280000000e+01    2.1223145658e+05
    4.4285000000e+01    2.0131855619e+05
    4.4290000000e+01    1.8983361125e+05
    4.4295000000e+01    1.7808480430e+05
    4.4300000000e+01    1.6638834743e+05
    4.4305000000e+01    1.5505761931e+05
    4.4310000000e+01    1.4439286448e+05
    4.4315000000e+01    1.3467169563e+05
    4.4320000000e+01    1.2614061505e+05
    4.4325000000e+01    1.1900774189e+05
    4.4330000000e+01    1.1343689833e+05
    4.4335000000e+01    1.0954317139e+05
    4.4340000000e+01    1.0739002868e+05
    4.4345000000e+01    1.0698802579e+05
    4.4350000000e+01    1.0829510330e+05
    4.4355000000e+01    1.1121843101e+05
    4.4360000000e+01    1.1561771873e+05
    4.4365000000e+01    1.2130987714e+05
    4.4370000000e+01    1.2807487905e+05
    4.4375000000e+01    1.3566264252e+05
    4.4380000000e+01    1.4380073317e+05
    4.4385000000e+01    1.5220266350e+05
    4.4390000000e+01    1.6057655370e+05
    4.4395000000e+01    1.6863391075e+05
    4.4400000000e+01    1.7609828090e+05
    4.4405000000e+01    1.8271353539e+05
    4.4410000000e+01    1.8825155968e+05
    4.4415000000e+01    1.9251913313e+05
    4.4420000000e+01    1.9536380750e+05
    4.4425000000e+01    1.9667861965e+05
    4.4430000000e+01    1.9640550450e+05
    4.4435000000e+01    1.9453730899e+05
    4.4440000000e+01    1.9111834465e+05
    4.4445000000e+01    1.8624345562e+05
    4.4450000000e+01    1.8005561845e+05
    4.4455000000e+01    1.7274212973e+05
    4.4460000000e+01    1.6452947628e+05
    4.4465000000e+01    1.5567701866e+05
    4.4470000000e+01    1.4646965234e+05
    4.4475000000e+01    1.3720964032e+05
    4.4480000000e+01    1.2820783559e+05
    4.4485000000e+01    1.1977453118e+05
    4.4490000000e+01    1.1221018906e+05
    4.4495000000e+01    1.0579630595e+05
    4.4500000000e+01    1.0078667456e+05
    4.4505000000e+01    9.7399292320e+04
    4.4510000000e+01    9.5809156304e+04
    4.4515000000e+01    9.6142163641e+04
    4.4520000000e+01    9.8470310463e+04
    4.4525000000e+01    1.0280835130e+05
    4.4530000000e+01    1.0911204422e+05
    4.4535000000e+01    1.1727806674e+05
    4.4540000000e+01    1.2714564371e+05
    4.4545000000e+01    1.3849988299e+05
    4.4550000000e+01    1.5107676779e+05
    4.4555000000e+01    1.6456970835e+05
    4.4560000000e+01    1.7863751058e+05
    4.4565000000e+01    1.9291357681e+05
    4.4570000000e+01    2.0701611544e+05
    4.4575000000e+01    2.2055910213e+05
    4.4580000000e+01    2.3316370778e+05
    4.4585000000e+01    2.4446988709e+05
    4.4590000000e+01    2.5414780802e+05
    4.4595000000e+01    2.6190879682e+05
    4.4600000000e+01    2.6751547627e+05
    4.4605000000e+01    2.7079078606e+05
    4.4610000000e+01    2.7162559449e+05
    4.4615000000e+01    2.6998463885e+05
    4.4620000000e+01    2.6591056822e+05
    4.4625000000e+01    2.5952590581e+05
    4.4630000000e+01    2.5103279762e+05
    4.4635000000e+01    2.4071046920e+05
    4.4640000000e+01    2.2891037132e+05
    4.4645000000e+01    2.1604905675e+05
    4.4650000000e+01    2.0259889341e+05
    4.4655000000e+01    1.8907678128e+05
    4.4660000000e+01    1.7603110075e+05
    4.4665000000e+01    1.6402717727e+05
    4.4670000000e+01    1.5363159825e+05
    4.4675000000e+01    1.4539576348e+05
    4.4680000000e+01    1.3983908721e+05
    4.4685000000e+01    1.3743229771e+05
    4.4690000000e+01    1.3858129770e+05
    4.4695000000e+01    1.4361205522e+05
    4.4700000000e+01    1.5275698968e+05
    4.4705000000e+01    1.6614330009e+05
    4.4710000000e+01    1.8378365387e+05
    4.4715000000e+01    2.0556961339e+05
    4.4720000000e+01    2.3126812567e+05
    4.4725000000e+01    2.6052133830e+05
    4.4730000000e+01    2.9284993349e+05
    4.4735000000e+01    3.2766009262e+05
    4.4740000000e+01    3.6425411912e+05
    4.4745000000e+01    4.0184465719e+05
    4.4750000000e+01    4.3957235278e+05
    4.4755000000e+01    4.7652671076e+05
    4.4760000000e+01    5.1176981252e+05
    4.4765000000e+01    5.4436247217e+05
    4.4770000000e+01    5.7339233049e+05
    4.4775000000e+01    5.9800331450e+05
    4.4780000000e+01    6.1742583055e+05
    4.4785000000e+01    6.3100701025e+05
    4.4790000000e+01    6.3824029466e+05
    4.4795000000e+01    6.3879362289e+05
    4.4800000000e+01    6.3253548799e+05
    4.4805000000e+01    6.1955813698e+05
    4.4810000000e+01    6.0019722251e+05
    4.4815000000e+01    5.7504726103e+05
    4.4820000000e+01    5.4497231651e+05
    4.4825000000e+01    5.1111140831e+05
    4.4830000000e+01    4.7487823519e+05
    4.4835000000e+01    4.3795491397e+05
    4.4840000000e+01    4.0227954814e+05
    4.4845000000e+01    3.7002756701e+05
    4.4850000000e+01    3.4358690688e+05
    4.4855000000e+01    3.2552724008e+05
    4.4860000000e+01    3.1856359202e+05
    4.4865000000e+01    3.2551481816e+05
    4.4870000000e+01    3.4925753884e+05
    4.4875000000e+01    3.9267624758e+05
    4.4880000000e+01    4.5861041428e+05
    4.4885000000e+01    5.4979949749e+05
    4.4890000000e+01    6.6882685520e+05
    4.4895000000e+01    8.1806360154e+05
    4.4900000000e+01    9.9961349384e+05
    4.4905000000e+01    1.2152599507e+06
    4.4910000000e+01    1.4664162954e+06
    4.4915000000e+01    1.7540802892e+06
    4.4920000000e+01    2.0787939693e+06
    4.4925000000e+01    2.4406097308e+06
    4.4930000000e+01    2.8390634972e+06
    4.4935000000e+01    3.2731557129e+06
    4.4940000000e+01    3.7413407556e+06
    4.4945000000e+01    4.2415252227e+06
    4.4950000000e+01    4.7710753862e+06
    4.4955000000e+01    5.3268339422e+06
    4.4960000000e+01    5.9051460069e+06
    4.4965000000e+01    6.5018941358e+06
    4.4970000000e+01    7.1125419654e+06
    4.4975000000e+01    7.7321859080e+06
    4.4980000000e+01    8.3556141660e+06
    4.4985000000e+01    8.9773721852e+06
    4.4990000000e+01    9.5918335262e+06
    4.4995000000e+01    1.0193275020e+07
    4.5000000000e+01    1.0775954975e+07
    4.5005000000e+01    1.1334193130e+07
    4.5010000000e+01    1.1862450996e+07
    4.5015000000e+01    1.2355411207e+07
    4.5020000000e+01    1.2808054511e+07
    4.5025000000e+01    1.3215733040e+07
    4.5030000000e+01    1.3574238590e+07
    4.5035000000e+01    1.3879864679e+07
    4.5040000000e+01    1.4129461300e+07
    4.5045000000e+01    1.4320481377e+07
    4.5050000000e+01    1.4451018116e+07
    4.5055000000e+01    1.4519832555e+07
    4.5060000000e+01    1.4526370854e+07
    4.5065000000e+01    1.4470771011e+07
    4.5070000000e+01    1.4353858888e+07
    4.5075000000e+01    1.4177133643e+07
    4.5080000000e+01    1.3942742850e+07
    4.5085000000e+01    1.3653447754e+07
    4.5090000000e+01    1.3312579334e+07
    4.5095000000e+01    1.2923985965e+07
    4.5100000000e+01    1.2491973639e+07
    4.5105000000e+01    1.2021239846e+07
    4.5110000000e+01    1.1516802304e+07
    4.5115000000e+01    1.0983923822e+07
    4.5120000000e+01    1.0428034628e+07
    4.5125000000e+01    9.8546535587e+06
    4.5130000000e+01    9.2693094504e+06
    4.5135000000e+01    8.6774641254e+06
    4.5140000000e+01    8.0844382551e+06
    4.5145000000e+01    7.4953413465e+06
    4.5150000000e+01    6.9150069866e+06
    4.5155000000e+01    6.3479343664e+06
    4.5160000000e+01    5.7982369685e+06
    4.5165000000e+01    5.2695991512e+06
    4.5170000000e+01    4.7652411977e+06
    4.5175000000e+01    4.2878932283e+06
    4.5180000000e+01    3.8397781924e+06
    4.5185000000e+01    3.4226039824e+06
    4.5190000000e+01    3.0375645324e+06
    4.5195000000e+01    2.6853495957e+06
    4.5200000000e+01    2.3661627329e+06
    4.5205000000e+01    2.0797468982e+06
    4.5210000000e+01    1.8254168743e+06
    4.5215000000e+01    1.6020976963e+06
    4.5220000000e+01    1.4083681088e+06
    4.5225000000e+01    1.2425080318e+06
    4.5230000000e+01    1.1025489561e+06
    4.5235000000e+01    9.8632617236e+05
    4.5240000000e+01    8.9153172766e+05
    4.5245000000e+01    8.1576703191e+05
    4.5250000000e+01    7.5659407663e+05
    4.5255000000e+01    7.1158429521e+05
    4.5260000000e+01    6.7836417703e+05
    4.5265000000e+01    6.5465684882e+05
    4.5270000000e+01    6.3831895123e+05
    4.5275000000e+01    6.2737226483e+05
    4.5280000000e+01    6.2002967409e+05
    4.5285000000e+01    6.1471519727e+05
    4.5290000000e+01    6.1007795155e+05
    4.5295000000e+01    6.0500006243e+05
    4.5300000000e+01    5.9859866184e+05
    4.5305000000e+01    5.9022224722e+05
    4.5310000000e+01    5.7944179156e+05
    4.5315000000e+01    5.6603709913e+05
    4.5320000000e+01    5.4997899219e+05
    4.5325000000e+01    5.3140798732e+05
    4.5330000000e+01    5.1061017632e+05
    4.5335000000e+01    4.8799106366e+05
    4.5340000000e+01    4.6404813087e+05
    4.5345000000e+01    4.3934289747e+05
    4.5350000000e+01    4.1447322888e+05
    4.5355000000e+01    3.9004660476e+05
    4.5360000000e+01    3.6665500825e+05
    4.5365000000e+01    3.4485202895e+05
    4.5370000000e+01    3.2513269224e+05
    4.5375000000e+01    3.0791643678e+05
    4.5380000000e+01    2.9353356394e+05
    4.5385000000e+01    2.8221537913e+05
    4.5390000000e+01    2.7408813861e+05
    4.5395000000e+01    2.6917080965e+05
    4.5400000000e+01    2.6737654838e+05
    4.5405000000e+01    2.6851770168e+05
    4.5410000000e+01    2.7231404936e+05
    4.5415000000e+01    2.7840392197e+05
    4.5420000000e+01    2.8635776116e+05
    4.5425000000e+01    2.9569363310e+05
    4.5430000000e+01    3.0589416450e+05
    4.5435000000e+01    3.1642434409e+05
    4.5440000000e+01    3.2674962162e+05
    4.5445000000e+01    3.3635374098e+05
    4.5450000000e+01    3.4475576383e+05
    4.5455000000e+01    3.5152577423e+05
    4.5460000000e+01    3.5629880197e+05
    4.5465000000e+01    3.5878656171e+05
    4.5470000000e+01    3.5878667390e+05
    4.5475000000e+01    3.5618911139e+05
    4.5480000000e+01    3.5097969857e+05
    4.5485000000e+01    3.4324057732e+05
    4.5490000000e+01    3.3314764263e+05
    4.5495000000e+01    3.2096503830e+05
    4.5500000000e+01    3.0703688755e+05
    4.5505000000e+01    2.9177651228e+05
    4.5510000000e+01    2.7565346628e+05
    4.5515000000e+01    2.5917876943e+05
    4.5520000000e+01    2.4288878139e+05
    4.5525000000e+01    2.2732819190e+05
    4.5530000000e+01    2.1303263063e+05
    4.5535000000e+01    2.0051141106e+05
    4.5540000000e+01    1.9023092066e+05
    4.5545000000e+01    1.8259915316e+05
    4.5550000000e+01    1.7795184844e+05
    4.5555000000e+01    1.7654066288e+05
    4.5560000000e+01    1.7852373825e+05
    4.5565000000e+01    1.8395897219e+05
    4.5570000000e+01    1.9280021995e+05
    4.5575000000e+01    2.0489657679e+05
    4.5580000000e+01    2.1999480523e+05
    4.5585000000e+01    2.3774488452e+05
    4.5590000000e+01    2.5770857175e+05
    4.5595000000e+01    2.7937077887e+05
    4.5600000000e+01    3.0215348888e+05
    4.5605000000e+01    3.2543185992e+05
    4.5610000000e+01    3.4855209989e+05
    4.5615000000e+01    3.7085063865e+05
    4.5620000000e+01    3.9167408088e+05
    4.5625000000e+01    4.1039939166e+05
    4.5630000000e+01    4.2645375045e+05
    4.5635000000e+01    4.3933350644e+05
    4.5640000000e+01    4.4862168129e+05
    4.5645000000e+01    4.5400349247e+05
    4.5650000000e+01    4.5527941222e+05
    4.5655000000e+01    4.5237533201e+05
    4.5660000000e+01    4.4534946996e+05
    4.5665000000e+01    4.3439573632e+05
    4.5670000000e+01    4.1984335948e+05
    4.5675000000e+01    4.0215266860e+05
    4.5680000000e+01    3.8190702777e+05
    4.5685000000e+01    3.5980101768e+05
    4.5690000000e+01    3.3662506167e+05
    4.5695000000e+01    3.1324679162e+05
    4.5700000000e+01    2.9058954284e+05
    4.5705000000e+01    2.6960845296e+05
    4.5710000000e+01    2.5126471686e+05
    4.5715000000e+01    2.3649861475e+05
    4.5720000000e+01    2.2620198202e+05
    4.5725000000e+01    2.2119082667e+05
    4.5730000000e+01    2.2217882074e+05
    4.5735000000e+01    2.2975239619e+05
    4.5740000000e+01    2.4434816227e+05
    4.5745000000e+01    2.6623333048e+05
    4.5750000000e+01    2.9548978560e+05
    4.5755000000e+01    3.3200237654e+05
    4.5760000000e+01    3.7545192184e+05
    4.5765000000e+01    4.2531333070e+05
    4.5770000000e+01    4.8085913569e+05
    4.5775000000e+01    5.4116861767e+05
    4.5780000000e+01    6.0514258111e+05
    4.5785000000e+01    6.7152370982e+05
    4.5790000000e+01    7.3892230357e+05
    4.5795000000e+01    8.0584706641e+05
    4.5800000000e+01    8.7074049123e+05
    4.5805000000e+01    9.3201826560e+05
    4.5810000000e+01    9.8811201247e+05
    4.5815000000e+01    1.0375145801e+06
    4.5820000000e+01    1.0788270097e+06
    4.5825000000e+01    1.1108062394e+06
    4.5830000000e+01    1.1324125522e+06
    4.5835000000e+01    1.1428557407e+06
    4.5840000000e+01    1.1416389523e+06
    4.5845000000e+01    1.1285991830e+06
    4.5850000000e+01    1.1039434234e+06
    4.5855000000e+01    1.0682795047e+06
    4.5860000000e+01    1.0226407708e+06
    4.5865000000e+01    9.6850378887e+05
    4.5870000000e+01    9.0779842148e+05
    4.5875000000e+01    8.4290970809e+05
    4.5880000000e+01    7.7667114345e+05
    4.5885000000e+01    7.1234908986e+05
    4.5890000000e+01    6.5361822031e+05
    4.5895000000e+01    6.0452805422e+05
    4.5900000000e+01    5.6946081552e+05
    4.5905000000e+01    5.5308100957e+05
    4.5910000000e+01    5.6027727948e+05
    4.5915000000e+01    5.9609725856e+05
    4.5920000000e+01    6.6567628248e+05
    4.5925000000e+01    7.7416095870e+05
    4.5930000000e+01    9.2662870854e+05
    4.5935000000e+01    1.1280044983e+06
    4.5940000000e+01    1.3829760556e+06
    4.5945000000e+01    1.6959089254e+06
    4.5950000000e+01    2.0707627579e+06
    4.5955000000e+01    2.5110102278e+06
    4.5960000000e+01    3.0195599776e+06
    4.5965000000e+01    3.5986849334e+06
    4.5970000000e+01    4.2499572886e+06
    4.5975000000e+01    4.9741913586e+06
    4.5980000000e+01    5.7713954108e+06
    4.5985000000e+01    6.6407334438e+06
    4.5990000000e+01    7.5804977486e+06
    4.5995000000e+01    8.5880929233e+06
    4.6000000000e+01    9.6600318446e+06
    4.6005000000e+01    1.0791943912e+07
    4.6010000000e+01    1.1978595701e+07
    4.6015000000e+01    1.3213923953e+07
    4.6020000000e+01    1.4491080666e+07
    4.6025000000e+01    1.5802489826e+07
    4.6030000000e+01    1.7139915161e+07
    4.6035000000e+01    1.8494538125e+07
    4.6040000000e+01    1.9857045136e+07
    4.6045000000e+01    2.1217722972e+07
    4.6050000000e+01    2.2566561087e+07
    4.6055000000e+01    2.3893359492e+07
    4.6060000000e+01    2.5187840773e+07
    4.6065000000e+01    2.6439764738e+07
    4.6070000000e+01    2.7639044149e+07
    4.6075000000e+01    2.8775859966e+07
    4.6080000000e+01    2.9840774553e+07
    4.6085000000e+01    3.0824841295e+07
    4.6090000000e+01    3.1719709161e+07
    4.6095000000e+01    3.2517720791e+07
    4.6100000000e+01    3.3212002790e+07
    4.6105000000e+01    3.3796547038e+07
    4.6110000000e+01    3.4266281928e+07
    4.6115000000e+01    3.4617132611e+07
    4.6120000000e+01    3.4846069468e+07
    4.6125000000e+01    3.4951144216e+07
    4.6130000000e+01    3.4931513194e+07
    4.6135000000e+01    3.4787447596e+07
    4.6140000000e+01    3.4520330548e+07
    4.6145000000e+01    3.4132641160e+07
    4.6150000000e+01    3.3627925802e+07
    4.6155000000e+01    3.3010757056e+07
    4.6160000000e+01    3.2286680955e+07
    4.6165000000e+01    3.1462153239e+07
    4.6170000000e+01    3.0544465534e+07
    4.6175000000e+01    2.9541662442e+07
    4.6180000000e+01    2.8462450670e+07
    4.6185000000e+01    2.7316101382e+07
    4.6190000000e+01    2.6112347061e+07
    4.6195000000e+01    2.4861274193e+07
    4.6200000000e+01    2.3573213131e+07
    4.6205000000e+01    2.2258626523e+07
    4.6210000000e+01    2.0927997654e+07
    4.6215000000e+01    1.9591720079e+07
    4.6220000000e+01    1.8259989829e+07
    4.6225000000e+01    1.6942701476e+07
    4.6230000000e+01    1.5649349234e+07
    4.6235000000e+01    1.4388934213e+07
    4.6240000000e+01    1.3169878844e+07
    4.6245000000e+01    1.1999949384e+07
    4.6250000000e+01    1.0886187313e+07
    4.6255000000e+01    9.8348503054e+06
    4.6260000000e+01    8.8513633280e+06
    4.6265000000e+01    7.9402803132e+06
    4.6270000000e+01    7.1052566990e+06
    4.6275000000e+01    6.3490330187e+06
    4.6280000000e+01    5.6734295883e+06
    4.6285000000e+01    5.0793522179e+06
    4.6290000000e+01    4.5668087541e+06
    4.6295000000e+01    4.1349361514e+06
    4.6300000000e+01    3.7820376657e+06
    4.6305000000e+01    3.5056296694e+06
    4.6310000000e+01    3.3024975085e+06
    4.6315000000e+01    3.1687597510e+06
    4.6320000000e+01    3.0999401230e+06
    4.6325000000e+01    3.0910463932e+06
    4.6330000000e+01    3.1366554494e+06
    4.6335000000e+01    3.2310038128e+06
    4.6340000000e+01    3.3680828719e+06
    4.6345000000e+01    3.5417381736e+06
    4.6350000000e+01    3.7457722130e+06
    4.6355000000e+01    3.9740503038e+06
    4.6360000000e+01    4.2206093145e+06
    4.6365000000e+01    4.4797693297e+06
    4.6370000000e+01    4.7462486713e+06
    4.6375000000e+01    5.0152832146e+06
    4.6380000000e+01    5.2827516187e+06
    4.6385000000e+01    5.5453090257e+06
    4.6390000000e+01    5.8005330661e+06
    4.6395000000e+01    6.0470878137e+06
    4.6400000000e+01    6.2849138778e+06
    4.6405000000e+01    6.5154564911e+06
    4.6410000000e+01    6.7419488082e+06
    4.6415000000e+01    6.9697755851e+06
    4.6420000000e+01    7.2069544374e+06
    4.6425000000e+01    7.4647903877e+06
    4.6430000000e+01    7.7587884629e+06
    4.6435000000e+01    8.1099556525e+06
    4.6440000000e+01    8.5466997502e+06
    4.6445000000e+01    9.1076603541e+06
    4.6450000000e+01    9.8460268147e+06
    4.6455000000e+01    1.0836285183e+07
    4.6460000000e+01    1.2185038419e+07
    4.6465000000e+01    1.4048853299e+07
    4.6470000000e+01    1.6664592802e+07
    4.6475000000e+01    2.0402583794e+07
    4.6480000000e+01    2.5862542242e+07
    4.6485000000e+01    3.4050037765e+07
    4.6490000000e+01    4.6697538363e+07
    4.6495000000e+01    6.6784872254e+07
    4.6500000000e+01    9.8938889123e+07
    4.6505000000e+01    1.4705185553e+08
    4.6510000000e+01    2.0019497269e+08
    4.6515000000e+01    2.1637013441e+08
    4.6520000000e+01    1.7803628719e+08
    4.6525000000e+01    1.2611359669e+08
    4.6530000000e+01    8.6901488775e+07
    4.6535000000e+01    6.1507632829e+07
    4.6540000000e+01    4.5515158694e+07
    4.6545000000e+01    3.5472031600e+07
    4.6550000000e+01    2.9338339141e+07
    4.6555000000e+01    2.6036437228e+07
    4.6560000000e+01    2.5123596676e+07
    4.6565000000e+01    2.6664169865e+07
    4.6570000000e+01    3.1276869549e+07
    4.6575000000e+01    4.0340033843e+07
    4.6580000000e+01    5.6149206555e+07
    4.6585000000e+01    8.0560849047e+07
    4.6590000000e+01    1.0740138665e+08
    4.6595000000e+01    1.1445800910e+08
    4.6600000000e+01    9.3515636078e+07
    4.6605000000e+01    6.6166556905e+07
    4.6610000000e+01    4.5602625780e+07
    4.6615000000e+01    3.2176170893e+07
    4.6620000000e+01    2.3534608841e+07
    4.6625000000e+01    1.7843784298e+07
    4.6630000000e+01    1.3980296090e+07
    4.6635000000e+01    1.1280964788e+07
    4.6640000000e+01    9.3479126695e+06
    4.6645000000e+01    7.9347445507e+06
    4.6650000000e+01    6.8834432875e+06
    4.6655000000e+01    6.0891865226e+06
    4.6660000000e+01    5.4802582730e+06
    4.6665000000e+01    5.0062385183e+06
    4.6670000000e+01    4.6308480360e+06
    4.6675000000e+01    4.3274858852e+06
    4.6680000000e+01    4.0763684504e+06
    4.6685000000e+01    3.8626465174e+06
    4.6690000000e+01    3.6751342597e+06
    4.6695000000e+01    3.5054295634e+06
    4.6700000000e+01    3.3472896130e+06
    4.6705000000e+01    3.1961759413e+06
    4.6710000000e+01    3.0489138001e+06
    4.6715000000e+01    2.9034297999e+06
    4.6720000000e+01    2.7585439215e+06
    4.6725000000e+01    2.6137998778e+06
    4.6730000000e+01    2.4693230081e+06
    4.6735000000e+01    2.3256983748e+06
    4.6740000000e+01    2.1838641085e+06
    4.6745000000e+01    2.0450166778e+06
    4.6750000000e+01    1.9105258964e+06
    4.6755000000e+01    1.7818582702e+06
    4.6760000000e+01    1.6605078356e+06
    4.6765000000e+01    1.5479340209e+06
    4.6770000000e+01    1.4455063168e+06
    4.6775000000e+01    1.3544557078e+06
    4.6780000000e+01    1.2758329103e+06
    4.6785000000e+01    1.2104735129e+06
    4.6790000000e+01    1.1589701157e+06
    4.6795000000e+01    1.1216515468e+06
    4.6800000000e+01    1.0985691881e+06
    4.6805000000e+01    1.0894903788e+06
    4.6810000000e+01    1.0938987930e+06
    4.6815000000e+01    1.1110016068e+06
    4.6820000000e+01    1.1397431830e+06
    4.6825000000e+01    1.1788249129e+06
    4.6830000000e+01    1.2267307717e+06
    4.6835000000e+01    1.2817580558e+06
    4.6840000000e+01    1.3420526962e+06
    4.6845000000e+01    1.4056484695e+06
    4.6850000000e+01    1.4705093670e+06
    4.6855000000e+01    1.5345743288e+06
    4.6860000000e+01    1.5958035134e+06
    4.6865000000e+01    1.6522252394e+06
    4.6870000000e+01    1.7019827265e+06
    4.6875000000e+01    1.7433797571e+06
    4.6880000000e+01    1.7749243945e+06
    4.6885000000e+01    1.7953699174e+06
    4.6890000000e+01    1.8037521720e+06
    4.6895000000e+01    1.7994225930e+06
    4.6900000000e+01    1.7820762124e+06
    4.6905000000e+01    1.7517740491e+06
    4.6910000000e+01    1.7089593618e+06
    4.6915000000e+01    1.6544673417e+06
    4.6920000000e+01    1.5895279300e+06
    4.6925000000e+01    1.5157615511e+06
    4.6930000000e+01    1.4351676734e+06
    4.6935000000e+01    1.3501062248e+06
    4.6940000000e+01    1.2632720113e+06
    4.6945000000e+01    1.1776624083e+06
    4.6950000000e+01    1.0965387058e+06
    4.6955000000e+01    1.0233816084e+06
    4.6960000000e+01    9.6184148887e+05
    4.6965000000e+01    9.1568409891e+05
    4.6970000000e+01    8.8873252215e+05
    4.6975000000e+01    8.8480623595e+05
    4.6980000000e+01    9.0765820853e+05
    4.6985000000e+01    9.6091100880e+05
    4.6990000000e+01    1.0479929401e+06
    4.6995000000e+01    1.1720752273e+06
    4.7000000000e+01    1.3360112879e+06
    4.7005000000e+01    1.5422791041e+06
    4.7010000000e+01    1.7929276791e+06
    4.7015000000e+01    2.0895285134e+06
    4.7020000000e+01    2.4331329728e+06
    4.7025000000e+01    2.8242363384e+06
    4.7030000000e+01    3.2627492376e+06
    4.7035000000e+01    3.7479770451e+06
    4.7040000000e+01    4.2786077275e+06
    4.7045000000e+01    4.8527084777e+06
    4.7050000000e+01    5.4677313478e+06
    4.7055000000e+01    6.1205279527e+06
    4.7060000000e+01    6.8073731700e+06
    4.7065000000e+01    7.5239976203e+06
    4.7070000000e+01    8.2656285696e+06
    4.7075000000e+01    9.0270387553e+06
    4.7080000000e+01    9.8026025090e+06
    4.7085000000e+01    1.0586358424e+07
    4.7090000000e+01    1.1372077707e+07
    4.7095000000e+01    1.2153337250e+07
    4.7100000000e+01    1.2923596381e+07
    4.7105000000e+01    1.3676276179e+07
    4.7110000000e+01    1.4404840193e+07
    4.7115000000e+01    1.5102875380e+07
    4.7120000000e+01    1.5764172040e+07
    4.7125000000e+01    1.6382801581e+07
    4.7130000000e+01    1.6953190925e+07
    4.7135000000e+01    1.7470192449e+07
    4.7140000000e+01    1.7929148410e+07
    4.7145000000e+01    1.8325948883e+07
    4.7150000000e+01    1.8657082349e+07
    4.7155000000e+01    1.8919678189e+07
    4.7160000000e+01    1.9111540449e+07
    4.7165000000e+01    1.9231172412e+07
    4.7170000000e+01    1.9277791615e+07
    4.7175000000e+01    1.9251335166e+07
    4.7180000000e+01    1.9152455287e+07
    4.7185000000e+01    1.8982505251e+07
    4.7190000000e+01    1.8743515969e+07
    4.7195000000e+01    1.8438163665e+07
    4.7200000000e+01    1.8069729199e+07
    4.7205000000e+01    1.7642049746e+07
    4.7210000000e+01    1.7159463632e+07
    4.7215000000e+01    1.6626749251e+07
    4.7220000000e+01    1.6049059058e+07
    4.7225000000e+01    1.5431849708e+07
    4.7230000000e+01    1.4780809461e+07
    4.7235000000e+01    1.4101783985e+07
    4.7240000000e+01    1.3400701735e+07
    4.7245000000e+01    1.2683500019e+07
    4.7250000000e+01    1.1956052896e+07
    4.7255000000e+01    1.1224101935e+07
    4.7260000000e+01    1.0493190855e+07
    4.7265000000e+01    9.7686049357e+06
    4.7270000000e+01    9.0553160240e+06
    4.7275000000e+01    8.3579338216e+06
    4.7280000000e+01    7.6806640431e+06
    4.7285000000e+01    7.0272738837e+06
    4.7290000000e+01    6.4010651141e+06
    4.7295000000e+01    5.8048549747e+06
    4.7300000000e+01    5.2409649079e+06
    4.7305000000e+01    4.7112170304e+06
    4.7310000000e+01    4.2169381158e+06
    4.7315000000e+01    3.7589707386e+06
    4.7320000000e+01    3.3376911132e+06
    4.7325000000e+01    2.9530330629e+06
    4.7330000000e+01    2.6045174649e+06
    4.7335000000e+01    2.2912864415e+06
    4.7340000000e+01    2.0121415140e+06
    4.7345000000e+01    1.7655848892e+06
    4.7350000000e+01    1.5498630289e+06
    4.7355000000e+01    1.3630116413e+06
    4.7360000000e+01    1.2029012448e+06
    4.7365000000e+01    1.0672824786e+06
    4.7370000000e+01    9.5383037590e+05
    4.7375000000e+01    8.6018686720e+05
    4.7380000000e+01    7.8400085045e+05
    4.7385000000e+01    7.2296523968e+05
    4.7390000000e+01    6.7485049000e+05
    4.7395000000e+01    6.3753418920e+05
    4.7400000000e+01    6.0902640292e+05
    4.7405000000e+01    5.8749055946e+05
    4.7410000000e+01    5.7125975982e+05
    4.7415000000e+01    5.5884849611e+05
    4.7420000000e+01    5.4895985504e+05
    4.7425000000e+01    5.4048837115e+05
    4.7430000000e+01    5.3251877515e+05
    4.7435000000e+01    5.2432095429e+05
    4.7440000000e+01    5.1534150329e+05
    4.7445000000e+01    5.0519229504e+05
    4.7450000000e+01    4.9363653910e+05
    4.7455000000e+01    4.8057282277e+05
    4.7460000000e+01    4.6601764406e+05
    4.7465000000e+01    4.5008694834e+05
    4.7470000000e+01    4.3297717123e+05
    4.7475000000e+01    4.1494627031e+05
    4.7480000000e+01    3.9629519804e+05
    4.7485000000e+01    3.7735022918e+05
    4.7490000000e+01    3.5844650960e+05
    4.7495000000e+01    3.3991314013e+05
    4.7500000000e+01    3.2206005195e+05
    4.7505000000e+01    3.0516686910e+05
    4.7510000000e+01    2.8947389152e+05
    4.7515000000e+01    2.7517526988e+05
    4.7520000000e+01    2.6241438284e+05
    4.7525000000e+01    2.5128136949e+05
    4.7530000000e+01    2.4181271656e+05
    4.7535000000e+01    2.3399275154e+05
    4.7540000000e+01    2.2775685136e+05
    4.7545000000e+01    2.2299614166e+05
    4.7550000000e+01    2.1956343433e+05
    4.7555000000e+01    2.1728013268e+05
    4.7560000000e+01    2.1594382227e+05
    4.7565000000e+01    2.1533626301e+05
    4.7570000000e+01    2.1523150334e+05
    4.7575000000e+01    2.1540384954e+05
    4.7580000000e+01    2.1563544246e+05
    4.7585000000e+01    2.1572321927e+05
    4.7590000000e+01    2.1548506738e+05
    4.7595000000e+01    2.1476501227e+05
    4.7600000000e+01    2.1343731752e+05
    4.7605000000e+01    2.1140941417e+05
    4.7610000000e+01    2.0862361594e+05
    4.7615000000e+01    2.0505761563e+05
    4.7620000000e+01    2.0072379556e+05
    4.7625000000e+01    1.9566741956e+05
    4.7630000000e+01    1.8996380598e+05
    4.7635000000e+01    1.8371460806e+05
    4.7640000000e+01    1.7704335119e+05
    4.7645000000e+01    1.7009039374e+05
    4.7650000000e+01    1.6300749014e+05
    4.7655000000e+01    1.5595214117e+05
    4.7660000000e+01    1.4908191711e+05
    4.7665000000e+01    1.4254893429e+05
    4.7670000000e+01    1.3649465562e+05
    4.7675000000e+01    1.3104517084e+05
    4.7680000000e+01    1.2630709319e+05
    4.7685000000e+01    1.2236418669e+05
    4.7690000000e+01    1.1927481292e+05
    4.7695000000e+01    1.1707025894e+05
    4.7700000000e+01    1.1575397985e+05
    4.7705000000e+01    1.1530176038e+05
    4.7710000000e+01    1.1566277233e+05
    4.7715000000e+01    1.1676147766e+05
    4.7720000000e+01    1.1850030239e+05
    4.7725000000e+01    1.2076298468e+05
    4.7730000000e+01    1.2341848182e+05
    4.7735000000e+01    1.2632530601e+05
    4.7740000000e+01    1.2933614824e+05
    4.7745000000e+01    1.3230264308e+05
    4.7750000000e+01    1.3508012544e+05
    4.7755000000e+01    1.3753223284e+05
    4.7760000000e+01    1.3953521328e+05
    4.7765000000e+01    1.4098180988e+05
    4.7770000000e+01    1.4178460748e+05
    4.7775000000e+01    1.4187874396e+05
    4.7780000000e+01    1.4122390911e+05
    4.7785000000e+01    1.3980557585e+05
    4.7790000000e+01    1.3763543171e+05
    4.7795000000e+01    1.3475100275e+05
    4.7800000000e+01    1.3121448563e+05
    4.7805000000e+01    1.2711082676e+05
    4.7810000000e+01    1.2254510929e+05
    4.7815000000e+01    1.1763932831e+05
    4.7820000000e+01    1.1252865187e+05
    4.7825000000e+01    1.0735727997e+05
    4.7830000000e+01    1.0227402431e+05
    4.7835000000e+01    9.7427739287e+04
    4.7840000000e+01    9.2962738133e+04
    4.7845000000e+01    8.9014328243e+04
    4.7850000000e+01    8.5704595521e+04
    4.7855000000e+01    8.3138560325e+04
    4.7860000000e+01    8.1400816632e+04
    4.7865000000e+01    8.0552752197e+04
    4.7870000000e+01    8.0630431007e+04
    4.7875000000e+01    8.1643200732e+04
    4.7880000000e+01    8.3573067661e+04
    4.7885000000e+01    8.6374860380e+04
    4.7890000000e+01    8.9977181746e+04
    4.7895000000e+01    9.4284127175e+04
    4.7900000000e+01    9.9177726413e+04
    4.7905000000e+01    1.0452104640e+05
    4.7910000000e+01    1.1016187502e+05
    4.7915000000e+01    1.1593689002e+05
    4.7920000000e+01    1.2167620438e+05
    4.7925000000e+01    1.2720816939e+05
    4.7930000000e+01    1.3236431003e+05
    4.7935000000e+01    1.3698426347e+05
    4.7940000000e+01    1.4092059149e+05
    4.7945000000e+01    1.4404334091e+05
    4.7950000000e+01    1.4624423233e+05
    4.7955000000e+01    1.4744036707e+05
    4.7960000000e+01    1.4757735435e+05
    4.7965000000e+01    1.4663177528e+05
    4.7970000000e+01    1.4461291695e+05
    4.7975000000e+01    1.4156372793e+05
    4.7980000000e+01    1.3756096583e+05
    4.7985000000e+01    1.3271452729e+05
    4.7990000000e+01    1.2716597080e+05
    4.7995000000e+01    1.2108626205e+05
    4.8000000000e+01    1.1467279033e+05
    4.8005000000e+01    1.0814572137e+05
    4.8010000000e+01    1.0174376791e+05
    4.8015000000e+01    9.5719472327e+04
    4.8020000000e+01    9.0334106663e+04
    4.8025000000e+01    8.5852303902e+04
    4.8030000000e+01    8.2536539602e+04
    4.8035000000e+01    8.0641585825e+04
    4.8040000000e+01    8.0409058953e+04
    4.8045000000e+01    8.2062179915e+04
    4.8050000000e+01    8.5800859530e+04
    4.8055000000e+01    9.1797213343e+04
    4.8060000000e+01    1.0019159972e+05
    4.8065000000e+01    1.1108926238e+05
    4.8070000000e+01    1.2455764438e+05
    4.8075000000e+01    1.4062442496e+05
    4.8080000000e+01    1.5927631446e+05
    4.8085000000e+01    1.8045862559e+05
    4.8090000000e+01    2.0407562248e+05
    4.8095000000e+01    2.2999163243e+05
    4.8100000000e+01    2.5803288925e+05
    4.8105000000e+01    2.8799006268e+05
    4.8110000000e+01    3.1962141448e+05
    4.8115000000e+01    3.5265651039e+05
    4.8120000000e+01    3.8680040702e+05
    4.8125000000e+01    4.2173822507e+05
    4.8130000000e+01    4.5714001426e+05
    4.8135000000e+01    4.9266581218e+05
    4.8140000000e+01    5.2797079782e+05
    4.8145000000e+01    5.6271044135e+05
    4.8150000000e+01    5.9654555507e+05
    4.8155000000e+01    6.2914715491e+05
    4.8160000000e+01    6.6020104894e+05
    4.8165000000e+01    6.8941207737e+05
    4.8170000000e+01    7.1650793818e+05
    4.8175000000e+01    7.4124254290e+05
    4.8180000000e+01    7.6339885866e+05
    4.8185000000e+01    7.8279120403e+05
    4.8190000000e+01    7.9926697863e+05
    4.8195000000e+01    8.1270781765e+05
    4.8200000000e+01    8.2303017477e+05
    4.8205000000e+01    8.3018534709e+05
    4.8210000000e+01    8.3415896631e+05
    4.8215000000e+01    8.3496998915e+05
    4.8220000000e+01    8.3266922828e+05
    4.8225000000e+01    8.2733747121e+05
    4.8230000000e+01    8.1908324043e+05
    4.8235000000e+01    8.0804025159e+05
    4.8240000000e+01    7.9436462926e+05
    4.8245000000e+01    7.7823194079e+05
    4.8250000000e+01    7.5983410866e+05
    4.8255000000e+01    7.3937626025e+05
    4.8260000000e+01    7.1707357135e+05
    4.8265000000e+01    6.9314815615e+05
    4.8270000000e+01    6.6782605213e+05
    4.8275000000e+01    6.4133434282e+05
    4.8280000000e+01    6.1389845624e+05
    4.8285000000e+01    5.8573967018e+05
    4.8290000000e+01    5.5707284981e+05
    4.8295000000e+01    5.2810443639e+05
    4.8300000000e+01    4.9903069992e+05
    4.8305000000e+01    4.7003626253e+05
    4.8310000000e+01    4.4129289383e+05
    4.8315000000e+01    4.1295857426e+05
    4.8320000000e+01    3.8517681791e+05
    4.8325000000e+01    3.5807624233e+05
    4.8330000000e+01    3.3177036941e+05
    4.8335000000e+01    3.0635763864e+05
    4.8340000000e+01    2.8192161224e+05
    4.8345000000e+01    2.5853135000e+05
    4.8350000000e+01    2.3624193103e+05
    4.8355000000e+01    2.1509509950e+05
    4.8360000000e+01    1.9512001148e+05
    4.8365000000e+01    1.7633406108e+05
    4.8370000000e+01    1.5874376510e+05
    4.8375000000e+01    1.4234568679e+05
    4.8380000000e+01    1.2712738121e+05
    4.8385000000e+01    1.1306834641e+05
    4.8390000000e+01    1.0014096667e+05
    4.8395000000e+01    8.8311436112e+04
    4.8400000000e+01    7.7540652699e+04
    4.8405000000e+01    6.7785074993e+04
    4.8410000000e+01    5.8997535340e+04
    4.8415000000e+01    5.1128005101e+04
    4.8420000000e+01    4.4124308855e+04
    4.8425000000e+01    3.7932785816e+04
    4.8430000000e+01    3.2498897747e+04
    4.8435000000e+01    2.7767783543e+04
    4.8440000000e+01    2.3684761345e+04
    4.8445000000e+01    2.0195779555e+04
    4.8450000000e+01    1.7247818494e+04
    4.8455000000e+01    1.4789244679e+04
    4.8460000000e+01    1.2770119818e+04
    4.8465000000e+01    1.1142466669e+04
    4.8470000000e+01    9.8604938793e+03
    4.8475000000e+01    8.8807818940e+03
    4.8480000000e+01    8.1624319229e+03
    4.8485000000e+01    7.6671799026e+03
    4.8490000000e+01    7.3594773293e+03
    4.8495000000e+01    7.2065408084e+03
    4.8500000000e+01    7.1783721627e+03
    4.8505000000e+01    7.2477509750e+03
    4.8510000000e+01    7.3902015044e+03
    4.8515000000e+01    7.5839360023e+03
    4.8520000000e+01    7.8097765711e+03
    4.8525000000e+01    8.0510578224e+03
    4.8530000000e+01    8.2935127202e+03
    4.8535000000e+01    8.5251441045e+03
    4.8540000000e+01    8.7360844796e+03
    4.8545000000e+01    8.9184467154e+03
    4.8550000000e+01    9.0661683228e+03
    4.8555000000e+01    9.1748519429e+03
    4.8560000000e+01    9.2416046012e+03
    4.8565000000e+01    9.2648781479e+03
    4.8570000000e+01    9.2443131121e+03
    4.8575000000e+01    9.1805879587e+03
    4.8580000000e+01    9.0752754460e+03
    4.8585000000e+01    8.9307074642e+03
    4.8590000000e+01    8.7498493778e+03
    4.8595000000e+01    8.5361845304e+03
    4.8600000000e+01    8.2936092048e+03
    4.8605000000e+01    8.0263379655e+03
    4.8610000000e+01    7.7388189856e+03
    4.8615000000e+01    7.4356586553e+03
    4.8620000000e+01    7.1215545249e+03
    4.8625000000e+01    6.8012354422e+03
    4.8630000000e+01    6.4794076185e+03
    4.8635000000e+01    6.1607053017e+03
    4.8640000000e+01    5.8496447486e+03
    4.8645000000e+01    5.5505802809e+03
    4.8650000000e+01    5.2676613560e+03
    4.8655000000e+01    5.0047898031e+03
    4.8660000000e+01    4.7655766383e+03
    4.8665000000e+01    4.5532981732e+03
    4.8670000000e+01    4.3708514638e+03
    4.8675000000e+01    4.2207094811e+03
    4.8680000000e+01    4.1048767202e+03
    4.8685000000e+01    4.0248462724e+03
    4.8690000000e+01    3.9815596619e+03
    4.8695000000e+01    3.9753709678e+03
    4.8700000000e+01    4.0060169109e+03
    4.8705000000e+01    4.0725946704e+03
    4.8710000000e+01    4.1735491946e+03
    4.8715000000e+01    4.3066716876e+03
    4.8720000000e+01    4.4691107825e+03
    4.8725000000e+01    4.6573976537e+03
    4.8730000000e+01    4.8674859869e+03
    4.8735000000e+01    5.0948073206e+03
    4.8740000000e+01    5.3343418100e+03
    4.8745000000e+01    5.5807039593e+03
    4.8750000000e+01    5.8282423410e+03
    4.8755000000e+01    6.0711517825e+03
    4.8760000000e+01    6.3035959800e+03
    4.8765000000e+01    6.5198380109e+03
    4.8770000000e+01    6.7143757824e+03
    4.8775000000e+01    6.8820790885e+03
    4.8780000000e+01    7.0183246759e+03
    4.8785000000e+01    7.1191255448e+03
    4.8790000000e+01    7.1812506523e+03
    4.8795000000e+01    7.2023312478e+03
    4.8800000000e+01    7.1809502526e+03
    4.8805000000e+01    7.1167114058e+03
    4.8810000000e+01    7.0102853221e+03
    4.8815000000e+01    6.8634301427e+03
    4.8820000000e+01    6.6789850878e+03
    4.8825000000e+01    6.4608359274e+03
    4.8830000000e+01    6.2138521542e+03
    4.8835000000e+01    5.9437964436e+03
    4.8840000000e+01    5.6572077998e+03
    4.8845000000e+01    5.3612605888e+03
    4.8850000000e+01    5.0636024202e+03
    4.8855000000e+01    4.7721745386e+03
    4.8860000000e+01    4.4950189952e+03
    4.8865000000e+01    4.2400773753e+03
    4.8870000000e+01    4.0149862308e+03
    4.8875000000e+01    3.8268746056e+03
    4.8880000000e+01    3.6821691230e+03
    4.8885000000e+01    3.5864120333e+03
    4.8890000000e+01    3.5440973890e+03
    4.8895000000e+01    3.5585301319e+03
    4.8900000000e+01    3.6317123434e+03
    4.8905000000e+01    3.7642602557e+03
    4.8910000000e+01    3.9553548428e+03
    4.8915000000e+01    4.2027279485e+03
    4.8920000000e+01    4.5026849767e+03
    4.8925000000e+01    4.8501641997e+03
    4.8930000000e+01    5.2388317570e+03
    4.8935000000e+01    5.6612104572e+03
    4.8940000000e+01    6.1088395776e+03
    4.8945000000e+01    6.5724620209e+03
    4.8950000000e+01    7.0422344433e+03
    4.8955000000e+01    7.5079553601e+03
    4.8960000000e+01    7.9593057551e+03
    4.8965000000e+01    8.3860964090e+03
    4.8970000000e+01    8.7785160064e+03
    4.8975000000e+01    9.1273741058e+03
    4.8980000000e+01    9.4243332408e+03
    4.8985000000e+01    9.6621247787e+03
    4.8990000000e+01    9.8347436589e+03
    4.8995000000e+01    9.9376177792e+03
    4.9000000000e+01    9.9677485414e+03
    4.9005000000e+01    9.9238199175e+03
    4.9010000000e+01    9.8062742926e+03
    4.9015000000e+01    9.6173542831e+03
    4.9020000000e+01    9.3611106630e+03
    4.9025000000e+01    9.0433774421e+03
    4.9030000000e+01    8.6717159932e+03
    4.9035000000e+01    8.2553308916e+03
    4.9040000000e+01    7.8049607887e+03
    4.9045000000e+01    7.3327481689e+03
    4.9050000000e+01    6.8520922193e+03
    4.9055000000e+01    6.3774892650e+03
    4.9060000000e+01    5.9243652814e+03
    4.9065000000e+01    5.5089048886e+03
    4.9070000000e+01    5.1478809705e+03
    4.9075000000e+01    4.8584886485e+03
    4.9080000000e+01    4.6581867991e+03
    4.9085000000e+01    4.5645496514e+03
    4.9090000000e+01    4.5951302647e+03
    4.9095000000e+01    4.7673368953e+03
    4.9100000000e+01    5.0983224437e+03
    4.9105000000e+01    5.6048863636e+03
    4.9110000000e+01    6.3033876443e+03
    4.9115000000e+01    7.2096667789e+03
    4.9120000000e+01    8.3389740322e+03
    4.9125000000e+01    9.7059008488e+03
    4.9130000000e+01    1.1324310920e+04
    4.9135000000e+01    1.3207267272e+04
    4.9140000000e+01    1.5366951753e+04
    4.9145000000e+01    1.7814573513e+04
    4.9150000000e+01    2.0560263450e+04
    4.9155000000e+01    2.3612952148e+04
    4.9160000000e+01    2.6980229594e+04
    4.9165000000e+01    3.0668185774e+04
    4.9170000000e+01    3.4681232278e+04
    4.9175000000e+01    3.9021906080e+04
    4.9180000000e+01    4.3690657781e+04
    4.9185000000e+01    4.8685627738e+04
    4.9190000000e+01    5.4002414592e+04
    4.9195000000e+01    5.9633841739e+04
    4.9200000000e+01    6.5569728209e+04
    4.9205000000e+01    7.1796671197e+04
    4.9210000000e+01    7.8297848070e+04
    4.9215000000e+01    8.5052846070e+04
    4.9220000000e+01    9.2037528057e+04
    4.9225000000e+01    9.9223942548e+04
    4.9230000000e+01    1.0658028590e+05
    4.9235000000e+01    1.1407092389e+05
    4.9240000000e+01    1.2165647891e+05
    4.9245000000e+01    1.2929398808e+05
    4.9250000000e+01    1.3693713585e+05
    4.9255000000e+01    1.4453656336e+05
    4.9260000000e+01    1.5204025498e+05
    4.9265000000e+01    1.5939400045e+05
    4.9270000000e+01    1.6654192928e+05
    4.9275000000e+01    1.7342711198e+05
    4.9280000000e+01    1.7999222076e+05
    4.9285000000e+01    1.8618024051e+05
    4.9290000000e+01    1.9193521911e+05
    4.9295000000e+01    1.9720304461e+05
    4.9300000000e+01    2.0193223561e+05
    4.9305000000e+01    2.0607472995e+05
    4.9310000000e+01    2.0958665645e+05
    4.9315000000e+01    2.1242907379e+05
    4.9320000000e+01    2.1456866096e+05
    4.9325000000e+01    2.1597834379e+05
    4.9330000000e+01    2.1663784324e+05
    4.9335000000e+01    2.1653413197e+05
    4.9340000000e+01    2.1566178749e+05
    4.9345000000e+01    2.1402323184e+05
    4.9350000000e+01    2.1162885004e+05
    4.9355000000e+01    2.0849698186e+05
    4.9360000000e+01    2.0465378393e+05
    4.9365000000e+01    2.0013296210e+05
    4.9370000000e+01    1.9497537648e+05
    4.9375000000e+01    1.8922852454e+05
    4.9380000000e+01    1.8294591014e+05
    4.9385000000e+01    1.7618630891e+05
    4.9390000000e+01    1.6901294297e+05
    4.9395000000e+01    1.6149257965e+05
    4.9400000000e+01    1.5369457090e+05
    4.9405000000e+01    1.4568985143e+05
    4.9410000000e+01    1.3754991445e+05
    4.9415000000e+01    1.2934578469e+05
    4.9420000000e+01    1.2114700817e+05
    4.9425000000e+01    1.1302067830e+05
    4.9430000000e+01    1.0503051660e+05
    4.9435000000e+01    9.7236025603e+04
    4.9440000000e+01    8.9691729565e+04
    4.9445000000e+01    8.2446516891e+04
    4.9450000000e+01    7.5543095744e+04
    4.9455000000e+01    6.9017571891e+04
    4.9460000000e+01    6.2899155080e+04
    4.9465000000e+01    5.7209997403e+04
    4.9470000000e+01    5.1965164192e+04
    4.9475000000e+01    4.7172735113e+04
    4.9480000000e+01    4.2834030310e+04
    4.9485000000e+01    3.8943953789e+04
    4.9490000000e+01    3.5491443798e+04
    4.9495000000e+01    3.2460017795e+04
    4.9500000000e+01    2.9828397724e+04
    4.9505000000e+01    2.7571199892e+04
    4.9510000000e+01    2.5659672592e+04
    4.9515000000e+01    2.4062464026e+04
    4.9520000000e+01    2.2746402792e+04
    4.9525000000e+01    2.1677273435e+04
    4.9530000000e+01    2.0820570180e+04
    4.9535000000e+01    2.0142212949e+04
    4.9540000000e+01    1.9609211182e+04
    4.9545000000e+01    1.9190262658e+04
    4.9550000000e+01    1.8856276496e+04
    4.9555000000e+01    1.8580811708e+04
    4.9560000000e+01    1.8340425033e+04
    4.9565000000e+01    1.8114924207e+04
    4.9570000000e+01    1.7887525328e+04
    4.9575000000e+01    1.7644915376e+04
    4.9580000000e+01    1.7377223327e+04
    4.9585000000e+01    1.7077905435e+04
    4.9590000000e+01    1.6743552276e+04
    4.9595000000e+01    1.6373626818e+04
    4.9600000000e+01    1.5970144211e+04
    4.9605000000e+01    1.5537305088e+04
    4.9610000000e+01    1.5081094887e+04
    4.9615000000e+01    1.4608862092e+04
    4.9620000000e+01    1.4128888303e+04
    4.9625000000e+01    1.3649962727e+04
    4.9630000000e+01    1.3180972985e+04
    4.9635000000e+01    1.2730523202e+04
    4.9640000000e+01    1.2306589046e+04
    4.9645000000e+01    1.1916217984e+04
    4.9650000000e+01    1.1565281292e+04
    4.9655000000e+01    1.1258282648e+04
    4.9660000000e+01    1.0998226226e+04
    4.9665000000e+01    1.0786545352e+04
    4.9670000000e+01    1.0623090947e+04
    4.9675000000e+01    1.0506177199e+04
    4.9680000000e+01    1.0432680307e+04
    4.9685000000e+01    1.0398184657e+04
    4.9690000000e+01    1.0397169586e+04
    4.9695000000e+01    1.0423228881e+04
    4.9700000000e+01    1.0469314437e+04
    4.9705000000e+01    1.0527995060e+04
    4.9710000000e+01    1.0591721235e+04
    4.9715000000e+01    1.0653086815e+04
    4.9720000000e+01    1.0705078973e+04
    4.9725000000e+01    1.0741308430e+04
    4.9730000000e+01    1.0756212822e+04
    4.9735000000e+01    1.0745227176e+04
    4.9740000000e+01    1.0704916675e+04
    4.9745000000e+01    1.0633068238e+04
    4.9750000000e+01    1.0528738888e+04
    4.9755000000e+01    1.0392260300e+04
    4.9760000000e+01    1.0225200357e+04
    4.9765000000e+01    1.0030283943e+04
    4.9770000000e+01    9.8112764209e+03
    4.9775000000e+01    9.5728344134e+03
    4.9780000000e+01    9.3203294473e+03
    4.9785000000e+01    9.0596507829e+03
    4.9790000000e+01    8.7969943042e+03
    4.9795000000e+01    8.5386446569e+03
    4.9800000000e+01    8.2907579091e+03
    4.9805000000e+01    8.0591518566e+03
    4.9810000000e+01    7.8491107261e+03
    4.9815000000e+01    7.6652104480e+03
    4.9820000000e+01    7.5111699032e+03
    4.9825000000e+01    7.3897326285e+03
    4.9830000000e+01    7.3025824091e+03
    4.9835000000e+01    7.2502950463e+03
    4.9840000000e+01    7.2323273903e+03
    4.9845000000e+01    7.2470435117e+03
    4.9850000000e+01    7.2917766968e+03
    4.9855000000e+01    7.3629248137e+03
    4.9860000000e+01    7.4560755613e+03
    4.9865000000e+01    7.5661571959e+03
    4.9870000000e+01    7.6876095683e+03
    4.9875000000e+01    7.8145697134e+03
    4.9880000000e+01    7.9410658399e+03
    4.9885000000e+01    8.0612133608e+03
    4.9890000000e+01    8.1694066162e+03
    4.9895000000e+01    8.2605001411e+03
    4.9900000000e+01    8.3299737273e+03
    4.9905000000e+01    8.3740761058e+03
    4.9910000000e+01    8.3899428026e+03
    4.9915000000e+01    8.3756845885e+03
    4.9920000000e+01    8.3304439079e+03
    4.9925000000e+01    8.2544177143e+03
    4.9930000000e+01    8.1488462172e+03
    4.9935000000e+01    8.0159681315e+03
    4.9940000000e+01    7.8589440754e+03
    4.9945000000e+01    7.6817507574e+03
    4.9950000000e+01    7.4890494959e+03
    4.9955000000e+01    7.2860333987e+03
    4.9960000000e+01    7.0782581707e+03
    4.9965000000e+01    6.8714619994e+03
    4.9970000000e+01    6.6713802747e+03
    4.9975000000e+01    6.4835610218e+03
    4.9980000000e+01    6.3131868700e+03
    4.9985000000e+01    6.1649091337e+03
    4.9990000000e+01    6.0426991764e+03
    4.9995000000e+01    5.9497216506e+03
    5.0000000000e+01    5.8882335056e+03
    5.0005000000e+01    5.8595118247e+03
    5.0010000000e+01    5.8638126463e+03
    5.0015000000e+01    5.9003619441e+03
    5.0020000000e+01    5.9673789460e+03
    5.0025000000e+01    6.0621309631e+03
    5.0030000000e+01    6.1810179381e+03
    5.0035000000e+01    6.3196840100e+03
    5.0040000000e+01    6.4731525778e+03
    5.0045000000e+01    6.6359806400e+03
    5.0050000000e+01    6.8024276158e+03
    5.0055000000e+01    6.9666334369e+03
    5.0060000000e+01    7.1228004372e+03
    5.0065000000e+01    7.2653734827e+03
    5.0070000000e+01    7.3892128603e+03
    5.0075000000e+01    7.4897546961e+03
    5.0080000000e+01    7.5631540734e+03
    5.0085000000e+01    7.6064065696e+03
    5.0090000000e+01    7.6174446056e+03
    5.0095000000e+01    7.5952057768e+03
    5.0100000000e+01    7.5396711914e+03
    5.0105000000e+01    7.4518727536e+03
    5.0110000000e+01    7.3338692616e+03
    5.0115000000e+01    7.1886921228e+03
    5.0120000000e+01    7.0202623874e+03
    5.0125000000e+01    6.8332816447e+03
    5.0130000000e+01    6.6331000792e+03
    5.0135000000e+01    6.4255656427e+03
    5.0140000000e+01    6.2168588207e+03
    5.0145000000e+01    6.0133178656e+03
    5.0150000000e+01    5.8212596088e+03
    5.0155000000e+01    5.6468010491e+03
    5.0160000000e+01    5.4956868494e+03
    5.0165000000e+01    5.3731276502e+03
    5.0170000000e+01    5.2836537455e+03
    5.0175000000e+01    5.2309881756e+03
    5.0180000000e+01    5.2179426786e+03
    5.0185000000e+01    5.2463392417e+03
    5.0190000000e+01    5.3169592206e+03
    5.0195000000e+01    5.4295211667e+03
    5.0200000000e+01    5.5826876620e+03
    5.0205000000e+01    5.7741006137e+03
    5.0210000000e+01    6.0004436490e+03
    5.0215000000e+01    6.2575294874e+03
    5.0220000000e+01    6.5404094788e+03
    5.0225000000e+01    6.8435019033e+03
    5.0230000000e+01    7.1607351438e+03
    5.0235000000e+01    7.4857014839e+03
    5.0240000000e+01    7.8118170536e+03
    5.0245000000e+01    8.1324833558e+03
    5.0250000000e+01    8.4412458522e+03
    5.0255000000e+01    8.7319452673e+03
    5.0260000000e+01    8.9988575738e+03
    5.0265000000e+01    9.2368190459e+03
    5.0270000000e+01    9.4413332827e+03
    5.0275000000e+01    9.6086577079e+03
    5.0280000000e+01    9.7358677155e+03
    5.0285000000e+01    9.8208973341e+03
    5.0290000000e+01    9.8625560047e+03
    5.0295000000e+01    9.8605217852e+03
    5.0300000000e+01    9.8153119859e+03
    5.0305000000e+01    9.7282328828e+03
    5.0310000000e+01    9.6013107350e+03
    5.0315000000e+01    9.4372068251e+03
    5.0320000000e+01    9.2391196411e+03
    5.0325000000e+01    9.0106776078e+03
    5.0330000000e+01    8.7558259522e+03
    5.0335000000e+01    8.4787113496e+03
    5.0340000000e+01    8.1835679356e+03
    5.0345000000e+01    7.8746081050e+03
    5.0350000000e+01    7.5559212407e+03
    5.0355000000e+01    7.2313831507e+03
    5.0360000000e+01    6.9045785438e+03
    5.0365000000e+01    6.5787383643e+03
    5.0370000000e+01    6.2566932481e+03
    5.0375000000e+01    5.9408437829e+03
    5.0380000000e+01    5.6331476621e+03
    5.0385000000e+01    5.3351232465e+03
    5.0390000000e+01    5.0478685016e+03
    5.0395000000e+01    4.7720937802e+03
    5.0400000000e+01    4.5081664892e+03
    5.0405000000e+01    4.2561653222e+03
    5.0410000000e+01    4.0159414742e+03
    5.0415000000e+01    3.7871840837e+03
    5.0420000000e+01    3.5694870751e+03
    5.0425000000e+01    3.3624146051e+03
    5.0430000000e+01    3.1655624438e+03
    5.0435000000e+01    2.9786128405e+03
    5.0440000000e+01    2.8013807298e+03
    5.0445000000e+01    2.6338495071e+03
    5.0450000000e+01    2.4761950357e+03
    5.0455000000e+01    2.3287970285e+03
    5.0460000000e+01    2.1922374424e+03
    5.0465000000e+01    2.0672860415e+03
    5.0470000000e+01    1.9548737774e+03
    5.0475000000e+01    1.8560551161e+03
    5.0480000000e+01    1.7719608648e+03
    5.0485000000e+01    1.7037434278e+03
    5.0490000000e+01    1.6525167204e+03
    5.0495000000e+01    1.6192931900e+03
    5.0500000000e+01    1.6049205268e+03
    5.0505000000e+01    1.6100206832e+03
    5.0510000000e+01    1.6349337690e+03
    5.0515000000e+01    1.6796692386e+03
    5.0520000000e+01    1.7438665547e+03
    5.0525000000e+01    1.8267671959e+03
    5.0530000000e+01    1.9271994953e+03
    5.0535000000e+01    2.0435773560e+03
    5.0540000000e+01    2.1739134104e+03
    5.0545000000e+01    2.3158466854e+03
    5.0550000000e+01    2.4666843208e+03
    5.0555000000e+01    2.6234563885e+03
    5.0560000000e+01    2.7829823789e+03
    5.0565000000e+01    2.9419474907e+03
    5.0570000000e+01    3.0969864819e+03
    5.0575000000e+01    3.2447725361e+03
    5.0580000000e+01    3.3821083723e+03
    5.0585000000e+01    3.5060166972e+03
    5.0590000000e+01    3.6138270535e+03
    5.0595000000e+01    3.7032561828e+03
    5.0600000000e+01    3.7724791713e+03
    5.0605000000e+01    3.8201888950e+03
    5.0610000000e+01    3.8456416132e+03
    5.0615000000e+01    3.8486869609e+03
    5.0620000000e+01    3.8297810648e+03
    5.0625000000e+01    3.7899820186e+03
    5.0630000000e+01    3.7309275018e+03
    5.0635000000e+01    3.6547948898e+03
    5.0640000000e+01    3.5642447583e+03
    5.0645000000e+01    3.4623492218e+03
    5.0650000000e+01    3.3525070435e+03
    5.0655000000e+01    3.2383478958e+03
    5.0660000000e+01    3.1236285210e+03
    5.0665000000e+01    3.0121238343e+03
    5.0670000000e+01    2.9075162065e+03
    5.0675000000e+01    2.8132862633e+03
    5.0680000000e+01    2.7326085322e+03
    5.0685000000e+01    2.6682551614e+03
    5.0690000000e+01    2.6225107214e+03
    5.0695000000e+01    2.5971007972e+03
    5.0700000000e+01    2.5931366828e+03
    5.0705000000e+01    2.6110780228e+03
    5.0710000000e+01    2.6507147148e+03
    5.0715000000e+01    2.7111688112e+03
    5.0720000000e+01    2.7909165536e+03
    5.0725000000e+01    2.8878300603e+03
    5.0730000000e+01    2.9992375837e+03
    5.0735000000e+01    3.1220006777e+03
    5.0740000000e+01    3.2526060840e+03
    5.0745000000e+01    3.3872696812e+03
    5.0750000000e+01    3.5220494488e+03
    5.0755000000e+01    3.6529640991e+03
    5.0760000000e+01    3.7761138303e+03
    5.0765000000e+01    3.8877995610e+03
    5.0770000000e+01    3.9846370229e+03
    5.0775000000e+01    4.0636622173e+03
    5.0780000000e+01    4.1224249749e+03
    5.0785000000e+01    4.1590676948e+03
    5.0790000000e+01    4.1723867662e+03
    5.0795000000e+01    4.1618746811e+03
    5.0800000000e+01    4.1277414167e+03
    5.0805000000e+01    4.0709142844e+03
    5.0810000000e+01    3.9930160842e+03
    5.0815000000e+01    3.8963220616e+03
    5.0820000000e+01    3.7836968046e+03
    5.0825000000e+01    3.6585128343e+03
    5.0830000000e+01    3.5245532050e+03
    5.0835000000e+01    3.3859009294e+03
    5.0840000000e+01    3.2468184603e+03
    5.0845000000e+01    3.1116207819e+03
    5.0850000000e+01    2.9845458794e+03
    5.0855000000e+01    2.8696264635e+03
    5.0860000000e+01    2.7705668110e+03
    5.0865000000e+01    2.6906284588e+03
    5.0870000000e+01    2.6325282471e+03
    5.0875000000e+01    2.5983518615e+03
    5.0880000000e+01    2.5894855825e+03
    5.0885000000e+01    2.6065684215e+03
    5.0890000000e+01    2.6494662332e+03
    5.0895000000e+01    2.7172687428e+03
    5.0900000000e+01    2.8083097557e+03
    5.0905000000e+01    2.9202101242e+03
    5.0910000000e+01    3.0499423669e+03
    5.0915000000e+01    3.1939151875e+03
    5.0920000000e+01    3.3480755339e+03
    5.0925000000e+01    3.5080253047e+03
    5.0930000000e+01    3.6691493575e+03
    5.0935000000e+01    3.8267511146e+03
    5.0940000000e+01    3.9761918145e+03
    5.0945000000e+01    4.1130293238e+03
    5.0950000000e+01    4.2331524094e+03
    5.0955000000e+01    4.3329064779e+03
    5.0960000000e+01    4.4092070146e+03
    5.0965000000e+01    4.4596372894e+03
    5.0970000000e+01    4.4825273384e+03
    5.0975000000e+01    4.4770117552e+03
    5.0980000000e+01    4.4430644338e+03
    5.0985000000e+01    4.3815090609e+03
    5.0990000000e+01    4.2940048589e+03
    5.0995000000e+01    4.1830077942e+03
    5.1000000000e+01    4.0517081810e+03
    5.1005000000e+01    3.9039463012e+03
    5.1010000000e+01    3.7441083051e+03
    5.1015000000e+01    3.5770052444e+03
    5.1020000000e+01    3.4077385896e+03
    5.1025000000e+01    3.2415559952e+03
    5.1030000000e+01    3.0837013778e+03
    5.1035000000e+01    2.9392635591e+03
    5.1040000000e+01    2.8130277930e+03
    5.1045000000e+01    2.7093344360e+03
    5.1050000000e+01    2.6319488442e+03
    5.1055000000e+01    2.5839462815e+03
    5.1060000000e+01    2.5676152215e+03
    5.1065000000e+01    2.5843819216e+03
    5.1070000000e+01    2.6347585663e+03
    5.1075000000e+01    2.7183166237e+03
    5.1080000000e+01    2.8336863646e+03
    5.1085000000e+01    2.9785827623e+03
    5.1090000000e+01    3.1498572658e+03
    5.1095000000e+01    3.3435742105e+03
    5.1100000000e+01    3.5551099533e+03
    5.1105000000e+01    3.7792721785e+03
    5.1110000000e+01    4.0104362663e+03
    5.1115000000e+01    4.2426951340e+03
    5.1120000000e+01    4.4700185881e+03
    5.1125000000e+01    4.6864179587e+03
    5.1130000000e+01    4.8861116377e+03
    5.1135000000e+01    5.0636871163e+03
    5.1140000000e+01    5.2142552072e+03
    5.1145000000e+01    5.3335923505e+03
    5.1150000000e+01    5.4182672225e+03
    5.1155000000e+01    5.4657482918e+03
    5.1160000000e+01    5.4744894801e+03
    5.1165000000e+01    5.4439916731e+03
    5.1170000000e+01    5.3748384738e+03
    5.1175000000e+01    5.2687052745e+03
    5.1180000000e+01    5.1283414315e+03
    5.1185000000e+01    4.9575260304e+03
    5.1190000000e+01    4.7609984192e+03
    5.1195000000e+01    4.5443653328e+03
    5.1200000000e+01    4.3139870302e+03
    5.1205000000e+01    4.0768453833e+03
    5.1210000000e+01    3.8403972970e+03
    5.1215000000e+01    3.6124171815e+03
    5.1220000000e+01    3.4008324325e+03
    5.1225000000e+01    3.2135560041e+03
    5.1230000000e+01    3.0583201770e+03
    5.1235000000e+01    2.9425155256e+03
    5.1240000000e+01    2.8730388920e+03
    5.1245000000e+01    2.8561538732e+03
    5.1250000000e+01    2.8973669386e+03
    5.1255000000e+01    3.0013218316e+03
    5.1260000000e+01    3.1717143825e+03
    5.1265000000e+01    3.4112292814e+03
    5.1270000000e+01    3.7214997633e+03
    5.1275000000e+01    4.1030905350e+03
    5.1280000000e+01    4.5555036686e+03
    5.1285000000e+01    5.0772065970e+03
    5.1290000000e+01    5.6656807959e+03
    5.1295000000e+01    6.3174892461e+03
    5.1300000000e+01    7.0283603356e+03
    5.1305000000e+01    7.7932855135e+03
    5.1310000000e+01    8.6066277371e+03
    5.1315000000e+01    9.4622375805e+03
    5.1320000000e+01    1.0353573789e+04
    5.1325000000e+01    1.1273825077e+04
    5.1330000000e+01    1.2216030068e+04
    5.1335000000e+01    1.3173192467e+04
    5.1340000000e+01    1.4138388813e+04
    5.1345000000e+01    1.5104866508e+04
    5.1350000000e+01    1.6066130200e+04
    5.1355000000e+01    1.7016015020e+04
    5.1360000000e+01    1.7948745672e+04
    5.1365000000e+01    1.8858980789e+04
    5.1370000000e+01    1.9741842521e+04
    5.1375000000e+01    2.0592931706e+04
    5.1380000000e+01    2.1408329449e+04
    5.1385000000e+01    2.2184586322e+04
    5.1390000000e+01    2.2918700703e+04
    5.1395000000e+01    2.3608088082e+04
    5.1400000000e+01    2.4250543341e+04
    5.1405000000e+01    2.4844198161e+04
    5.1410000000e+01    2.5387475751e+04
    5.1415000000e+01    2.5879045098e+04
    5.1420000000e+01    2.6317776799e+04
    5.1425000000e+01    2.6702702436e+04
    5.1430000000e+01    2.7032979163e+04
    5.1435000000e+01    2.7307860956e+04
    5.1440000000e+01    2.7526677622e+04
    5.1445000000e+01    2.7688822324e+04
    5.1450000000e+01    2.7793748006e+04
    5.1455000000e+01    2.7840972743e+04
    5.1460000000e+01    2.7830093636e+04
    5.1465000000e+01    2.7760808566e+04
    5.1470000000e+01    2.7632944758e+04
    5.1475000000e+01    2.7446492863e+04
    5.1480000000e+01    2.7201644996e+04
    5.1485000000e+01    2.6898835044e+04
    5.1490000000e+01    2.6538779383e+04
    5.1495000000e+01    2.6122516162e+04
    5.1500000000e+01    2.5651441271e+04
    5.1505000000e+01    2.5127339237e+04
    5.1510000000e+01    2.4552407418e+04
    5.1515000000e+01    2.3929272060e+04
    5.1520000000e+01    2.3260995062e+04
    5.1525000000e+01    2.2551070543e+04
    5.1530000000e+01    2.1803410685e+04
    5.1535000000e+01    2.1022320614e+04
    5.1540000000e+01    2.0212462477e+04
    5.1545000000e+01    1.9378809208e+04
    5.1550000000e+01    1.8526588813e+04
    5.1555000000e+01    1.7661220327e+04
    5.1560000000e+01    1.6788242873e+04
    5.1565000000e+01    1.5913239478e+04
    5.1570000000e+01    1.5041757516e+04
    5.1575000000e+01    1.4179227735e+04
    5.1580000000e+01    1.3330883938e+04
    5.1585000000e+01    1.2501685358e+04
    5.1590000000e+01    1.1696243736e+04
    5.1595000000e+01    1.0918756973e+04
    5.1600000000e+01    1.0172951072e+04
    5.1605000000e+01    9.4620318424e+03
    5.1610000000e+01    8.7886475847e+03
    5.1615000000e+01    8.1548636516e+03
    5.1620000000e+01    7.5621494670e+03
    5.1625000000e+01    7.0113782221e+03
    5.1630000000e+01    6.5028391234e+03
    5.1635000000e+01    6.0362617175e+03
    5.1640000000e+01    5.6108514862e+03
    5.1645000000e+01    5.2253356028e+03
    5.1650000000e+01    4.8780174715e+03
    5.1655000000e+01    4.5668384440e+03
    5.1660000000e+01    4.2894449342e+03
    5.1665000000e+01    4.0432590305e+03
    5.1670000000e+01    3.8255506416e+03
    5.1675000000e+01    3.6335092087e+03
    5.1680000000e+01    3.4643130723e+03
    5.1685000000e+01    3.3151946934e+03
    5.1690000000e+01    3.1835000925e+03
    5.1695000000e+01    3.0667410817e+03
    5.1700000000e+01    2.9626391131e+03
    5.1705000000e+01    2.8691598512e+03
    5.1710000000e+01    2.7845378781e+03
    5.1715000000e+01    2.7072912575e+03
    5.1720000000e+01    2.6362260025e+03
    5.1725000000e+01    2.5704308007e+03
    5.1730000000e+01    2.5092626467e+03
    5.1735000000e+01    2.4523242971e+03
    5.1740000000e+01    2.3994346950e+03
    5.1745000000e+01    2.3505937058e+03
    5.1750000000e+01    2.3059426477e+03
    5.1755000000e+01    2.2657221940e+03
    5.1760000000e+01    2.2302292692e+03
    5.1765000000e+01    2.1997745420e+03
    5.1770000000e+01    2.1746420592e+03
    5.1775000000e+01    2.1550524443e+03
    5.1780000000e+01    2.1411309303e+03
    5.1785000000e+01    2.1328812897e+03
    5.1790000000e+01    2.1301665012e+03
    5.1795000000e+01    2.1326967290e+03
    5.1800000000e+01    2.1400249233e+03
    5.1805000000e+01    2.1515500725e+03
    5.1810000000e+01    2.1665278589e+03
    5.1815000000e+01    2.1840882115e+03
    5.1820000000e+01    2.2032590013e+03
    5.1825000000e+01    2.2229949153e+03
    5.1830000000e+01    2.2422103634e+03
    5.1835000000e+01    2.2598151365e+03
    5.1840000000e+01    2.2747514407e+03
    5.1845000000e+01    2.2860308900e+03
    5.1850000000e+01    2.2927700441e+03
    5.1855000000e+01    2.2942231327e+03
    5.1860000000e+01    2.2898107094e+03
    5.1865000000e+01    2.2791431218e+03
    5.1870000000e+01    2.2620378670e+03
    5.1875000000e+01    2.2385301176e+03
    5.1880000000e+01    2.2088759402e+03
    5.1885000000e+01    2.1735479861e+03
    5.1890000000e+01    2.1332236949e+03
    5.1895000000e+01    2.0887663164e+03
    5.1900000000e+01    2.0411993067e+03
    5.1905000000e+01    1.9916748908e+03
    5.1910000000e+01    1.9414377880e+03
    5.1915000000e+01    1.8917852756e+03
    5.1920000000e+01    1.8440248993e+03
    5.1925000000e+01    1.7994312300e+03
    5.1930000000e+01    1.7592031135e+03
    5.1935000000e+01    1.7244228549e+03
    5.1940000000e+01    1.6960187264e+03
    5.1945000000e+01    1.6747320902e+03
    5.1950000000e+01    1.6610902838e+03
    5.1955000000e+01    1.6553862316e+03
    5.1960000000e+01    1.6576655345e+03
    5.1965000000e+01    1.6677215435e+03
    5.1970000000e+01    1.6850986653e+03
    5.1975000000e+01    1.7091038762e+03
    5.1980000000e+01    1.7388261498e+03
    5.1985000000e+01    1.7731632398e+03
    5.1990000000e+01    1.8108550110e+03
    5.1995000000e+01    1.8505222928e+03
    5.2000000000e+01    1.8907100330e+03
    5.2005000000e+01    1.9299333855e+03
    5.2010000000e+01    1.9667252506e+03
    5.2015000000e+01    1.9996837315e+03
    5.2020000000e+01    2.0275179570e+03
    5.2025000000e+01    2.0490907626e+03
    5.2030000000e+01    2.0634568096e+03
    5.2035000000e+01    2.0698948601e+03
    5.2040000000e+01    2.0679331048e+03
    5.2045000000e+01    2.0573666549e+03
    5.2050000000e+01    2.0382665601e+03
    5.2055000000e+01    2.0109799815e+03
    5.2060000000e+01    1.9761214325e+03
    5.2065000000e+01    1.9345552911e+03
    5.2070000000e+01    1.8873700692e+03
    5.2075000000e+01    1.8358451991e+03
    5.2080000000e+01    1.7814113416e+03
    5.2085000000e+01    1.7256054424e+03
    5.2090000000e+01    1.6700219428e+03
    5.2095000000e+01    1.6162616851e+03
    5.2100000000e+01    1.5658801452e+03
    5.2105000000e+01    1.5203366575e+03
    5.2110000000e+01    1.4809462823e+03
    5.2115000000e+01    1.4488358936e+03
    5.2120000000e+01    1.4249059465e+03
    5.2125000000e+01    1.4097992102e+03
    5.2130000000e+01    1.4038775411e+03
    5.2135000000e+01    1.4072075239e+03
    5.2140000000e+01    1.4195555268e+03
    5.2145000000e+01    1.4403924221e+03
    5.2150000000e+01    1.4689079128e+03
    5.2155000000e+01    1.5040340981e+03
    5.2160000000e+01    1.5444776072e+03
    5.2165000000e+01    1.5887593510e+03
    5.2170000000e+01    1.6352606845e+03
    5.2175000000e+01    1.6822745571e+03
    5.2180000000e+01    1.7280600482e+03
    5.2185000000e+01    1.7708985654e+03
    5.2190000000e+01    1.8091499052e+03
    5.2195000000e+01    1.8413063656e+03
    5.2200000000e+01    1.8660431387e+03
    5.2205000000e+01    1.8822633133e+03
    5.2210000000e+01    1.8891359701e+03
    5.2215000000e+01    1.8861260568e+03
    5.2220000000e+01    1.8730149782e+03
    5.2225000000e+01    1.8499111218e+03
    5.2230000000e+01    1.8172498513e+03
    5.2235000000e+01    1.7757828351e+03
    5.2240000000e+01    1.7265569134e+03
    5.2245000000e+01    1.6708830502e+03
    5.2250000000e+01    1.6102962369e+03
    5.2255000000e+01    1.5465075195e+03
    5.2260000000e+01    1.4813495908e+03
    5.2265000000e+01    1.4167176116e+03
    5.2270000000e+01    1.3545071091e+03
    5.2275000000e+01    1.2965509178e+03
    5.2280000000e+01    1.2445571907e+03
    5.2285000000e+01    1.2000505110e+03
    5.2290000000e+01    1.1643180646e+03
    5.2295000000e+01    1.1383627108e+03
    5.2300000000e+01    1.1228646001e+03
    5.2305000000e+01    1.1181527463e+03
    5.2310000000e+01    1.1241876736e+03
    5.2315000000e+01    1.1405559291e+03
    5.2320000000e+01    1.1664768935e+03
    5.2325000000e+01    1.2008219472e+03
    5.2330000000e+01    1.2421456607e+03
    5.2335000000e+01    1.2887282990e+03
    5.2340000000e+01    1.3386285623e+03
    5.2345000000e+01    1.3897451460e+03
    5.2350000000e+01    1.4398854015e+03
    5.2355000000e+01    1.4868391237e+03
    5.2360000000e+01    1.5284552927e+03
    5.2365000000e+01    1.5627194610e+03
    5.2370000000e+01    1.5878294062e+03
    5.2375000000e+01    1.6022666727e+03
    5.2380000000e+01    1.6048616979e+03
    5.2385000000e+01    1.5948503604e+03
    5.2390000000e+01    1.5719199991e+03
    5.2395000000e+01    1.5362432233e+03
    5.2400000000e+01    1.4884981603e+03
    5.2405000000e+01    1.4298741602e+03
    5.2410000000e+01    1.3620623809e+03
    5.2415000000e+01    1.2872311145e+03
    5.2420000000e+01    1.2079861501e+03
    5.2425000000e+01    1.1273169168e+03
    5.2430000000e+01    1.0485295722e+03
    5.2435000000e+01    9.7516860356e+02
    5.2440000000e+01    9.1092887001e+02
    5.2445000000e+01    8.5956032293e+02
    5.2450000000e+01    8.2476789541e+02
    5.2455000000e+01    8.1010923386e+02
    5.2460000000e+01    8.1889305545e+02
    5.2465000000e+01    8.5408094781e+02
    5.2470000000e+01    9.1819538025e+02
    5.2475000000e+01    1.0132365701e+03
    5.2480000000e+01    1.1406106452e+03
    5.2485000000e+01    1.3010712719e+03
    5.2490000000e+01    1.4946765771e+03
    5.2495000000e+01    1.7207628048e+03
    5.2500000000e+01    1.9779357067e+03
    5.2505000000e+01    2.2640801978e+03
    5.2510000000e+01    2.5763883205e+03
    5.2515000000e+01    2.9114050612e+03
    5.2520000000e+01    3.2650910812e+03
    5.2525000000e+01    3.6329009538e+03
    5.2530000000e+01    4.0098750712e+03
    5.2535000000e+01    4.3907430014e+03
    5.2540000000e+01    4.7700357486e+03
    5.2545000000e+01    5.1422041151e+03
    5.2550000000e+01    5.5017401790e+03
    5.2555000000e+01    5.8432988023e+03
    5.2560000000e+01    6.1618160642e+03
    5.2565000000e+01    6.4526215841e+03
    5.2570000000e+01    6.7115418465e+03
    5.2575000000e+01    6.9349918719e+03
    5.2580000000e+01    7.1200528790e+03
    5.2585000000e+01    7.2645339509e+03
    5.2590000000e+01    7.3670161410e+03
    5.2595000000e+01    7.4268779176e+03
    5.2600000000e+01    7.4443013443e+03
    5.2605000000e+01    7.4202589014e+03
    5.2610000000e+01    7.3564813707e+03
    5.2615000000e+01    7.2554077056e+03
    5.2620000000e+01    7.1201182842e+03
    5.2625000000e+01    6.9542533821e+03
    5.2630000000e+01    6.7619190818e+03
    5.2635000000e+01    6.5475831637e+03
    5.2640000000e+01    6.3159637727e+03
    5.2645000000e+01    6.0719138300e+03
    5.2650000000e+01    5.8203042515e+03
    5.2655000000e+01    5.5659090418e+03
    5.2660000000e+01    5.3132952560e+03
    5.2665000000e+01    5.0667206610e+03
    5.2670000000e+01    4.8300416940e+03
    5.2675000000e+01    4.6066340061e+03
    5.2680000000e+01    4.3993275133e+03
    5.2685000000e+01    4.2103574571e+03
    5.2690000000e+01    4.0413325198e+03
    5.2695000000e+01    3.8932205582e+03
    5.2700000000e+01    3.7663520220e+03
    5.2705000000e+01    3.6604406342e+03
    5.2710000000e+01    3.5746204327e+03
    5.2715000000e+01    3.5074978289e+03
    5.2720000000e+01    3.4572169316e+03
    5.2725000000e+01    3.4215360372e+03
    5.2730000000e+01    3.3979128998e+03
    5.2735000000e+01    3.3835961742e+03
    5.2740000000e+01    3.3757202912e+03
    5.2745000000e+01    3.3714009586e+03
    5.2750000000e+01    3.3678285050e+03
    5.2755000000e+01    3.3623563848e+03
    5.2760000000e+01    3.3525823377e+03
    5.2765000000e+01    3.3364199460e+03
    5.2770000000e+01    3.3121586425e+03
    5.2775000000e+01    3.2785105862e+03
    5.2780000000e+01    3.2346432294e+03
    5.2785000000e+01    3.1801968379e+03
    5.2790000000e+01    3.1152866782e+03
    5.2795000000e+01    3.0404900460e+03
    5.2800000000e+01    2.9568187574e+03
    5.2805000000e+01    2.8656781516e+03
    5.2810000000e+01    2.7688140452e+03
    5.2815000000e+01    2.6682494222e+03
    5.2820000000e+01    2.5662129354e+03
    5.2825000000e+01    2.4650615186e+03
    5.2830000000e+01    2.3671995650e+03
    5.2835000000e+01    2.2749972081e+03
    5.2840000000e+01    2.1907102456e+03
    5.2845000000e+01    2.1164041763e+03
    5.2850000000e+01    2.0538846750e+03
    5.2855000000e+01    2.0046366186e+03
    5.2860000000e+01    1.9697735005e+03
    5.2865000000e+01    1.9499987436e+03
    5.2870000000e+01    1.9455800506e+03
    5.2875000000e+01    1.9563375282e+03
    5.2880000000e+01    1.9816458972e+03
    5.2885000000e+01    2.0204506730e+03
    5.2890000000e+01    2.0712977746e+03
    5.2895000000e+01    2.1323756163e+03
    5.2900000000e+01    2.2015683599e+03
    5.2905000000e+01    2.2765186712e+03
    5.2910000000e+01    2.3546980430e+03
    5.2915000000e+01    2.4334825206e+03
    5.2920000000e+01    2.5102315120e+03
    5.2925000000e+01    2.5823672739e+03
    5.2930000000e+01    2.6474526520e+03
    5.2935000000e+01    2.7032647117e+03
    5.2940000000e+01    2.7478620221e+03
    5.2945000000e+01    2.7796435556e+03
    5.2950000000e+01    2.7973974155e+03
    5.2955000000e+01    2.8003379193e+03
    5.2960000000e+01    2.7881299120e+03
    5.2965000000e+01    2.7608995725e+03
    5.2970000000e+01    2.7192313817e+03
    5.2975000000e+01    2.6641513343e+03
    5.2980000000e+01    2.5970968935e+03
    5.2985000000e+01    2.5198745780e+03
    5.2990000000e+01    2.4346064473e+03
    5.2995000000e+01    2.3436670761e+03
    5.3000000000e+01    2.2496128975e+03
    5.3005000000e+01    2.1551060180e+03
    5.3010000000e+01    2.0628347735e+03
    5.3015000000e+01    1.9754333924e+03
    5.3020000000e+01    1.8954031562e+03
    5.3025000000e+01    1.8250374060e+03
    5.3030000000e+01    1.7663526260e+03
    5.3035000000e+01    1.7210276586e+03
    5.3040000000e+01    1.6903528597e+03
    5.3045000000e+01    1.6751907137e+03
    5.3050000000e+01    1.6759490835e+03
    5.3055000000e+01    1.6925679024e+03
    5.3060000000e+01    1.7245197128e+03
    5.3065000000e+01    1.7708240507e+03
    5.3070000000e+01    1.8300752659e+03
    5.3075000000e+01    1.9004829719e+03
    5.3080000000e+01    1.9799239445e+03
    5.3085000000e+01    2.0660039557e+03
    5.3090000000e+01    2.1561277323e+03
    5.3095000000e+01    2.2475749908e+03
    5.3100000000e+01    2.3375803232e+03
    5.3105000000e+01    2.4234145896e+03
    5.3110000000e+01    2.5024654342e+03
    5.3115000000e+01    2.5723145614e+03
    5.3120000000e+01    2.6308095039e+03
    5.3125000000e+01    2.6761277772e+03
    5.3130000000e+01    2.7068315310e+03
    5.3135000000e+01    2.7219110897e+03
    5.3140000000e+01    2.7208160941e+03
    5.3145000000e+01    2.7034733175e+03
    5.3150000000e+01    2.6702906166e+03
    5.3155000000e+01    2.6221468811e+03
    5.3160000000e+01    2.5603682496e+03
    5.3165000000e+01    2.4866912612e+03
    5.3170000000e+01    2.4032139878e+03
    5.3175000000e+01    2.3123365419e+03
    5.3180000000e+01    2.2166926613e+03
    5.3185000000e+01    2.1190743322e+03
    5.3190000000e+01    2.0223516101e+03
    5.3195000000e+01    1.9293899411e+03
    5.3200000000e+01    1.8429673553e+03
    5.3205000000e+01    1.7656939120e+03
    5.3210000000e+01    1.6999357076e+03
    5.3215000000e+01    1.6477456339e+03
    5.3220000000e+01    1.6108028742e+03
    5.3225000000e+01    1.5903628830e+03
    5.3230000000e+01    1.5872192908e+03
    5.3235000000e+01    1.6016788398e+03
    5.3240000000e+01    1.6335500840e+03
    5.3245000000e+01    1.6821461997e+03
    5.3250000000e+01    1.7463018484e+03
    5.3255000000e+01    1.8244036431e+03
    5.3260000000e+01    1.9144333799e+03
    5.3265000000e+01    2.0140228423e+03
    5.3270000000e+01    2.1205186595e+03
    5.3275000000e+01    2.2310554197e+03
    5.3280000000e+01    2.3426350110e+03
    5.3285000000e+01    2.4522099906e+03
    5.3290000000e+01    2.5567686752e+03
    5.3295000000e+01    2.6534195997e+03
    5.3300000000e+01    2.7394730152e+03
    5.3305000000e+01    2.8125171839e+03
    5.3310000000e+01    2.8704873763e+03
    5.3315000000e+01    2.9117256854e+03
    5.3320000000e+01    2.9350300299e+03
    5.3325000000e+01    2.9396910184e+03
    5.3330000000e+01    2.9255156886e+03
    5.3335000000e+01    2.8928374931e+03
    5.3340000000e+01    2.8425122849e+03
    5.3345000000e+01    2.7759004349e+03
    5.3350000000e+01    2.6948355917e+03
    5.3355000000e+01    2.6015809510e+03
    5.3360000000e+01    2.4987742346e+03
    5.3365000000e+01    2.3893628767e+03
    5.3370000000e+01    2.2765311646e+03
    5.3375000000e+01    2.1636212879e+03
    5.3380000000e+01    2.0540503929e+03
    5.3385000000e+01    1.9512258303e+03
    5.3390000000e+01    1.8584608103e+03
    5.3395000000e+01    1.7788926453e+03
    5.3400000000e+01    1.7154056703e+03
    5.3405000000e+01    1.6705607802e+03
    5.3410000000e+01    1.6465333254e+03
    5.3415000000e+01    1.6450608635e+03
    5.3420000000e+01    1.6674019832e+03
    5.3425000000e+01    1.7143071051e+03
    5.3430000000e+01    1.7860018381e+03
    5.3435000000e+01    1.8821831245e+03
    5.3440000000e+01    2.0020280700e+03
    5.3445000000e+01    2.1442150208e+03
    5.3450000000e+01    2.3069561361e+03
    5.3455000000e+01    2.4880404171e+03
    5.3460000000e+01    2.6848858990e+03
    5.3465000000e+01    2.8945995003e+03
    5.3470000000e+01    3.1140428555e+03
    5.3475000000e+01    3.3399023409e+03
    5.3480000000e+01    3.5687614344e+03
    5.3485000000e+01    3.7971735405e+03
    5.3490000000e+01    4.0217334475e+03
    5.3495000000e+01    4.2391456727e+03
    5.3500000000e+01    4.4462880866e+03
    5.3505000000e+01    4.6402693812e+03
    5.3510000000e+01    4.8184791594e+03
    5.3515000000e+01    4.9786296596e+03
    5.3520000000e+01    5.1187883891e+03
    5.3525000000e+01    5.2374012147e+03
    5.3530000000e+01    5.3333057312e+03
    5.3535000000e+01    5.4057350034e+03
    5.3540000000e+01    5.4543120385e+03
    5.3545000000e+01    5.4790355872e+03
    5.3550000000e+01    5.4802580877e+03
    5.3555000000e+01    5.4586567519e+03
    5.3560000000e+01    5.4151989445e+03
    5.3565000000e+01    5.3511031119e+03
    5.3570000000e+01    5.2677965883e+03
    5.3575000000e+01    5.1668716319e+03
    5.3580000000e+01    5.0500410281e+03
    5.3585000000e+01    4.9190945391e+03
    5.3590000000e+01    4.7758573886e+03
    5.3595000000e+01    4.6221518396e+03
    5.3600000000e+01    4.4597627746e+03
    5.3605000000e+01    4.2904080026e+03
    5.3610000000e+01    4.1157138318e+03
    5.3615000000e+01    3.9371962378e+03
    5.3620000000e+01    3.7562477556e+03
    5.3625000000e+01    3.5741300205e+03
    5.3630000000e+01    3.3919716921e+03
    5.3635000000e+01    3.2107713232e+03
    5.3640000000e+01    3.0314045801e+03
    5.3645000000e+01    2.8546350974e+03
    5.3650000000e+01    2.6811281527e+03
    5.3655000000e+01    2.5114662830e+03
    5.3660000000e+01    2.3461659349e+03
    5.3665000000e+01    2.1856942445e+03
    5.3670000000e+01    2.0304850795e+03
    5.3675000000e+01    1.8809535436e+03
    5.3680000000e+01    1.7375082412e+03
    5.3685000000e+01    1.6005607177e+03
    5.3690000000e+01    1.4705316322e+03
    5.3695000000e+01    1.3478533727e+03
    5.3700000000e+01    1.2329689872e+03
    5.3705000000e+01    1.1263274658e+03
    5.3710000000e+01    1.0283755759e+03
    5.3715000000e+01    9.3954660019e+02
    5.3720000000e+01    8.6024646829e+02
    5.3725000000e+01    7.9083789207e+02
    5.3730000000e+01    7.3162320805e+02
    5.3735000000e+01    6.8282670138e+02
    5.3740000000e+01    6.4457722434e+02
    5.3745000000e+01    6.1689193140e+02
    5.3750000000e+01    5.9966193121e+02
    5.3755000000e+01    5.9264060351e+02
    5.3760000000e+01    5.9543524815e+02
    5.3765000000e+01    6.0750262729e+02
    5.3770000000e+01    6.2814883261e+02
    5.3775000000e+01    6.5653376315e+02
    5.3780000000e+01    6.9168033977e+02
    5.3785000000e+01    7.3248841518e+02
    5.3790000000e+01    7.7775316980e+02
    5.3795000000e+01    8.2618761874e+02
    5.3800000000e+01    8.7644870023e+02
    5.3805000000e+01    9.2716627544e+02
    5.3810000000e+01    9.7697424969e+02
    5.3815000000e+01    1.0245429289e+03
    5.3820000000e+01    1.0686116570e+03
    5.3825000000e+01    1.1080207423e+03
    5.3830000000e+01    1.1417416754e+03
    5.3835000000e+01    1.1689046663e+03
    5.3840000000e+01    1.1888225913e+03
    5.3845000000e+01    1.2010105252e+03
    5.3850000000e+01    1.2052001571e+03
    5.3855000000e+01    1.2013485266e+03
    5.3860000000e+01    1.1896406850e+03
    5.3865000000e+01    1.1704860604e+03
    5.3870000000e+01    1.1445084983e+03
    5.3875000000e+01    1.1125301400e+03
    5.3880000000e+01    1.0755494935e+03
    5.3885000000e+01    1.0347142337e+03
    5.3890000000e+01    9.9128943940e+02
    5.3895000000e+01    9.4662212251e+02
    5.3900000000e+01    9.0210303330e+02
    5.3905000000e+01    8.5912682012e+02
    5.3910000000e+01    8.1905168906e+02
    5.3915000000e+01    7.8315973964e+02
    5.3920000000e+01    7.5261914839e+02
    5.3925000000e+01    7.2844933200e+02
    5.3930000000e+01    7.1149014651e+02
    5.3935000000e+01    7.0237607109e+02
    5.3940000000e+01    7.0151618670e+02
    5.3945000000e+01    7.0908059586e+02
    5.3950000000e+01    7.2499374417e+02
    5.3955000000e+01    7.4893490315e+02
    5.3960000000e+01    7.8034586263e+02
    5.3965000000e+01    8.1844566650e+02
    5.3970000000e+01    8.6225201421e+02
    5.3975000000e+01    9.1060874787e+02
    5.3980000000e+01    9.6221865912e+02
    5.3985000000e+01    1.0156806843e+03
    5.3990000000e+01    1.0695304191e+03
    5.3995000000e+01    1.1222827751e+03
    5.4000000000e+01    1.1724755301e+03
    5.4005000000e+01    1.2187124859e+03
    5.4010000000e+01    1.2597049519e+03
    5.4015000000e+01    1.2943103117e+03
    5.4020000000e+01    1.3215665100e+03
    5.4025000000e+01    1.3407214109e+03
    5.4030000000e+01    1.3512561226e+03
    5.4035000000e+01    1.3529015609e+03
    5.4040000000e+01    1.3456477171e+03
    5.4045000000e+01    1.3297453136e+03
    5.4050000000e+01    1.3056997526e+03
    5.4055000000e+01    1.2742574932e+03
    5.4060000000e+01    1.2363852195e+03
    5.4065000000e+01    1.1932423774e+03
    5.4070000000e+01    1.1461478593e+03
    5.4075000000e+01    1.0965417953e+03
    5.4080000000e+01    1.0459435573e+03
    5.4085000000e+01    9.9590720564e+02
    5.4090000000e+01    9.4797568552e+02
    5.4095000000e+01    9.0363512770e+02
    5.4100000000e+01    8.6427061048e+02
    5.4105000000e+01    8.3112470295e+02
    5.4110000000e+01    8.0526003374e+02
    5.4115000000e+01    7.8752701546e+02
    5.4120000000e+01    7.7853770711e+02
    5.4125000000e+01    7.7864661882e+02
    5.4130000000e+01    7.8793906070e+02
    5.4135000000e+01    8.0622741588e+02
    5.4140000000e+01    8.3305548429e+02
    5.4145000000e+01    8.6771080439e+02
    5.4150000000e+01    9.0924462280e+02
    5.4155000000e+01    9.5649895313e+02
    5.4160000000e+01    1.0081399525e+03
    5.4165000000e+01    1.0626966533e+03
    5.4170000000e+01    1.1186039254e+03
    5.4175000000e+01    1.1742484121e+03
    5.4180000000e+01    1.2280160933e+03
    5.4185000000e+01    1.2783400710e+03
    5.4190000000e+01    1.3237471644e+03
    5.4195000000e+01    1.3629019291e+03
    5.4200000000e+01    1.3946467868e+03
    5.4205000000e+01    1.4180370628e+03
    5.4210000000e+01    1.4323698720e+03
    5.4215000000e+01    1.4372059776e+03
    5.4220000000e+01    1.4323839463e+03
    5.4225000000e+01    1.4180261527e+03
    5.4230000000e+01    1.3945364234e+03
    5.4235000000e+01    1.3625893605e+03
    5.4240000000e+01    1.3231116266e+03
    5.4245000000e+01    1.2772557160e+03
    5.4250000000e+01    1.2263669579e+03
    5.4255000000e+01    1.1719447024e+03
    5.4260000000e+01    1.1155988124e+03
    5.4265000000e+01    1.0590027296e+03
    5.4270000000e+01    1.0038444861e+03
    5.4275000000e+01    9.5177709917e+02
    5.4280000000e+01    9.0436980915e+02
    5.4285000000e+01    8.6306160001e+02
    5.4290000000e+01    8.2911837931e+02
    5.4295000000e+01    8.0359509052e+02
    5.4300000000e+01    7.8730388885e+02
    5.4305000000e+01    7.8078933655e+02
    5.4310000000e+01    7.8431136938e+02
    5.4315000000e+01    7.9783655932e+02
    5.4320000000e+01    8.2103795573e+02
    5.4325000000e+01    8.5330353546e+02
    5.4330000000e+01    8.9375303937e+02
    5.4335000000e+01    9.4126272531e+02
    5.4340000000e+01    9.9449733393e+02
    5.4345000000e+01    1.0519483499e+03
    5.4350000000e+01    1.1119774545e+03
    5.4355000000e+01    1.1728639097e+03
    5.4360000000e+01    1.2328544968e+03
    5.4365000000e+01    1.2902145548e+03
    5.4370000000e+01    1.3432786278e+03
    5.4375000000e+01    1.3904992403e+03
    5.4380000000e+01    1.4304923710e+03
    5.4385000000e+01    1.4620782925e+03
    5.4390000000e+01    1.4843165735e+03
    5.4395000000e+01    1.4965342150e+03
    5.4400000000e+01    1.4983460891e+03
    5.4405000000e+01    1.4896670741e+03
    5.4410000000e+01    1.4707155226e+03
    5.4415000000e+01    1.4420079547e+03
    5.4420000000e+01    1.4043451241e+03
    5.4425000000e+01    1.3587898586e+03
    5.4430000000e+01    1.3066373195e+03
    5.4435000000e+01    1.2493785461e+03
    5.4440000000e+01    1.1886583514e+03
    5.4445000000e+01    1.1262287980e+03
    5.4450000000e+01    1.0638996195e+03
    5.4455000000e+01    1.0034870373e+03
    5.4460000000e+01    9.4676247418e+02
    5.4465000000e+01    8.9540267037e+02
    5.4470000000e+01    8.5094266276e+02
    5.4475000000e+01    8.1473300932e+02
    5.4480000000e+01    7.8790251247e+02
    5.4485000000e+01    7.7132753508e+02
    5.4490000000e+01    7.6560880804e+02
    5.4495000000e+01    7.7105640767e+02
    5.4500000000e+01    7.8768333997e+02
    5.4505000000e+01    8.1520791460e+02
    5.4510000000e+01    8.5306483151e+02
    5.4515000000e+01    9.0042464516e+02
    5.4520000000e+01    9.5622102310e+02
    5.4525000000e+01    1.0191849842e+03
    5.4530000000e+01    1.0878850944e+03
    5.4535000000e+01    1.1607724195e+03
    5.4540000000e+01    1.2362288934e+03
    5.4545000000e+01    1.3126176562e+03
    5.4550000000e+01    1.3883338549e+03
    5.4555000000e+01    1.4618543867e+03
    5.4560000000e+01    1.5317850905e+03
    5.4565000000e+01    1.5969039657e+03
    5.4570000000e+01    1.6561991135e+03
    5.4575000000e+01    1.7089002493e+03
    5.4580000000e+01    1.7545028202e+03
    5.4585000000e+01    1.7927839833e+03
    5.4590000000e+01    1.8238099331e+03
    5.4595000000e+01    1.8479343271e+03
    5.4600000000e+01    1.8657878176e+03
    5.4605000000e+01    1.8782589605e+03
    5.4610000000e+01    1.8864670305e+03
    5.4615000000e+01    1.8917275091e+03
    5.4620000000e+01    1.8955112331e+03
    5.4625000000e+01    1.8993983800e+03
    5.4630000000e+01    1.9050286242e+03
    5.4635000000e+01    1.9140489151e+03
    5.4640000000e+01    1.9280604031e+03
    5.4645000000e+01    1.9485660717e+03
    5.4650000000e+01    1.9769206196e+03
    5.4655000000e+01    2.0142840767e+03
    5.4660000000e+01    2.0615805366e+03
    5.4665000000e+01    2.1194632441e+03
    5.4670000000e+01    2.1882870975e+03
    5.4675000000e+01    2.2680894163e+03
    5.4680000000e+01    2.3585795869e+03
    5.4685000000e+01    2.4591379479e+03
    5.4690000000e+01    2.5688240114e+03
    5.4695000000e+01    2.6863938476e+03
    5.4700000000e+01    2.8103261989e+03
    5.4705000000e+01    2.9388566378e+03
    5.4710000000e+01    3.0700188497e+03
    5.4715000000e+01    3.2016919210e+03
    5.4720000000e+01    3.3316523321e+03
    5.4725000000e+01    3.4576292275e+03
    5.4730000000e+01    3.5773614305e+03
    5.4735000000e+01    3.6886546275e+03
    5.4740000000e+01    3.7894371332e+03
    5.4745000000e+01    3.8778126918e+03
    5.4750000000e+01    3.9521088504e+03
    5.4755000000e+01    4.0109195664e+03
    5.4760000000e+01    4.0531408737e+03
    5.4765000000e+01    4.0779986294e+03
    5.4770000000e+01    4.0850675863e+03
    5.4775000000e+01    4.0742812821e+03
    5.4780000000e+01    4.0459324966e+03
    5.4785000000e+01    4.0006642911e+03
    5.4790000000e+01    3.9394519131e+03
    5.4795000000e+01    3.8635761025e+03
    5.4800000000e+01    3.7745885756e+03
    5.4805000000e+01    3.6742706831e+03
    5.4810000000e+01    3.5645864205e+03
    5.4815000000e+01    3.4476311294e+03
    5.4820000000e+01    3.3255773369e+03
    5.4825000000e+01    3.2006192557e+03
    5.4830000000e+01    3.0749174958e+03
    5.4835000000e+01    2.9505455218e+03
    5.4840000000e+01    2.8294393302e+03
    5.4845000000e+01    2.7133517192e+03
    5.4850000000e+01    2.6038123827e+03
    5.4855000000e+01    2.5020948830e+03
    5.4860000000e+01    2.4091913539e+03
    5.4865000000e+01    2.3257955554e+03
    5.4870000000e+01    2.2522946567e+03
    5.4875000000e+01    2.1887698709e+03
    5.4880000000e+01    2.1350058055e+03
    5.4885000000e+01    2.0905081454e+03
    5.4890000000e+01    2.0545290431e+03
    5.4895000000e+01    2.0260993758e+03
    5.4900000000e+01    2.0040668346e+03
    5.4905000000e+01    1.9871386491e+03
    5.4910000000e+01    1.9739276296e+03
    5.4915000000e+01    1.9630001180e+03
    5.4920000000e+01    1.9529244001e+03
    5.4925000000e+01    1.9423181274e+03
    5.4930000000e+01    1.9298933415e+03
    5.4935000000e+01    1.9144977738e+03
    5.4940000000e+01    1.8951512192e+03
    5.4945000000e+01    1.8710759354e+03
    5.4950000000e+01    1.8417202093e+03
    5.4955000000e+01    1.8067744394e+03
    5.4960000000e+01    1.7661793165e+03
    5.4965000000e+01    1.7201259213e+03
    5.4970000000e+01    1.6690478052e+03
    5.4975000000e+01    1.6136053589e+03
    5.4980000000e+01    1.5546630051e+03
    5.4985000000e+01    1.4932599671e+03
    5.4990000000e+01    1.4305755509e+03
    5.4995000000e+01    1.3678900435e+03
    5.5000000000e+01    1.3065424558e+03
    5.5005000000e+01    1.2478864278e+03
    5.5010000000e+01    1.1932456660e+03
    5.5015000000e+01    1.1438702896e+03
    5.5020000000e+01    1.1008954321e+03
    5.5025000000e+01    1.0653033693e+03
    5.5030000000e+01    1.0378903380e+03
    5.5035000000e+01    1.0192390597e+03
    5.5040000000e+01    1.0096978133e+03
    5.5045000000e+01    1.0093666969e+03
    5.5050000000e+01    1.0180915017e+03
    5.5055000000e+01    1.0354653898e+03
    5.5060000000e+01    1.0608383309e+03
    5.5065000000e+01    1.0933340191e+03
    5.5070000000e+01    1.1318737644e+03
    5.5075000000e+01    1.1752066431e+03
    5.5080000000e+01    1.2219450050e+03
    5.5085000000e+01    1.2706042700e+03
    5.5090000000e+01    1.3196458229e+03
    5.5095000000e+01    1.3675217159e+03
    5.5100000000e+01    1.4127198405e+03
    5.5105000000e+01    1.4538082087e+03
    5.5110000000e+01    1.4894770177e+03
    5.5115000000e+01    1.5185772293e+03
    5.5120000000e+01    1.5401545079e+03
    5.5125000000e+01    1.5534774908e+03
    5.5130000000e+01    1.5580595405e+03
    5.5135000000e+01    1.5536733168e+03
    5.5140000000e+01    1.5403577241e+03
    5.5145000000e+01    1.5184170150e+03
    5.5150000000e+01    1.4884120636e+03
    5.5155000000e+01    1.4511440571e+03
    5.5160000000e+01    1.4076310776e+03
    5.5165000000e+01    1.3590782592e+03
    5.5170000000e+01    1.3068423959e+03
    5.5175000000e+01    1.2523920406e+03
    5.5180000000e+01    1.1972642711e+03
    5.5185000000e+01    1.1430193969e+03
    5.5190000000e+01    1.0911949434e+03
    5.5195000000e+01    1.0432602722e+03
    5.5200000000e+01    1.0005731763e+03
    5.5205000000e+01    9.6433973398e+02
    5.5210000000e+01    9.3557860749e+02
    5.5215000000e+01    9.1509084180e+02
    5.5220000000e+01    9.0343605774e+02
    5.5225000000e+01    9.0091574442e+02
    5.5230000000e+01    9.0756414692e+02
    5.5235000000e+01    9.2314702125e+02
    5.5240000000e+01    9.4716829651e+02
    5.5245000000e+01    9.7888445137e+02
    5.5250000000e+01    1.0173261840e+03
    5.5255000000e+01    1.0613267403e+03
    5.5260000000e+01    1.1095560687e+03
    5.5265000000e+01    1.1605597971e+03
    5.5270000000e+01    1.2128018886e+03
    5.5275000000e+01    1.2647097195e+03
    5.5280000000e+01    1.3147202560e+03
    5.5285000000e+01    1.3613259715e+03
    5.5290000000e+01    1.4031191539e+03
    5.5295000000e+01    1.4388333012e+03
    5.5300000000e+01    1.4673803868e+03
    5.5305000000e+01    1.4878829001e+03
    5.5310000000e+01    1.4996997195e+03
    5.5315000000e+01    1.5024450566e+03
    5.5320000000e+01    1.4959999159e+03
    5.5325000000e+01    1.4805157299e+03
    5.5330000000e+01    1.4564100640e+03
    5.5335000000e+01    1.4243545157e+03
    5.5340000000e+01    1.3852551613e+03
    5.5345000000e+01    1.3402261238e+03
    5.5350000000e+01    1.2905570358e+03
    5.5355000000e+01    1.2376753508e+03
    5.5360000000e+01    1.1831046069e+03
    5.5365000000e+01    1.1284198648e+03
    5.5370000000e+01    1.0752016262e+03
    5.5375000000e+01    1.0249895807e+03
    5.5380000000e+01    9.7923753495e+02
    5.5385000000e+01    9.3927084391e+02
    5.5390000000e+01    9.0624758780e+02
    5.5395000000e+01    8.8112463104e+02
    5.5400000000e+01    8.6462955431e+02
    5.5405000000e+01    8.5723927963e+02
    5.5410000000e+01    8.5916601208e+02
    5.5415000000e+01    8.7035090756e+02
    5.5420000000e+01    8.9046565013e+02
    5.5425000000e+01    9.1892189122e+02
    5.5430000000e+01    9.5488827344e+02
    5.5435000000e+01    9.9731454049e+02
    5.5440000000e+01    1.0449620279e+03
    5.5445000000e+01    1.0964396437e+03
    5.5450000000e+01    1.1502442893e+03
    5.5455000000e+01    1.2048045398e+03
    5.5460000000e+01    1.2585263125e+03
    5.5465000000e+01    1.3098391920e+03
    5.5470000000e+01    1.3572420638e+03
    5.5475000000e+01    1.3993467307e+03
    5.5480000000e+01    1.4349182440e+03
    5.5485000000e+01    1.4629107801e+03
    5.5490000000e+01    1.4824980245e+03
    5.5495000000e+01    1.4930971841e+03
    5.5500000000e+01    1.4943859370e+03
    5.5505000000e+01    1.4863118354e+03
    5.5510000000e+01    1.4690938959e+03
    5.5515000000e+01    1.4432163393e+03
    5.5520000000e+01    1.4094146724e+03
    5.5525000000e+01    1.3686545235e+03
    5.5530000000e+01    1.3221038546e+03
    5.5535000000e+01    1.2710993655e+03
    5.5540000000e+01    1.2171080699e+03
    5.5545000000e+01    1.1616851644e+03
    5.5550000000e+01    1.1064294150e+03
    5.5555000000e+01    1.0529373554e+03
    5.5560000000e+01    1.0027576237e+03
    5.5565000000e+01    9.5734675669e+02
    5.5570000000e+01    9.1802771469e+02
    5.5575000000e+01    8.8595232836e+02
    5.5580000000e+01    8.6206874141e+02
    5.5585000000e+01    8.4709477499e+02
    5.5590000000e+01    8.4149796523e+02
    5.5595000000e+01    8.4548282907e+02
    5.5600000000e+01    8.5898570193e+02
    5.5605000000e+01    8.8167726966e+02
    5.5610000000e+01    9.1297269310e+02
    5.5615000000e+01    9.5204900331e+02
    5.5620000000e+01    9.9786923502e+02
    5.5625000000e+01    1.0492125719e+03
    5.5630000000e+01    1.1047096050e+03
    5.5635000000e+01    1.1628816603e+03
    5.5640000000e+01    1.2221830362e+03
    5.5645000000e+01    1.2810449137e+03
    5.5650000000e+01    1.3379196553e+03
    5.5655000000e+01    1.3913242059e+03
    5.5660000000e+01    1.4398813382e+03
    5.5665000000e+01    1.4823575562e+03
    5.5670000000e+01    1.5176965715e+03
    5.5675000000e+01    1.5450474022e+03
    5.5680000000e+01    1.5637863073e+03
    5.5685000000e+01    1.5735319538e+03
    5.5690000000e+01    1.5741534129e+03
    5.5695000000e+01    1.5657707989e+03
    5.5700000000e+01    1.5487485781e+03
    5.5705000000e+01    1.5236817918e+03
    5.5710000000e+01    1.4913756477e+03
    5.5715000000e+01    1.4528191231e+03
    5.5720000000e+01    1.4091534024e+03
    5.5725000000e+01    1.3616361160e+03
    5.5730000000e+01    1.3116024716e+03
    5.5735000000e+01    1.2604244518e+03
    5.5740000000e+01    1.2094693081e+03
    5.5745000000e+01    1.1600585943e+03
    5.5750000000e+01    1.1134289613e+03
    5.5755000000e+01    1.0706958781e+03
    5.5760000000e+01    1.0328213515e+03
    5.5765000000e+01    1.0005865929e+03
    5.5770000000e+01    9.7457042940e+02
    5.5775000000e+01    9.5513408055e+02
    5.5780000000e+01    9.4241273147e+02
    5.5785000000e+01    9.3631412440e+02
    5.5790000000e+01    9.3652418208e+02
    5.5795000000e+01    9.4251946365e+02
    5.5800000000e+01    9.5358604922e+02
    5.5805000000e+01    9.6884425643e+02
    5.5810000000e+01    9.8727841860e+02
    5.5815000000e+01    1.0077708025e+03
    5.5820000000e+01    1.0291386206e+03
    5.5825000000e+01    1.0501730021e+03
    5.5830000000e+01    1.0696787265e+03
    5.5835000000e+01    1.0865135056e+03
    5.5840000000e+01    1.0996256106e+03
    5.5845000000e+01    1.1080886940e+03
    5.5850000000e+01    1.1111327391e+03
    5.5855000000e+01    1.1081701883e+03
    5.5860000000e+01    1.0988164459e+03
    5.5865000000e+01    1.0829041184e+03
    5.5870000000e+01    1.0604905484e+03
    5.5875000000e+01    1.0318583935e+03
    5.5880000000e+01    9.9750921636e+02
    5.5885000000e+01    9.5815025903e+02
    5.5890000000e+01    9.1467478034e+02
    5.5895000000e+01    8.6813653103e+02
    5.5900000000e+01    8.1971911631e+02
    5.5905000000e+01    7.7070115191e+02
    5.5910000000e+01    7.2241824767e+02
    5.5915000000e+01    6.7622295014e+02
    5.5920000000e+01    6.3344384019e+02
    5.5925000000e+01    5.9534500982e+02
    5.5930000000e+01    5.6308713524e+02
    5.5935000000e+01    5.3769131891e+02
    5.5940000000e+01    5.2000679508e+02
    5.5945000000e+01    5.1068348156e+02
    5.5950000000e+01    5.1015022011e+02
    5.5955000000e+01    5.1859938185e+02
    5.5960000000e+01    5.3597832772e+02
    5.5965000000e+01    5.6198801307e+02
    5.5970000000e+01    5.9608881505e+02
    5.5975000000e+01    6.3751344870e+02
    5.5980000000e+01    6.8528662807e+02
    5.5985000000e+01    7.3825092885e+02
    5.5990000000e+01    7.9509812463e+02
    5.5995000000e+01    8.5440510557e+02
    5.6000000000e+01    9.1467335086e+02
    5.6005000000e+01    9.7437081835e+02
    5.6010000000e+01    1.0319750406e+03
    5.6015000000e+01    1.0860161770e+03
    5.6020000000e+01    1.1351187693e+03
    5.6025000000e+01    1.1780409815e+03
    5.6030000000e+01    1.2137101752e+03
    5.6035000000e+01    1.2412537743e+03
    5.6040000000e+01    1.2600245083e+03
    5.6045000000e+01    1.2696192843e+03
    5.6050000000e+01    1.2698911189e+03
    5.6055000000e+01    1.2609537668e+03
    5.6060000000e+01    1.2431788879e+03
    5.6065000000e+01    1.2171858156e+03
    5.6070000000e+01    1.1838242032e+03
    5.6075000000e+01    1.1441500295e+03
    5.6080000000e+01    1.0993956434e+03
    5.6085000000e+01    1.0509346965e+03
    5.6090000000e+01    1.0002429665e+03
    5.6095000000e+01    9.4885619252e+02
    5.6100000000e+01    8.9832613351e+02
    5.6105000000e+01    8.5017611347e+02
    5.6110000000e+01    8.0585733527e+02
    5.6115000000e+01    7.6670722358e+02
    5.6120000000e+01    7.3391100139e+02
    5.6125000000e+01    7.0846761236e+02
    5.6130000000e+01    6.9116097752e+02
    5.6135000000e+01    6.8253742156e+02
    5.6140000000e+01    6.8288992691e+02
    5.6145000000e+01    6.9224967719e+02
    5.6150000000e+01    7.1038514142e+02
    5.6155000000e+01    7.3680873294e+02
    5.6160000000e+01    7.7079085794e+02
    5.6165000000e+01    8.1138095511e+02
    5.6170000000e+01    8.5743492533e+02
    5.6175000000e+01    9.0764816541e+02
    5.6180000000e+01    9.6059325719e+02
    5.6185000000e+01    1.0147612281e+03
    5.6190000000e+01    1.0686051956e+03
    5.6195000000e+01    1.1205851368e+03
    5.6200000000e+01    1.1692124936e+03
    5.6205000000e+01    1.2130933251e+03
    5.6210000000e+01    1.2509687600e+03
    5.6215000000e+01    1.2817515822e+03
    5.6220000000e+01    1.3045578878e+03
    5.6225000000e+01    1.3187328991e+03
    5.6230000000e+01    1.3238701846e+03
    5.6235000000e+01    1.3198237270e+03
    5.6240000000e+01    1.3067124842e+03
    5.6245000000e+01    1.2849173074e+03
    5.6250000000e+01    1.2550702982e+03
    5.6255000000e+01    1.2180369070e+03
    5.6260000000e+01    1.1748912816e+03
    5.6265000000e+01    1.1268855723e+03
    5.6270000000e+01    1.0754140735e+03
    5.6275000000e+01    1.0219732294e+03
    5.6280000000e+01    9.6811865458e+02
    5.6285000000e+01    9.1542040226e+02
    5.6290000000e+01    8.6541776944e+02
    5.6295000000e+01    8.1957493708e+02
    5.6300000000e+01    7.7923872371e+02
    5.6305000000e+01    7.4559966907e+02
    5.6310000000e+01    7.1965756972e+02
    5.6315000000e+01    7.0219246107e+02
    5.6320000000e+01    6.9374188418e+02
    5.6325000000e+01    6.9458509561e+02
    5.6330000000e+01    7.0473467941e+02
    5.6335000000e+01    7.2393580791e+02
    5.6340000000e+01    7.5167317871e+02
    5.6345000000e+01    7.8718543468e+02
    5.6350000000e+01    8.2948665935e+02
    5.6355000000e+01    8.7739433670e+02
    5.6360000000e+01    9.2956297894e+02
    5.6365000000e+01    9.8452246303e+02
    5.6370000000e+01    1.0407199815e+03
    5.6375000000e+01    1.0965644091e+03
    5.6380000000e+01    1.1504718175e+03
    5.6385000000e+01    1.2009108368e+03
    5.6390000000e+01    1.2464465662e+03
    5.6395000000e+01    1.2857817788e+03
    5.6400000000e+01    1.3177942400e+03
    5.6405000000e+01    1.3415690727e+03
    5.6410000000e+01    1.3564252410e+03
    5.6415000000e+01    1.3619353938e+03
    5.6420000000e+01    1.3579384982e+03
    5.6425000000e+01    1.3445448979e+03
    5.6430000000e+01    1.3221336482e+03
    5.6435000000e+01    1.2913421997e+03
    5.6440000000e+01    1.2530487190e+03
    5.6445000000e+01    1.2083475463e+03
    5.6450000000e+01    1.1585184841e+03
    5.6455000000e+01    1.1049907858e+03
    5.6460000000e+01    1.0493028649e+03
    5.6465000000e+01    9.9305886659e+02
    5.6470000000e+01    9.3788333109e+02
    5.6475000000e+01    8.8537523360e+02
    5.6480000000e+01    8.3706270196e+02
    5.6485000000e+01    7.9435969369e+02
    5.6490000000e+01    7.5852585815e+02
    5.6495000000e+01    7.3063071856e+02
    5.6500000000e+01    7.1152318620e+02
    5.6505000000e+01    7.0180726724e+02
    5.6510000000e+01    7.0182464759e+02
    5.6515000000e+01    7.1164464628e+02
    5.6520000000e+01    7.3106181952e+02
    5.6525000000e+01    7.5960128193e+02
    5.6530000000e+01    7.9653159371e+02
    5.6535000000e+01    8.4088484995e+02
    5.6540000000e+01    8.9148340606e+02
    5.6545000000e+01    9.4697248763e+02
    5.6550000000e+01    1.0058577688e+03
    5.6555000000e+01    1.0665468655e+03
    5.6560000000e+01    1.1273935810e+03
    5.6565000000e+01    1.1867436690e+03
    5.6570000000e+01    1.2429808343e+03
    5.6575000000e+01    1.2945716941e+03
    5.6580000000e+01    1.3401084484e+03
    5.6585000000e+01    1.3783480796e+03
    5.6590000000e+01    1.4082469990e+03
    5.6595000000e+01    1.4289901898e+03
    5.6600000000e+01    1.4400140501e+03
    5.6605000000e+01    1.4410223196e+03
    5.6610000000e+01    1.4319946675e+03
    5.6615000000e+01    1.4131877241e+03
    5.6620000000e+01    1.3851285511e+03
    5.6625000000e+01    1.3486007529e+03
    5.6630000000e+01    1.3046236378e+03
    5.6635000000e+01    1.2544250259e+03
    5.6640000000e+01    1.1994084762e+03
    5.6645000000e+01    1.1411158535e+03
    5.6650000000e+01    1.0811862816e+03
    5.6655000000e+01    1.0213126231e+03
    5.6660000000e+01    9.6319668517e+02
    5.6665000000e+01    9.0850438238e+02
    5.6670000000e+01    8.5882207547e+02
    5.6675000000e+01    8.1561526832e+02
    5.6680000000e+01    7.8019076788e+02
    5.6685000000e+01    7.5366330911e+02
    5.6690000000e+01    7.3692751463e+02
    5.6695000000e+01    7.3063590366e+02
    5.6700000000e+01    7.3518349109e+02
    5.6705000000e+01    7.5069932992e+02
    5.6710000000e+01    7.7704515425e+02
    5.6715000000e+01    8.1382108190e+02
    5.6720000000e+01    8.6037814007e+02
    5.6725000000e+01    9.1583719042e+02
    5.6730000000e+01    9.7911365722e+02
    5.6735000000e+01    1.0489473075e+03
    5.6740000000e+01    1.1239362002e+03
    5.6745000000e+01    1.2025738176e+03
    5.6750000000e+01    1.2832883133e+03
    5.6755000000e+01    1.3644827694e+03
    5.6760000000e+01    1.4445753409e+03
    5.6765000000e+01    1.5220381835e+03
    5.6770000000e+01    1.5954341144e+03
    5.6775000000e+01    1.6634500322e+03
    5.6780000000e+01    1.7249262310e+03
    5.6785000000e+01    1.7788808747e+03
    5.6790000000e+01    1.8245290433e+03
    5.6795000000e+01    1.8612959332e+03
    5.6800000000e+01    1.8888239643e+03
    5.6805000000e+01    1.9069737270e+03
    5.6810000000e+01    1.9158188830e+03
    5.6815000000e+01    1.9156353047e+03
    5.6820000000e+01    1.9068849027e+03
    5.6825000000e+01    1.8901947368e+03
    5.6830000000e+01    1.8663321344e+03
    5.6835000000e+01    1.8361766453e+03
    5.6840000000e+01    1.8006897387e+03
    5.6845000000e+01    1.7608832019e+03
    5.6850000000e+01    1.7177872194e+03
    5.6855000000e+01    1.6724191036e+03
    5.6860000000e+01    1.6257536134e+03
    5.6865000000e+01    1.5786957289e+03
    5.6870000000e+01    1.5320566642e+03
    5.6875000000e+01    1.4865337846e+03
    5.6880000000e+01    1.4426949670e+03
    5.6885000000e+01    1.4009677922e+03
    5.6890000000e+01    1.3616338057e+03
    5.6895000000e+01    1.3248279192e+03
    5.6900000000e+01    1.2905428637e+03
    5.6905000000e+01    1.2586384495e+03
    5.6910000000e+01    1.2288552367e+03
    5.6915000000e+01    1.2008320883e+03
    5.6920000000e+01    1.1741269582e+03
    5.6925000000e+01    1.1482401732e+03
    5.6930000000e+01    1.1226393928e+03
    5.6935000000e+01    1.0967853877e+03
    5.6940000000e+01    1.0701577557e+03
    5.6945000000e+01    1.0422797041e+03
    5.6950000000e+01    1.0127410640e+03
    5.6955000000e+01    9.8121876057e+02
    5.6960000000e+01    9.4749405277e+02
    5.6965000000e+01    9.1146596025e+02
    5.6970000000e+01    8.7316042067e+02
    5.6975000000e+01    8.3273485968e+02
    5.6980000000e+01    7.9047800360e+02
    5.6985000000e+01    7.4680491876e+02
    5.6990000000e+01    7.0224741474e+02
    5.6995000000e+01    6.5744009864e+02
    5.7000000000e+01    6.1310250743e+02
    5.7005000000e+01    5.7001787311e+02
    5.7010000000e+01    5.2900918483e+02
    5.7015000000e+01    4.9091330199e+02
    5.7020000000e+01    4.5655393817e+02
    5.7025000000e+01    4.2671437673e+02
    5.7030000000e+01    4.0211079292e+02
    5.7035000000e+01    3.8336704460e+02
    5.7040000000e+01    3.7099175398e+02
    5.7045000000e+01    3.6535843777e+02
    5.7050000000e+01    3.6668935408e+02
    5.7055000000e+01    3.7504362497e+02
    5.7060000000e+01    3.9031006604e+02
    5.7065000000e+01    4.1220501307e+02
    5.7070000000e+01    4.4027528500e+02
    5.7075000000e+01    4.7390626648e+02
    5.7080000000e+01    5.1233493705e+02
    5.7085000000e+01    5.5466752181e+02
    5.7090000000e+01    5.9990129584e+02
    5.7095000000e+01    6.4694994444e+02
    5.7100000000e+01    6.9467176937e+02
    5.7105000000e+01    7.4189993888e+02
    5.7110000000e+01    7.8747391179e+02
    5.7115000000e+01    8.3027112267e+02
    5.7120000000e+01    8.6923800008e+02
    5.7125000000e+01    9.0341940175e+02
    5.7130000000e+01    9.3198559004e+02
    5.7135000000e+01    9.5425593673e+02
    5.7140000000e+01    9.6971863663e+02
    5.7145000000e+01    9.7804582132e+02
    5.7150000000e+01    9.7910359514e+02
    5.7155000000e+01    9.7295666138e+02
    5.7160000000e+01    9.5986736241e+02
    5.7165000000e+01    9.4028912000e+02
    5.7170000000e+01    9.1485442543e+02
    5.7175000000e+01    8.8435768886e+02
    5.7180000000e+01    8.4973340918e+02
    5.7185000000e+01    8.1203026419e+02
    5.7190000000e+01    7.7238184322e+02
    5.7195000000e+01    7.3197484528e+02
    5.7200000000e+01    6.9201564381e+02
    5.7205000000e+01    6.5369617104e+02
    5.7210000000e+01    6.1816009877e+02
    5.7215000000e+01    5.8647028850e+02
    5.7220000000e+01    5.5957845124e+02
    5.7225000000e+01    5.3829789716e+02
    5.7230000000e+01    5.2328016937e+02
    5.7235000000e+01    5.1499624685e+02
    5.7240000000e+01    5.1372287191e+02
    5.7245000000e+01    5.1953441119e+02
    5.7250000000e+01    5.3230050087e+02
    5.7255000000e+01    5.5168956024e+02
    5.7260000000e+01    5.7717808851e+02
    5.7265000000e+01    6.0806549221e+02
    5.7270000000e+01    6.4349403039e+02
    5.7275000000e+01    6.8247331534e+02
    5.7280000000e+01    7.2390867369e+02
    5.7285000000e+01    7.6663255948e+02
    5.7290000000e+01    8.0943812033e+02
    5.7295000000e+01    8.5111395371e+02
    5.7300000000e+01    8.9047905350e+02
    5.7305000000e+01    9.2641693939e+02
    5.7310000000e+01    9.5790798281e+02
    5.7315000000e+01    9.8405899341e+02
    5.7320000000e+01    1.0041292069e+03
    5.7325000000e+01    1.0175519179e+03
    5.7330000000e+01    1.0239511245e+03
    5.7335000000e+01    1.0231526963e+03
    5.7340000000e+01    1.0151897322e+03
    5.7345000000e+01    1.0003019446e+03
    5.7350000000e+01    9.7892907602e+02
    5.7355000000e+01    9.5169852890e+02
    5.7360000000e+01    9.1940755534e+02
    5.7365000000e+01    8.8300051261e+02
    5.7370000000e+01    8.4354183266e+02
    5.7375000000e+01    8.0218547947e+02
    5.7380000000e+01    7.6014177054e+02
    5.7385000000e+01    7.1864251663e+02
    5.7390000000e+01    6.7890548403e+02
    5.7395000000e+01    6.4209920449e+02
    5.7400000000e+01    6.0930915007e+02
    5.7405000000e+01    5.8150625190e+02
    5.7410000000e+01    5.5951867582e+02
    5.7415000000e+01    5.4400767523e+02
    5.7420000000e+01    5.3544822485e+02
    5.7425000000e+01    5.3411500211e+02
    5.7430000000e+01    5.4007412921e+02
    5.7435000000e+01    5.5318092328e+02
    5.7440000000e+01    5.7308372858e+02
    5.7445000000e+01    5.9923372957e+02
    5.7450000000e+01    6.3090047037e+02
    5.7455000000e+01    6.6719264120e+02
    5.7460000000e+01    7.0708353977e+02
    5.7465000000e+01    7.4944047944e+02
    5.7470000000e+01    7.9305730119e+02
    5.7475000000e+01    8.3668905574e+02
    5.7480000000e+01    8.7908785801e+02
    5.7485000000e+01    9.1903888103e+02
    5.7490000000e+01    9.5539545076e+02
    5.7495000000e+01    9.8711222810e+02
    5.7500000000e+01    1.0132755181e+03
    5.7505000000e+01    1.0331298273e+03
    5.7510000000e+01    1.0460998990e+03
    5.7515000000e+01    1.0518075830e+03
    5.7520000000e+01    1.0500830471e+03
    5.7525000000e+01    1.0409699986e+03
    5.7530000000e+01    1.0247247568e+03
    5.7535000000e+01    1.0018091953e+03
    5.7540000000e+01    9.7287774841e+02
    5.7545000000e+01    9.3875884793e+02
    5.7550000000e+01    9.0043131912e+02
    5.7555000000e+01    8.5899640774e+02
    5.7560000000e+01    8.1564623952e+02
    5.7565000000e+01    7.7162961594e+02
    5.7570000000e+01    7.2821612846e+02
    5.7575000000e+01    6.8665962302e+02
    5.7580000000e+01    6.4816206685e+02
    5.7585000000e+01    6.1383885906e+02
    5.7590000000e+01    5.8468658641e+02
    5.7595000000e+01    5.6155415650e+02
    5.7600000000e+01    5.4511814430e+02
    5.7605000000e+01    5.3586306782e+02
    5.7610000000e+01    5.3406716755e+02
    5.7615000000e+01    5.3979410648e+02
    5.7620000000e+01    5.5289083750e+02
    5.7625000000e+01    5.7299170787e+02
    5.7630000000e+01    5.9952869065e+02
    5.7635000000e+01    6.3174745667e+02
    5.7640000000e+01    6.6872883202e+02
    5.7645000000e+01    7.0941503031e+02
    5.7650000000e+01    7.5263991108e+02
    5.7655000000e+01    7.9716239844e+02
    5.7660000000e+01    8.4170210242e+02
    5.7665000000e+01    8.8497612055e+02
    5.7670000000e+01    9.2573596226e+02
    5.7675000000e+01    9.6280353343e+02
    5.7680000000e+01    9.9510514448e+02
    5.7685000000e+01    1.0217025607e+03
    5.7690000000e+01    1.0418201973e+03
    5.7695000000e+01    1.0548676715e+03
    5.7700000000e+01    1.0604570565e+03
    5.7705000000e+01    1.0584143341e+03
    5.7710000000e+01    1.0487847064e+03
    5.7715000000e+01    1.0318316088e+03
    5.7720000000e+01    1.0080294397e+03
    5.7725000000e+01    9.7805020991e+02
    5.7730000000e+01    9.4274448509e+02
    5.7735000000e+01    9.0311716227e+02
    5.7740000000e+01    8.6029876797e+02
    5.7745000000e+01    8.1551309719e+02
    5.7750000000e+01    7.7004211791e+02
    5.7755000000e+01    7.2518914548e+02
    5.7760000000e+01    6.8224134303e+02
    5.7765000000e+01    6.4243262426e+02
    5.7770000000e+01    6.0690802565e+02
    5.7775000000e+01    5.7669057404e+02
    5.7780000000e+01    5.5265160580e+02
    5.7785000000e+01    5.3548539619e+02
    5.7790000000e+01    5.2568883499e+02
    5.7795000000e+01    5.2354674120e+02
    5.7800000000e+01    5.2912324873e+02
    5.7805000000e+01    5.4225952148e+02
    5.7810000000e+01    5.6257787552e+02
    5.7815000000e+01    5.8949220253e+02
    5.7820000000e+01    6.2222440772e+02
    5.7825000000e+01    6.5982640320e+02
    5.7830000000e+01    7.0120703756e+02
    5.7835000000e+01    7.4516320039e+02
    5.7840000000e+01    7.9041421945e+02
    5.7845000000e+01    8.3563857280e+02
    5.7850000000e+01    8.7951187028e+02
    5.7855000000e+01    9.2074502042e+02
    5.7860000000e+01    9.5812149213e+02
    5.7865000000e+01    9.9053260414e+02
    5.7870000000e+01    1.0170098298e+03
    5.7875000000e+01    1.0367531884e+03
    5.7880000000e+01    1.0491549039e+03
    5.7885000000e+01    1.0538176458e+03
    5.7890000000e+01    1.0505668206e+03
    5.7895000000e+01    1.0394565492e+03
    5.7900000000e+01    1.0207691475e+03
    5.7905000000e+01    9.9500810947e+02
    5.7910000000e+01    9.6288477850e+02
    5.7915000000e+01    9.2529907213e+02
    5.7920000000e+01    8.8331479453e+02
    5.7925000000e+01    8.3813022641e+02
    5.7930000000e+01    7.9104481649e+02
    5.7935000000e+01    7.4342291091e+02
    5.7940000000e+01    6.9665554220e+02
    5.7945000000e+01    6.5212135570e+02
    5.7950000000e+01    6.1114777736e+02
    5.7955000000e+01    5.7497352103e+02
    5.7960000000e+01    5.4471349697e+02
    5.7965000000e+01    5.2132711623e+02
    5.7970000000e+01    5.0559089048e+02
    5.7975000000e+01    4.9807610617e+02
    5.7980000000e+01    4.9913220895e+02
    5.7985000000e+01    5.0887637337e+02
    5.7990000000e+01    5.2718955817e+02
    5.7995000000e+01    5.5371916458e+02
    5.8000000000e+01    5.8788822812e+02
    5.8005000000e+01    6.2891089017e+02
    5.8010000000e+01    6.7581371779e+02
    5.8015000000e+01    7.2746227499e+02
    5.8020000000e+01    7.8259220037e+02
    5.8025000000e+01    8.3984391842e+02
    5.8030000000e+01    8.9780000942e+02
    5.8035000000e+01    9.5502418750e+02
    5.8040000000e+01    1.0101007916e+03
    5.8045000000e+01    1.0616736791e+03
    5.8050000000e+01    1.1084834299e+03
    5.8055000000e+01    1.1494018163e+03
    5.8060000000e+01    1.1834625713e+03
    5.8065000000e+01    1.2098875938e+03
    5.8070000000e+01    1.2281078584e+03
    5.8075000000e+01    1.2377784469e+03
    5.8080000000e+01    1.2387872850e+03
    5.8085000000e+01    1.2312573473e+03
    5.8090000000e+01    1.2155422767e+03
    5.8095000000e+01    1.1922155520e+03
    5.8100000000e+01    1.1620535174e+03
    5.8105000000e+01    1.1260127648e+03
    5.8110000000e+01    1.0852025142e+03
    5.8115000000e+01    1.0408527826e+03
    5.8120000000e+01    9.9427924640e+02
    5.8125000000e+01    9.4684579771e+02
    5.8130000000e+01    8.9992585738e+02
    5.8135000000e+01    8.5486354136e+02
    5.8140000000e+01    8.1293578040e+02
    5.8145000000e+01    7.7531646420e+02
    5.8150000000e+01    7.4304362204e+02
    5.8155000000e+01    7.1699056473e+02
    5.8160000000e+01    6.9784179863e+02
    5.8165000000e+01    6.8607438614e+02
    5.8170000000e+01    6.8194527116e+02
    5.8175000000e+01    6.8548491814e+02
    5.8180000000e+01    6.9649743301e+02
    5.8185000000e+01    7.1456715020e+02
    5.8190000000e+01    7.3907148575e+02
    5.8195000000e+01    7.6919967868e+02
    5.8200000000e+01    8.0397687589e+02
    5.8205000000e+01    8.4229286415e+02
    5.8210000000e+01    8.8293462164e+02
    5.8215000000e+01    9.2462175364e+02
    5.8220000000e+01    9.6604379605e+02
    5.8225000000e+01    1.0058983184e+03
    5.8230000000e+01    1.0429287362e+03
    5.8235000000e+01    1.0759607532e+03
    5.8240000000e+01    1.1039363916e+03
    5.8245000000e+01    1.1259446427e+03
    5.8250000000e+01    1.1412478621e+03
    5.8255000000e+01    1.1493031614e+03
    5.8260000000e+01    1.1497781879e+03
    5.8265000000e+01    1.1425608450e+03
    5.8270000000e+01    1.1277626821e+03
    5.8275000000e+01    1.1057158594e+03
    5.8280000000e+01    1.0769637787e+03
    5.8285000000e+01    1.0422456531e+03
    5.8290000000e+01    1.0024754580e+03
    5.8295000000e+01    9.5871586777e+02
    5.8300000000e+01    9.1214792676e+02
    5.8305000000e+01    8.6403731989e+02
    5.8310000000e+01    8.1569820965e+02
    5.8315000000e+01    7.6845567201e+02
    5.8320000000e+01    7.2360780455e+02
    5.8325000000e+01    6.8238858870e+02
    5.8330000000e+01    6.4593256603e+02
    5.8335000000e+01    6.1524233661e+02
    5.8340000000e+01    5.9115980657e+02
    5.8345000000e+01    5.7434200493e+02
    5.8350000000e+01    5.6524215934e+02
    5.8355000000e+01    5.6409657036e+02
    5.8360000000e+01    5.7091765890e+02
    5.8365000000e+01    5.8549338511e+02
    5.8370000000e+01    6.0739305613e+02
    5.8375000000e+01    6.3597935787e+02
    5.8380000000e+01    6.7042626907e+02
    5.8385000000e+01    7.0974234863e+02
    5.8390000000e+01    7.5279873436e+02
    5.8395000000e+01    7.9836105745e+02
    5.8400000000e+01    8.4512436578e+02
    5.8405000000e+01    8.9175006376e+02
    5.8410000000e+01    9.3690381923e+02
    5.8415000000e+01    9.7929336059e+02
    5.8420000000e+01    1.0177050907e+03
    5.8425000000e+01    1.0510384780e+03
    5.8430000000e+01    1.0783372476e+03
    5.8435000000e+01    1.0988164883e+03
    5.8440000000e+01    1.1118849048e+03
    5.8445000000e+01    1.1171615845e+03
    5.8450000000e+01    1.1144868026e+03
    5.8455000000e+01    1.1039265605e+03
    5.8460000000e+01    1.0857707266e+03
    5.8465000000e+01    1.0605248345e+03
    5.8470000000e+01    1.0288957709e+03
    5.8475000000e+01    9.9177175824e+02
    5.8480000000e+01    9.5019720086e+02
    5.8485000000e+01    9.0534310735e+02
    5.8490000000e+01    8.5847392748e+02
    5.8495000000e+01    8.1091174352e+02
    5.8500000000e+01    7.6399883043e+02
    5.8505000000e+01    7.1905964536e+02
    5.8510000000e+01    6.7736332282e+02
    5.8515000000e+01    6.4008773719e+02
    5.8520000000e+01    6.0828614971e+02
    5.8525000000e+01    5.8285738348e+02
    5.8530000000e+01    5.6452036990e+02
    5.8535000000e+01    5.5379378607e+02
    5.8540000000e+01    5.5098135827e+02
    5.8545000000e+01    5.5616324618e+02
    5.8550000000e+01    5.6919375038e+02
    5.8555000000e+01    5.8970540664e+02
    5.8560000000e+01    6.1711934994e+02
    5.8565000000e+01    6.5066165389e+02
    5.8570000000e+01    6.8938518229e+02
    5.8575000000e+01    7.3219633415e+02
    5.8580000000e+01    7.7788592515e+02
    5.8585000000e+01    8.2516333223e+02
    5.8590000000e+01    8.7269293586e+02
    5.8595000000e+01    9.1913183030e+02
    5.8600000000e+01    9.6316773659e+02
    5.8605000000e+01    1.0035560480e+03
    5.8610000000e+01    1.0391549623e+03
    5.8615000000e+01    1.0689577104e+03
    5.8620000000e+01    1.0921209722e+03
    5.8625000000e+01    1.1079886796e+03
    5.8630000000e+01    1.1161105375e+03
    5.8635000000e+01    1.1162547407e+03
    5.8640000000e+01    1.1084145321e+03
    5.8645000000e+01    1.0928084178e+03
    5.8650000000e+01    1.0698740371e+03
    5.8655000000e+01    1.0402558609e+03
    5.8660000000e+01    1.0047870695e+03
    5.8665000000e+01    9.6446612050e+02
    5.8670000000e+01    9.2042867032e+02
    5.8675000000e+01    8.7391564155e+02
    5.8680000000e+01    8.2623833610e+02
    5.8685000000e+01    7.7874157766e+02
    5.8690000000e+01    7.3276592090e+02
    5.8695000000e+01    6.8960999080e+02
    5.8700000000e+01    6.5049401063e+02
    5.8705000000e+01    6.1652554303e+02
    5.8710000000e+01    5.8866840551e+02
    5.8715000000e+01    5.6771563145e+02
    5.8720000000e+01    5.5426723333e+02
    5.8725000000e+01    5.4871338912e+02
    5.8730000000e+01    5.5122351998e+02
    5.8735000000e+01    5.6174156115e+02
    5.8740000000e+01    5.7998755403e+02
    5.8745000000e+01    6.0546550960e+02
    5.8750000000e+01    6.3747731748e+02
    5.8755000000e+01    6.7514230544e+02
    5.8760000000e+01    7.1742189641e+02
    5.8765000000e+01    7.6314866732e+02
    5.8770000000e+01    8.1105899217e+02
    5.8775000000e+01    8.5982835187e+02
    5.8780000000e+01    9.0810832032e+02
    5.8785000000e+01    9.5456419054e+02
    5.8790000000e+01    9.9791218845e+02
    5.8795000000e+01    1.0369552350e+03
    5.8800000000e+01    1.0706162603e+03
    5.8805000000e+01    1.0979681421e+03
    5.8810000000e+01    1.1182594401e+03
    5.8815000000e+01    1.1309352131e+03
    5.8820000000e+01    1.1356523483e+03
    5.8825000000e+01    1.1322889836e+03
    5.8830000000e+01    1.1209477738e+03
    5.8835000000e+01    1.1019529196e+03
    5.8840000000e+01    1.0758410564e+03
    5.8845000000e+01    1.0433462700e+03
    5.8850000000e+01    1.0053796691e+03
    5.8855000000e+01    9.6300409707e+02
    5.8860000000e+01    9.1740469772e+02
    5.8865000000e+01    8.6985616525e+02
    5.8870000000e+01    8.2168759768e+02
    5.8875000000e+01    7.7424593752e+02
    5.8880000000e+01    7.2885901976e+02
    5.8885000000e+01    6.8679925480e+02
    5.8890000000e+01    6.4924895245e+02
    5.8895000000e+01    6.1726824396e+02
    5.8900000000e+01    5.9176648263e+02
    5.8905000000e+01    5.7347790304e+02
    5.8910000000e+01    5.6294219666e+02
    5.8915000000e+01    5.6049052153e+02
    5.8920000000e+01    5.6623730939e+02
    5.8925000000e+01    5.8007806965e+02
    5.8930000000e+01    6.0169322119e+02
    5.8935000000e+01    6.3055781337e+02
    5.8940000000e+01    6.6595683389e+02
    5.8945000000e+01    7.0700564546e+02
    5.8950000000e+01    7.5267495176e+02
    5.8955000000e+01    8.0181956932e+02
    5.8960000000e+01    8.5321017843e+02
    5.8965000000e+01    9.0556714715e+02
    5.8970000000e+01    9.5759546903e+02
    5.8975000000e+01    1.0080198293e+03
    5.8980000000e+01    1.0556188161e+03
    5.8985000000e+01    1.0992573230e+03
    5.8990000000e+01    1.1379162473e+03
    5.8995000000e+01    1.1707186669e+03
    5.9000000000e+01    1.1969517889e+03
    5.9005000000e+01    1.2160840805e+03
    5.9010000000e+01    1.2277771394e+03
    5.9015000000e+01    1.2318920095e+03
    5.9020000000e+01    1.2284898084e+03
    5.9025000000e+01    1.2178266975e+03
    5.9030000000e+01    1.2003433848e+03
    5.9035000000e+01    1.1766495082e+03
    5.9040000000e+01    1.1475033879e+03
    5.9045000000e+01    1.1137877713e+03
    5.9050000000e+01    1.0764822991e+03
    5.9055000000e+01    1.0366335173e+03
    5.9060000000e+01    9.9532332082e+02
    5.9065000000e+01    9.5363675614e+02
    5.9070000000e+01    9.1263012544e+02
    5.9075000000e+01    8.7330031713e+02
    5.9080000000e+01    8.3655624991e+02
    5.9085000000e+01    8.0319325015e+02
    5.9090000000e+01    7.7387109321e+02
    5.9095000000e+01    7.4909632893e+02
    5.9100000000e+01    7.2920938420e+02
    5.9105000000e+01    7.1437679315e+02
    5.9110000000e+01    7.0458875500e+02
    5.9115000000e+01    6.9966206243e+02
    5.9120000000e+01    6.9924828628e+02
    5.9125000000e+01    7.0284694848e+02
    5.9130000000e+01    7.0982327009e+02
    5.9135000000e+01    7.1942994775e+02
    5.9140000000e+01    7.3083229528e+02
    5.9145000000e+01    7.4313598984e+02
    5.9150000000e+01    7.5541658671e+02
    5.9155000000e+01    7.6674991647e+02
    5.9160000000e+01    7.7624245334e+02
    5.9165000000e+01    7.8306074555e+02
    5.9170000000e+01    7.8645902655e+02
    5.9175000000e+01    7.8580418000e+02
    5.9180000000e+01    7.8059730938e+02
    5.9185000000e+01    7.7049126268e+02
    5.9190000000e+01    7.5530358130e+02
    5.9195000000e+01    7.3502447633e+02
    5.9200000000e+01    7.0981958088e+02
    5.9205000000e+01    6.8002738024e+02
    5.9210000000e+01    6.4615137730e+02
    5.9215000000e+01    6.0884720530e+02
    5.9220000000e+01    5.6890504805e+02
    5.9225000000e+01    5.2722786580e+02
    5.9230000000e+01    4.8480604895e+02
    5.9235000000e+01    4.4268922721e+02
    5.9240000000e+01    4.0195604737e+02
    5.9245000000e+01    3.6368279383e+02
    5.9250000000e+01    3.2891176296e+02
    5.9255000000e+01    2.9862031233e+02
    5.9260000000e+01    2.7369148940e+02
    5.9265000000e+01    2.5488710193e+02
    5.9270000000e+01    2.4282402490e+02
    5.9275000000e+01    2.3795444812e+02
    5.9280000000e+01    2.4055065815e+02
    5.9285000000e+01    2.5069481944e+02
    5.9290000000e+01    2.6827407836e+02
    5.9295000000e+01    2.9298116159e+02
    5.9300000000e+01    3.2432048415e+02
    5.9305000000e+01    3.6161962451e+02
    5.9310000000e+01    4.0404587012e+02
    5.9315000000e+01    4.5062739125e+02
    5.9320000000e+01    5.0027846715e+02
    5.9325000000e+01    5.5182807114e+02
    5.9330000000e+01    6.0405102326e+02
    5.9335000000e+01    6.5570084332e+02
    5.9340000000e+01    7.0554338600e+02
    5.9345000000e+01    7.5239031423e+02
    5.9350000000e+01    7.9513146886e+02
    5.9355000000e+01    8.3276522032e+02
    5.9360000000e+01    8.6442594287e+02
    5.9365000000e+01    8.8940782997e+02
    5.9370000000e+01    9.0718437097e+02
    5.9375000000e+01    9.1742292918e+02
    5.9380000000e+01    9.1999399845e+02
    5.9385000000e+01    9.1497486359e+02
    5.9390000000e+01    9.0264754745e+02
    5.9395000000e+01    8.8349108722e+02
    5.9400000000e+01    8.5816834262e+02
    5.9405000000e+01    8.2750769235e+02
    5.9410000000e+01    7.9248011981e+02
    5.9415000000e+01    7.5417231927e+02
    5.9420000000e+01    7.1375656671e+02
    5.9425000000e+01    6.7245819166e+02
    5.9430000000e+01    6.3152155479e+02
    5.9435000000e+01    5.9217547977e+02
    5.9440000000e+01    5.5559910409e+02
    5.9445000000e+01    5.2288910349e+02
    5.9450000000e+01    4.9502920719e+02
    5.9455000000e+01    4.7286285785e+02
    5.9460000000e+01    4.5706978354e+02
    5.9465000000e+01    4.4814713928e+02
    5.9470000000e+01    4.4639574918e+02
    5.9475000000e+01    4.5191183703e+02
    5.9480000000e+01    4.6458448011e+02
    5.9485000000e+01    4.8409886057e+02
    5.9490000000e+01    5.0994522630e+02
    5.9495000000e+01    5.4143331310e+02
    5.9500000000e+01    5.7771182683e+02
    5.9505000000e+01    6.1779244184e+02
    5.9510000000e+01    6.6057764528e+02
    5.9515000000e+01    7.0489164869e+02
    5.9520000000e+01    7.4951350163e+02
    5.9525000000e+01    7.9321148014e+02
    5.9530000000e+01    8.3477778653e+02
    5.9535000000e+01    8.7306258784e+02
    5.9540000000e+01    9.0700643831e+02
    5.9545000000e+01    9.3567017622e+02
    5.9550000000e+01    9.5826145578e+02
    5.9555000000e+01    9.7415716871e+02
    5.9560000000e+01    9.8292112524e+02
    5.9565000000e+01    9.8431649663e+02
    5.9570000000e+01    9.7831266828e+02
    5.9575000000e+01    9.6508630882e+02
    5.9580000000e+01    9.4501662265e+02
    5.9585000000e+01    9.1867491655e+02
    5.9590000000e+01    8.8680877017e+02
    5.9595000000e+01    8.5032125176e+02
    5.9600000000e+01    8.1024575924e+02
    5.9605000000e+01    7.6771718979e+02
    5.9610000000e+01    7.2394024382e+02
    5.9615000000e+01    6.8015575018e+02
    5.9620000000e+01    6.3760595487e+02
    5.9625000000e+01    5.9749974494e+02
    5.9630000000e+01    5.6097878135e+02
    5.9635000000e+01    5.2908548958e+02
    5.9640000000e+01    5.0273380481e+02
    5.9645000000e+01    4.8268349193e+02
    5.9650000000e+01    4.6951876055e+02
    5.9655000000e+01    4.6363177550e+02
    5.9660000000e+01    4.6521152632e+02
    5.9665000000e+01    4.7423836957e+02
    5.9670000000e+01    4.9048439910e+02
    5.9675000000e+01    5.1351963676e+02
    5.9680000000e+01    5.4272387294e+02
    5.9685000000e+01    5.7730382871e+02
    5.9690000000e+01    6.1631516240e+02
    5.9695000000e+01    6.5868870790e+02
    5.9700000000e+01    7.0326021385e+02
    5.9705000000e+01    7.4880275486e+02
    5.9710000000e+01    7.9406091109e+02
    5.9715000000e+01    8.3778576308e+02
    5.9720000000e+01    8.7876972594e+02
    5.9725000000e+01    9.1588025115e+02
    5.9730000000e+01    9.4809145582e+02
    5.9735000000e+01    9.7451279710e+02
    5.9740000000e+01    9.9441399155e+02
    5.9745000000e+01    1.0072454841e+03
    5.9750000000e+01    1.0126538951e+03
    5.9755000000e+01    1.0104920146e+03
    5.9760000000e+01    1.0008230629e+03
    5.9765000000e+01    9.8391909960e+02
    5.9770000000e+01    9.6025362291e+02
    5.9775000000e+01    9.3048856422e+02
    5.9780000000e+01    8.9545603971e+02
    5.9785000000e+01    8.5613536507e+02
    5.9790000000e+01    8.1362597204e+02
    5.9795000000e+01    7.6911697927e+02
    5.9800000000e+01    7.2385426264e+02
    5.9805000000e+01    6.7910593969e+02
    5.9810000000e+01    6.3612722653e+02
    5.9815000000e+01    5.9612564280e+02
    5.9820000000e+01    5.6022753033e+02
    5.9825000000e+01    5.2944681405e+02
    5.9830000000e+01    5.0465687138e+02
    5.9835000000e+01    4.8656628950e+02
    5.9840000000e+01    4.7569918159e+02
    5.9845000000e+01    4.7238060642e+02
    5.9850000000e+01    4.7672749383e+02
    5.9855000000e+01    4.8864532559e+02
    5.9860000000e+01    5.0783066169e+02
    5.9865000000e+01    5.3377943971e+02
    5.9870000000e+01    5.6580081555e+02
    5.9875000000e+01    6.0303616001e+02
    5.9880000000e+01    6.4448268374e+02
    5.9885000000e+01    6.8902103507e+02
    5.9890000000e+01    7.3544610643e+02
    5.9895000000e+01    7.8250019655e+02
    5.9900000000e+01    8.2890761194e+02
    5.9905000000e+01    8.7340975220e+02
    5.9910000000e+01    9.1479971150e+02
    5.9915000000e+01    9.5195544326e+02
    5.9920000000e+01    9.8387057634e+02
    5.9925000000e+01    1.0096820366e+03
    5.9930000000e+01    1.0286937181e+03
    5.9935000000e+01    1.0403955576e+03
    5.9940000000e+01    1.0444774944e+03
    5.9945000000e+01    1.0408379400e+03
    5.9950000000e+01    1.0295865329e+03
    5.9955000000e+01    1.0110411139e+03
    5.9960000000e+01    9.8571901390e+02
    5.9965000000e+01    9.5432290586e+02
    5.9970000000e+01    9.1772161970e+02
    5.9975000000e+01    8.7692645677e+02
    5.9980000000e+01    8.3306366413e+02
    5.9985000000e+01    7.8734383205e+02
    5.9990000000e+01    7.4102906075e+02
    5.9995000000e+01    6.9539880160e+02
    6.0000000000e+01    6.5171531135e+02
    6.0005000000e+01    6.1118966555e+02
    6.0010000000e+01    5.7494925901e+02
    6.0015000000e+01    5.4400767637e+02
    6.0020000000e+01    5.1923774769e+02
    6.0025000000e+01    5.0134851288e+02
    6.0030000000e+01    4.9086670819e+02
    6.0035000000e+01    4.8812326077e+02
    6.0040000000e+01    4.9324513719e+02
    6.0045000000e+01    5.0615274255e+02
    6.0050000000e+01    5.2656291268e+02
    6.0055000000e+01    5.5399738760e+02
    6.0060000000e+01    5.8779650312e+02
    6.0065000000e+01    6.2713769519e+02
    6.0070000000e+01    6.7105828021e+02
    6.0075000000e+01    7.1848185931e+02
    6.0080000000e+01    7.6824759799e+02
    6.0085000000e+01    8.1914155695e+02
    6.0090000000e+01    8.6992919794e+02
    6.0095000000e+01    9.1938816123e+02
    6.0100000000e+01    9.6634040918e+02
    6.0105000000e+01    1.0096828538e+03
    6.0110000000e+01    1.0484156338e+03
    6.0115000000e+01    1.0816672785e+03
    6.0120000000e+01    1.1087160866e+03
    6.0125000000e+01    1.1290071587e+03
    6.0130000000e+01    1.1421646496e+03
    6.0135000000e+01    1.1479989397e+03
    6.0140000000e+01    1.1465085740e+03
    6.0145000000e+01    1.1378769617e+03
    6.0150000000e+01    1.1224639792e+03
    6.0155000000e+01    1.1007927616e+03
    6.0160000000e+01    1.0735321014e+03
    6.0165000000e+01    1.0414749944e+03
    6.0170000000e+01    1.0055139798e+03
    6.0175000000e+01    9.6661400477e+02
    6.0180000000e+01    9.2578361404e+02
    6.0185000000e+01    8.8404530165e+02
    6.0190000000e+01    8.4240588528e+02
    6.0195000000e+01    8.0182775395e+02
    6.0200000000e+01    7.6320181090e+02
    6.0205000000e+01    7.2732287892e+02
    6.0210000000e+01    6.9486825995e+02
    6.0215000000e+01    6.6638004598e+02
    6.0220000000e+01    6.4225166609e+02
    6.0225000000e+01    6.2271902976e+02
    6.0230000000e+01    6.0785649143e+02
    6.0235000000e+01    5.9757772031e+02
    6.0240000000e+01    5.9164141680e+02
    6.0245000000e+01    5.8966167620e+02
    6.0250000000e+01    5.9112266602e+02
    6.0255000000e+01    5.9539715882e+02
    6.0260000000e+01    6.0176835183e+02
    6.0265000000e+01    6.0945431046e+02
    6.0270000000e+01    6.1763429812e+02
    6.0275000000e+01    6.2547620164e+02
    6.0280000000e+01    6.3216423135e+02
    6.0285000000e+01    6.3692606825e+02
    6.0290000000e+01    6.3905864837e+02
    6.0295000000e+01    6.3795181526e+02
    6.0300000000e+01    6.3310913447e+02
    6.0305000000e+01    6.2416524753e+02
    6.0310000000e+01    6.1089924415e+02
    6.0315000000e+01    5.9324364789e+02
    6.0320000000e+01    5.7128873858e+02
    6.0325000000e+01    5.4528207079e+02
    6.0330000000e+01    5.1562318797e+02
    6.0335000000e+01    4.8285367207e+02
    6.0340000000e+01    4.4764280453e+02
    6.0345000000e+01    4.1076924345e+02
    6.0350000000e+01    3.7309923802e+02
    6.0355000000e+01    3.3556200388e+02
    6.0360000000e+01    2.9912296684e+02
    6.0365000000e+01    2.6475564660e+02
    6.0370000000e+01    2.3341299376e+02
    6.0375000000e+01    2.0599901223e+02
    6.0380000000e+01    1.8334149349e+02
    6.0385000000e+01    1.6616666054e+02
    6.0390000000e+01    1.5507646716e+02
    6.0395000000e+01    1.5052922470e+02
    6.0400000000e+01    1.5282413595e+02
    6.0405000000e+01    1.6209020590e+02
    6.0410000000e+01    1.7827987586e+02
    6.0415000000e+01    2.0116759404e+02
    6.0420000000e+01    2.3035339563e+02
    6.0425000000e+01    2.6527142305e+02
    6.0430000000e+01    3.0520317625e+02
    6.0435000000e+01    3.4929514771e+02
    6.0440000000e+01    3.9658037098e+02
    6.0445000000e+01    4.4600329878e+02
    6.0450000000e+01    4.9644733016e+02
    6.0455000000e+01    5.4676422859e+02
    6.0460000000e+01    5.9580461672e+02
    6.0465000000e+01    6.4244869965e+02
    6.0470000000e+01    6.8563635933e+02
    6.0475000000e+01    7.2439577705e+02
    6.0480000000e+01    7.5786977925e+02
    6.0485000000e+01    7.8533916308e+02
    6.0490000000e+01    8.0624234030e+02
    6.0495000000e+01    8.2019073891e+02
    6.0500000000e+01    8.2697951927e+02
    6.0505000000e+01    8.2659329070e+02
    6.0510000000e+01    8.1920665381e+02
    6.0515000000e+01    8.0517953753e+02
    6.0520000000e+01    7.8504744542e+02
    6.0525000000e+01    7.5950686768e+02
    6.0530000000e+01    7.2939625139e+02
    6.0535000000e+01    6.9567304564e+02
    6.0540000000e+01    6.5938744926e+02
    6.0545000000e+01    6.2165358164e+02
    6.0550000000e+01    5.8361887085e+02
    6.0555000000e+01    5.4643250380e+02
    6.0560000000e+01    5.1121381139e+02
    6.0565000000e+01    4.7902146470e+02
    6.0570000000e+01    4.5082433688e+02
    6.0575000000e+01    4.2747484072e+02
    6.0580000000e+01    4.0968548398e+02
    6.0585000000e+01    3.9800929590e+02
    6.0590000000e+01    3.9282467169e+02
    6.0595000000e+01    3.9432505927e+02
    6.0600000000e+01    4.0251377841e+02
    6.0605000000e+01    4.1720411979e+02
    6.0610000000e+01    4.3802472482e+02
    6.0615000000e+01    4.6443009984e+02
    6.0620000000e+01    4.9571597563e+02
    6.0625000000e+01    5.3103908753e+02
    6.0630000000e+01    5.6944082843e+02
    6.0635000000e+01    6.0987411836e+02
    6.0640000000e+01    6.5123274448e+02
    6.0645000000e+01    6.9238235568e+02
    6.0650000000e+01    7.3219224954e+02
    6.0655000000e+01    7.6956706662e+02
    6.0660000000e+01    8.0347750893e+02
    6.0665000000e+01    8.3298922615e+02
    6.0670000000e+01    8.5728906359e+02
    6.0675000000e+01    8.7570793882e+02
    6.0680000000e+01    8.8773970750e+02
    6.0685000000e+01    8.9305549012e+02
    6.0690000000e+01    8.9151305767e+02
    6.0695000000e+01    8.8316101172e+02
    6.0700000000e+01    8.6823763916e+02
    6.0705000000e+01    8.4716447035e+02
    6.0710000000e+01    8.2053471711e+02
    6.0715000000e+01    7.8909690956e+02
    6.0720000000e+01    7.5373418510e+02
    6.0725000000e+01    7.1543980422e+02
    6.0730000000e+01    6.7528957326e+02
    6.0735000000e+01    6.3441194093e+02
    6.0740000000e+01    5.9395660080e+02
    6.0745000000e+01    5.5506247400e+02
    6.0750000000e+01    5.1882596428e+02
    6.0755000000e+01    4.8627037051e+02
    6.0760000000e+01    4.5831731003e+02
    6.0765000000e+01    4.3576095077e+02
    6.0770000000e+01    4.1924577228e+02
    6.0775000000e+01    4.0924847800e+02
    6.0780000000e+01    4.0606456575e+02
    6.0785000000e+01    4.0979993401e+02
    6.0790000000e+01    4.2036776157e+02
    6.0795000000e+01    4.3749075138e+02
    6.0800000000e+01    4.6070867989e+02
    6.0805000000e+01    4.8939104563e+02
    6.0810000000e+01    5.2275446853e+02
    6.0815000000e+01    5.5988435884e+02
    6.0820000000e+01    5.9976025546e+02
    6.0825000000e+01    6.4128413097e+02
    6.0830000000e+01    6.8331087738e+02
    6.0835000000e+01    7.2468012569e+02
    6.0840000000e+01    7.6424851441e+02
    6.0845000000e+01    8.0092150948e+02
    6.0850000000e+01    8.3368388951e+02
    6.0855000000e+01    8.6162804733e+02
    6.0860000000e+01    8.8397931864e+02
    6.0865000000e+01    9.0011763122e+02
    6.0870000000e+01    9.0959486967e+02
    6.0875000000e+01    9.1214746993e+02
    6.0880000000e+01    9.0770388996e+02
    6.0885000000e+01    8.9638674532e+02
    6.0890000000e+01    8.7850954687e+02
    6.0895000000e+01    8.5456812780e+02
    6.0900000000e+01    8.2522699488e+02
    6.0905000000e+01    7.9130098042e+02
    6.0910000000e+01    7.5373270208e+02
    6.0915000000e+01    7.1356645477e+02
    6.0920000000e+01    6.7191925825e+02
    6.0925000000e+01    6.2994986398e+02
    6.0930000000e+01    5.8882658144e+02
    6.0935000000e+01    5.4969481792e+02
    6.0940000000e+01    5.1364523409e+02
    6.0945000000e+01    4.8168340110e+02
    6.0950000000e+01    4.5470180374e+02
    6.0955000000e+01    4.3345496938e+02
    6.0960000000e+01    4.1853841614e+02
    6.0965000000e+01    4.1037200785e+02
    6.0970000000e+01    4.0918818114e+02
    6.0975000000e+01    4.1502537503e+02
    6.0980000000e+01    4.2772684881e+02
    6.0985000000e+01    4.4694492435e+02
    6.0990000000e+01    4.7215053831e+02
    6.0995000000e+01    5.0264784193e+02
    6.1000000000e+01    5.3759344577e+02
    6.1005000000e+01    5.7601977728e+02
    6.1010000000e+01    6.1686190450e+02
    6.1015000000e+01    6.5898708247e+02
    6.1020000000e+01    7.0122620279e+02
    6.1025000000e+01    7.4240627324e+02
    6.1030000000e+01    7.8138302538e+02
    6.1035000000e+01    8.1707274362e+02
    6.1040000000e+01    8.4848243067e+02
    6.1045000000e+01    8.7473746943e+02
    6.1050000000e+01    8.9510601082e+02
    6.1055000000e+01    9.0901940714e+02
    6.1060000000e+01    9.1608812025e+02
    6.1065000000e+01    9.1611265884e+02
    6.1070000000e+01    9.0908923725e+02
    6.1075000000e+01    8.9520999432e+02
    6.1080000000e+01    8.7485776218e+02
    6.1085000000e+01    8.4859552585e+02
    6.1090000000e+01    8.1715086265e+02
    6.1095000000e+01    7.8139578962e+02
    6.1100000000e+01    7.4232257551e+02
    6.1105000000e+01    7.0101618615e+02
    6.1110000000e+01    6.5862412647e+02
    6.1115000000e+01    6.1632451498e+02
    6.1120000000e+01    5.7529327698e+02
    6.1125000000e+01    5.3667136761e+02
    6.1130000000e+01    5.0153293620e+02
    6.1135000000e+01    4.7085531814e+02
    6.1140000000e+01    4.4549169055e+02
    6.1145000000e+01    4.2614715518e+02
    6.1150000000e+01    4.1335891756e+02
    6.1155000000e+01    4.0748111846e+02
    6.1160000000e+01    4.0867474539e+02
    6.1165000000e+01    4.1690291136e+02
    6.1170000000e+01    4.3193163950e+02
    6.1175000000e+01    4.5333613971e+02
    6.1180000000e+01    4.8051241119e+02
    6.1185000000e+01    5.1269385667e+02
    6.1190000000e+01    5.4897245500e+02
    6.1195000000e+01    5.8832391157e+02
    6.1200000000e+01    6.2963609530e+02
    6.1205000000e+01    6.7173997862e+02
    6.1210000000e+01    7.1344222662e+02
    6.1215000000e+01    7.5355853439e+02
    6.1220000000e+01    7.9094678986e+02
    6.1225000000e+01    8.2453914250e+02
    6.1230000000e+01    8.5337208739e+02
    6.1235000000e+01    8.7661372737e+02
    6.1240000000e+01    8.9358745299e+02
    6.1245000000e+01    9.0379137750e+02
    6.1250000000e+01    9.0691298043e+02
    6.1255000000e+01    9.0283854468e+02
    6.1260000000e+01    8.9165711519e+02
    6.1265000000e+01    8.7365885787e+02
    6.1270000000e+01    8.4932785169e+02
    6.1275000000e+01    8.1932950055e+02
    6.1280000000e+01    7.8449289994e+02
    6.1285000000e+01    7.4578863292e+02
    6.1290000000e+01    7.0430259689e+02
    6.1295000000e+01    6.6120657225e+02
    6.1300000000e+01    6.1772633550e+02
    6.1305000000e+01    5.7510818755e+02
    6.1310000000e+01    5.3458481334e+02
    6.1315000000e+01    4.9734140827e+02
    6.1320000000e+01    4.6448300149e+02
    6.1325000000e+01    4.3700387405e+02
    6.1330000000e+01    4.1575991426e+02
    6.1335000000e+01    4.0144467281e+02
    6.1340000000e+01    3.9456978003e+02
    6.1345000000e+01    3.9545026889e+02
    6.1350000000e+01    4.0419521369e+02
    6.1355000000e+01    4.2070394923e+02
    6.1360000000e+01    4.4466798287e+02
    6.1365000000e+01    4.7557855613e+02
    6.1370000000e+01    5.1273965808e+02
    6.1375000000e+01    5.5528614303e+02
    6.1380000000e+01    6.0220646581e+02
    6.1385000000e+01    6.5236942055e+02
    6.1390000000e+01    7.0455415963e+02
    6.1395000000e+01    7.5748267888e+02
    6.1400000000e+01    8.0985388737e+02
    6.1405000000e+01    8.6037833633e+02
    6.1410000000e+01    9.0781266316e+02
    6.1415000000e+01    9.5099281390e+02
    6.1420000000e+01    9.8886514043e+02
    6.1425000000e+01    1.0205145263e+03
    6.1430000000e+01    1.0451887763e+03
    6.1435000000e+01    1.0623186060e+03
    6.1440000000e+01    1.0715326878e+03
    6.1445000000e+01    1.0726673460e+03
    6.1450000000e+01    1.0657706360e+03
    6.1455000000e+01    1.0511007009e+03
    6.1460000000e+01    1.0291184503e+03
    6.1465000000e+01    1.0004747636e+03
    6.1470000000e+01    9.6599256897e+02
    6.1475000000e+01    9.2664428810e+02
    6.1480000000e+01    8.8352526459e+02
    6.1485000000e+01    8.3782390113e+02
    6.1490000000e+01    7.9078932219e+02
    6.1495000000e+01    7.4369744456e+02
    6.1500000000e+01    6.9781638186e+02
    6.1505000000e+01    6.5437212629e+02
    6.1510000000e+01    6.1451544295e+02
    6.1515000000e+01    5.7929087810e+02
    6.1520000000e+01    5.4960872436e+02
    6.1525000000e+01    5.2622070440e+02
    6.1530000000e+01    5.0970003236e+02
    6.1535000000e+01    5.0042639189e+02
    6.1540000000e+01    4.9857623509e+02
    6.1545000000e+01    5.0411866028e+02
    6.1550000000e+01    5.1681697398e+02
    6.1555000000e+01    5.3623588672e+02
    6.1560000000e+01    5.6175413813e+02
    6.1565000000e+01    5.9258219823e+02
    6.1570000000e+01    6.2778455321e+02
    6.1575000000e+01    6.6630595905e+02
    6.1580000000e+01    7.0700093774e+02
    6.1585000000e+01    7.4866570326e+02
    6.1590000000e+01    7.9007163820e+02
    6.1595000000e+01    8.2999940049e+02
    6.1600000000e+01    8.6727272305e+02
    6.1605000000e+01    9.0079097876e+02
    6.1610000000e+01    9.2955961761e+02
    6.1615000000e+01    9.5271764215e+02
    6.1620000000e+01    9.6956136935e+02
    6.1625000000e+01    9.7956382964e+02
    6.1630000000e+01    9.8238927401e+02
    6.1635000000e+01    9.7790239502e+02
    6.1640000000e+01    9.6617201255e+02
    6.1645000000e+01    9.4746912806e+02
    6.1650000000e+01    9.2225940481e+02
    6.1655000000e+01    8.9119028553e+02
    6.1660000000e+01    8.5507310526e+02
    6.1665000000e+01    8.1486069484e+02
    6.1670000000e+01    7.7162109381e+02
    6.1675000000e+01    7.2650809776e+02
    6.1680000000e+01    6.8072945197e+02
    6.1685000000e+01    6.3551356699e+02
    6.1690000000e+01    5.9207567193e+02
    6.1695000000e+01    5.5158433638e+02
    6.1700000000e+01    5.1512928073e+02
    6.1705000000e+01    4.8369135922e+02
    6.1710000000e+01    4.5811553965e+02
    6.1715000000e+01    4.3908762100e+02
    6.1720000000e+01    4.2711532729e+02
    6.1725000000e+01    4.2251429535e+02
    6.1730000000e+01    4.2539933978e+02
    6.1735000000e+01    4.3568123325e+02
    6.1740000000e+01    4.5306908866e+02
    6.1745000000e+01    4.7707827618e+02
    6.1750000000e+01    5.0704365603e+02
    6.1755000000e+01    5.4213776235e+02
    6.1760000000e+01    5.8139343759e+02
    6.1765000000e+01    6.2373029528e+02
    6.1770000000e+01    6.6798428384e+02
    6.1775000000e+01    7.1293953996e+02
    6.1780000000e+01    7.5736165704e+02
    6.1785000000e+01    8.0003145614e+02
    6.1790000000e+01    8.3977833342e+02
    6.1795000000e+01    8.7551227004e+02
    6.1800000000e+01    9.0625362763e+02
    6.1805000000e+01    9.3115991341e+02
    6.1810000000e+01    9.4954878274e+02
    6.1815000000e+01    9.6091665008e+02
    6.1820000000e+01    9.6495240010e+02
    6.1825000000e+01    9.6154582537e+02
    6.1830000000e+01    9.5079056133e+02
    6.1835000000e+01    9.3298144068e+02
    6.1840000000e+01    9.0860634173e+02
    6.1845000000e+01    8.7833275654e+02
    6.1850000000e+01    8.4298944884e+02
    6.1855000000e+01    8.0354370623e+02
    6.1860000000e+01    7.6107481166e+02
    6.1865000000e+01    7.1674446212e+02
    6.1870000000e+01    6.7176494606e+02
    6.1875000000e+01    6.2736595161e+02
    6.1880000000e+01    5.8476091511e+02
    6.1885000000e+01    5.4511383110e+02
    6.1890000000e+01    5.0950743216e+02
    6.1895000000e+01    4.7891360865e+02
    6.1900000000e+01    4.5416687666e+02
    6.1905000000e+01    4.3594161875e+02
    6.1910000000e+01    4.2473371787e+02
    6.1915000000e+01    4.2084708477e+02
    6.1920000000e+01    4.2438544444e+02
    6.1925000000e+01    4.3524960318e+02
    6.1930000000e+01    4.5314026786e+02
    6.1935000000e+01    4.7756633657e+02
    6.1940000000e+01    5.0785843038e+02
    6.1945000000e+01    5.4318729280e+02
    6.1950000000e+01    5.8258655010e+02
    6.1955000000e+01    6.2497920720e+02
    6.1960000000e+01    6.6920715159e+02
    6.1965000000e+01    7.1406285635e+02
    6.1970000000e+01    7.5832241339e+02
    6.1975000000e+01    8.0077899253e+02
    6.1980000000e+01    8.4027581099e+02
    6.1985000000e+01    8.7573771190e+02
    6.1990000000e+01    9.0620048933e+02
    6.1995000000e+01    9.3083715944e+02
    6.2000000000e+01    9.4898046197e+02
    6.2005000000e+01    9.6014097941e+02
    6.2010000000e+01    9.6402038225e+02
    6.2015000000e+01    9.6051944196e+02
    6.2020000000e+01    9.4974059700e+02
    6.2025000000e+01    9.3198500649e+02
    6.2030000000e+01    9.0774417679e+02
    6.2035000000e+01    8.7768639478e+02
    6.2040000000e+01    8.4263834351e+02
    6.2045000000e+01    8.0356240729e+02
    6.2050000000e+01    7.6153029078e+02
    6.2055000000e+01    7.1769367673e+02
    6.2060000000e+01    6.7325272768e+02
    6.2065000000e+01    6.2942329473e+02
    6.2070000000e+01    5.8740373117e+02
    6.2075000000e+01    5.4834221872e+02
    6.2080000000e+01    5.1330549897e+02
    6.2085000000e+01    4.8324986338e+02
    6.2090000000e+01    4.5899519228e+02
    6.2095000000e+01    4.4120274929e+02
    6.2100000000e+01    4.3035733364e+02
    6.2105000000e+01    4.2675427325e+02
    6.2110000000e+01    4.3049160816e+02
    6.2115000000e+01    4.4146767158e+02
    6.2120000000e+01    4.5938412761e+02
    6.2125000000e+01    4.8375437548e+02
    6.2130000000e+01    5.1391708321e+02
    6.2135000000e+01    5.4905447333e+02
    6.2140000000e+01    5.8821485402e+02
    6.2145000000e+01    6.3033877291e+02
    6.2150000000e+01    6.7428807296e+02
    6.2155000000e+01    7.1887705083e+02
    6.2160000000e+01    7.6290486199e+02
    6.2165000000e+01    8.0518828372e+02
    6.2170000000e+01    8.4459393873e+02
    6.2175000000e+01    8.8006909815e+02
    6.2180000000e+01    9.1067022307e+02
    6.2185000000e+01    9.3558846691e+02
    6.2190000000e+01    9.5417144586e+02
    6.2195000000e+01    9.6594068786e+02
    6.2200000000e+01    9.7060429028e+02
    6.2205000000e+01    9.6806444906e+02
    6.2210000000e+01    9.5841966319e+02
    6.2215000000e+01    9.4196156557e+02
    6.2220000000e+01    9.1916647876e+02
    6.2225000000e+01    8.9068193957e+02
    6.2230000000e+01    8.5730857431e+02
    6.2235000000e+01    8.1997783400e+02
    6.2240000000e+01    7.7972621248e+02
    6.2245000000e+01    7.3766666592e+02
    6.2250000000e+01    6.9495802878e+02
    6.2255000000e+01    6.5277327516e+02
    6.2260000000e+01    6.1226750532e+02
    6.2265000000e+01    5.7454654329e+02
    6.2270000000e+01    5.4063701377e+02
    6.2275000000e+01    5.1145872405e+02
    6.2280000000e+01    4.8780011212e+02
    6.2285000000e+01    4.7029743636e+02
    6.2290000000e+01    4.5941827751e+02
    6.2295000000e+01    4.5544980361e+02
    6.2300000000e+01    4.5849211606e+02
    6.2305000000e+01    4.6845685352e+02
    6.2310000000e+01    4.8507108400e+02
    6.2315000000e+01    5.0788636888e+02
    6.2320000000e+01    5.3629273820e+02
    6.2325000000e+01    5.6953718053e+02
    6.2330000000e+01    6.0674612462e+02
    6.2335000000e+01    6.4695127901e+02
    6.2340000000e+01    6.8911810210e+02
    6.2345000000e+01    7.3217610148e+02
    6.2350000000e+01    7.7505010997e+02
    6.2355000000e+01    8.1669165766e+02
    6.2360000000e+01    8.5610955626e+02
    6.2365000000e+01    8.9239883238e+02
    6.2370000000e+01    9.2476719182e+02
    6.2375000000e+01    9.5255826414e+02
    6.2380000000e+01    9.7527096551e+02
    6.2385000000e+01    9.9257442474e+02
    6.2390000000e+01    1.0043180396e+03
    6.2395000000e+01    1.0105363658e+03
    6.2400000000e+01    1.0114486831e+03
    6.2405000000e+01    1.0074532321e+03
    6.2410000000e+01    9.9911626250e+02
    6.2415000000e+01    9.8715617833e+02
    6.2420000000e+01    9.7242320307e+02
    6.2425000000e+01    9.5587511372e+02
    6.2430000000e+01    9.3854970281e+02
    6.2435000000e+01    9.2153472153e+02
    6.2440000000e+01    9.0593612913e+02
    6.2445000000e+01    8.9284552417e+02
    6.2450000000e+01    8.8330765950e+02
    6.2455000000e+01    8.7828894414e+02
    6.2460000000e+01    8.7864781234e+02
    6.2465000000e+01    8.8510779242e+02
    6.2470000000e+01    8.9823403794e+02
    6.2475000000e+01    9.1841399189e+02
    6.2480000000e+01    9.4584274499e+02
    6.2485000000e+01    9.8051352327e+02
    6.2490000000e+01    1.0222136019e+03
    6.2495000000e+01    1.0705257963e+03
    6.2500000000e+01    1.1248355298e+03
    6.2505000000e+01    1.1843433256e+03
    6.2510000000e+01    1.2480824243e+03
    6.2515000000e+01    1.3149410853e+03
    6.2520000000e+01    1.3836890044e+03
    6.2525000000e+01    1.4530071646e+03
    6.2530000000e+01    1.5215203423e+03
    6.2535000000e+01    1.5878314153e+03
    6.2540000000e+01    1.6505565693e+03
    6.2545000000e+01    1.7083604685e+03
    6.2550000000e+01    1.7599904567e+03
    6.2555000000e+01    1.8043088753e+03
    6.2560000000e+01    1.8403226341e+03
    6.2565000000e+01    1.8672092390e+03
    6.2570000000e+01    1.8843385748e+03
    6.2575000000e+01    1.8912898519e+03
    6.2580000000e+01    1.8878632522e+03
    6.2585000000e+01    1.8740859514e+03
    6.2590000000e+01    1.8502123415e+03
    6.2595000000e+01    1.8167184337e+03
    6.2600000000e+01    1.7742905741e+03
    6.2605000000e+01    1.7238087589e+03
    6.2610000000e+01    1.6663249762e+03
    6.2615000000e+01    1.6030371378e+03
    6.2620000000e+01    1.5352592795e+03
    6.2625000000e+01    1.4643888083e+03
    6.2630000000e+01    1.3918716568e+03
    6.2635000000e+01    1.3191662556e+03
    6.2640000000e+01    1.2477072722e+03
    6.2645000000e+01    1.1788700667e+03
    6.2650000000e+01    1.1139367984e+03
    6.2655000000e+01    1.0540650702e+03
    6.2660000000e+01    1.0002599352e+03
    6.2665000000e+01    9.5334999282e+02
    6.2670000000e+01    9.1396819976e+02
    6.2675000000e+01    8.8253789010e+02
    6.2680000000e+01    8.5926436194e+02
    6.2685000000e+01    8.4413223892e+02
    6.2690000000e+01    8.3690866066e+02
    6.2695000000e+01    8.3715220081e+02
    6.2700000000e+01    8.4422725868e+02
    6.2705000000e+01    8.5732352455e+02
    6.2710000000e+01    8.7547998400e+02
    6.2715000000e+01    8.9761280592e+02
    6.2720000000e+01    9.2254635617e+02
    6.2725000000e+01    9.4904649650e+02
    6.2730000000e+01    9.7585526851e+02
    6.2735000000e+01    1.0017260269e+03
    6.2740000000e+01    1.0254580759e+03
    6.2745000000e+01    1.0459298785e+03
    6.2750000000e+01    1.0621299465e+03
    6.2755000000e+01    1.0731845854e+03
    6.2760000000e+01    1.0783817532e+03
    6.2765000000e+01    1.0771903982e+03
    6.2770000000e+01    1.0692747637e+03
    6.2775000000e+01    1.0545032851e+03
    6.2780000000e+01    1.0329518501e+03
    6.2785000000e+01    1.0049013463e+03
    6.2790000000e+01    9.7082957369e+02
    6.2795000000e+01    9.3139775309e+02
    6.2800000000e+01    8.8743200673e+02
    6.2805000000e+01    8.3990032176e+02
    6.2810000000e+01    7.8988563053e+02
    6.2815000000e+01    7.3855574455e+02
    6.2820000000e+01    6.8713096410e+02
    6.2825000000e+01    6.3685024690e+02
    6.2830000000e+01    5.8893685803e+02
    6.2835000000e+01    5.4456443575e+02
    6.2840000000e+01    5.0482439655e+02
    6.2845000000e+01    4.7069556526e+02
    6.2850000000e+01    4.4301685542e+02
    6.2855000000e+01    4.2246374191e+02
    6.2860000000e+01    4.0952916497e+02
    6.2865000000e+01    4.0450938404e+02
    6.2870000000e+01    4.0749516615e+02
    6.2875000000e+01    4.1836854876e+02
    6.2880000000e+01    4.3680526613e+02
    6.2885000000e+01    4.6228277521e+02
    6.2890000000e+01    4.9409366542e+02
    6.2895000000e+01    5.3136409149e+02
    6.2900000000e+01    5.7307673241e+02
    6.2905000000e+01    6.1809765786e+02
    6.2910000000e+01    6.6520637751e+02
    6.2915000000e+01    7.1312826308e+02
    6.2920000000e+01    7.6056846872e+02
    6.2925000000e+01    8.0624643539e+02
    6.2930000000e+01    8.4893004852e+02
    6.2935000000e+01    8.8746852836e+02
    6.2940000000e+01    9.2082316600e+02
    6.2945000000e+01    9.4809507654e+02
    6.2950000000e+01    9.6854922117e+02
    6.2955000000e+01    9.8163405031e+02
    6.2960000000e+01    9.8699623812e+02
    6.2965000000e+01    9.8449011071e+02
    6.2970000000e+01    9.7418151324e+02
    6.2975000000e+01    9.5634601073e+02
    6.2980000000e+01    9.3146146983e+02
    6.2985000000e+01    9.0019521990e+02
    6.2990000000e+01    8.6338613738e+02
    6.2995000000e+01    8.2202213380e+02
    6.3000000000e+01    7.7721365155e+02
    6.3005000000e+01    7.3016387796e+02
    6.3010000000e+01    6.8213647716e+02
    6.3015000000e+01    6.3442170471e+02
    6.3020000000e+01    5.8830181418e+02
    6.3025000000e+01    5.4501668268e+02
    6.3030000000e+01    5.0573057703e+02
    6.3035000000e+01    4.7150095090e+02
    6.3040000000e+01    4.4325010864e+02
    6.3045000000e+01    4.2174049441e+02
    6.3050000000e+01    4.0755426780e+02
    6.3055000000e+01    4.0107771164e+02
    6.3060000000e+01    4.0249088857e+02
    6.3065000000e+01    4.1176282147e+02
    6.3070000000e+01    4.2865232522e+02
    6.3075000000e+01    4.5271446554e+02
    6.3080000000e+01    4.8331247012e+02
    6.3085000000e+01    5.1963477122e+02
    6.3090000000e+01    5.6071672177e+02
    6.3095000000e+01    6.0546640216e+02
    6.3100000000e+01    6.5269382574e+02
    6.3105000000e+01    7.0114276036e+02
    6.3110000000e+01    7.4952431420e+02
    6.3115000000e+01    7.9655138684e+02
    6.3120000000e+01    8.4097306458e+02
    6.3125000000e+01    8.8160804074e+02
    6.3130000000e+01    9.1737616843e+02
    6.3135000000e+01    9.4732730410e+02
    6.3140000000e+01    9.7066667271e+02
    6.3145000000e+01    9.8677607937e+02
    6.3150000000e+01    9.9523040341e+02
    6.3155000000e+01    9.9580893750e+02
    6.3160000000e+01    9.8850127235e+02
    6.3165000000e+01    9.7350757330e+02
    6.3170000000e+01    9.5123324507e+02
    6.3175000000e+01    9.2227813063e+02
    6.3180000000e+01    8.8742053555e+02
    6.3185000000e+01    8.4759650744e+02
    6.3190000000e+01    8.0387492553e+02
    6.3195000000e+01    7.5742906712e+02
    6.3200000000e+01    7.0950541024e+02
    6.3205000000e+01    6.6139050527e+02
    6.3210000000e+01    6.1437679817e+02
    6.3215000000e+01    5.6972831516e+02
    6.3220000000e+01    5.2864712124e+02
    6.3225000000e+01    4.9224144314e+02
    6.3230000000e+01    4.6149630187e+02
    6.3235000000e+01    4.3724743212e+02
    6.3240000000e+01    4.2015917736e+02
    6.3245000000e+01    4.1070694282e+02
    6.3250000000e+01    4.0916466645e+02
    6.3255000000e+01    4.1559763402e+02
    6.3260000000e+01    4.2986082225e+02
    6.3265000000e+01    4.5160280638e+02
    6.3270000000e+01    4.8027512142e+02
    6.3275000000e+01    5.1514682134e+02
    6.3280000000e+01    5.5532384348e+02
    6.3285000000e+01    5.9977265847e+02
    6.3290000000e+01    6.4734757382e+02
    6.3295000000e+01    6.9682096355e+02
    6.3300000000e+01    7.4691562035e+02
    6.3305000000e+01    7.9633837268e+02
    6.3310000000e+01    8.4381407729e+02
    6.3315000000e+01    8.8811909037e+02
    6.3320000000e+01    9.2811333620e+02
    6.3325000000e+01    9.6277013194e+02
    6.3330000000e+01    9.9120298861e+02
    6.3335000000e+01    1.0126886906e+03
    6.3340000000e+01    1.0266860563e+03
    6.3345000000e+01    1.0328498989e+03
    6.3350000000e+01    1.0310398338e+03
    6.3355000000e+01    1.0213237174e+03
    6.3360000000e+01    1.0039756435e+03
    6.3365000000e+01    9.7946856879e+02
    6.3370000000e+01    9.4846177858e+02
    6.3375000000e+01    9.1178354102e+02
    6.3380000000e+01    8.7040942251e+02
    6.3385000000e+01    8.2543684986e+02
    6.3390000000e+01    7.7805660121e+02
    6.3395000000e+01    7.2952198541e+02
    6.3400000000e+01    6.8111652734e+02
    6.3405000000e+01    6.3412101170e+02
    6.3410000000e+01    5.8978075060e+02
    6.3415000000e+01    5.4927392966e+02
    6.3420000000e+01    5.1368185447e+02
    6.3425000000e+01    4.8396186400e+02
    6.3430000000e+01    4.6092360308e+02
    6.3435000000e+01    4.4520925273e+02
    6.3440000000e+01    4.3727820904e+02
    6.3445000000e+01    4.3739658025e+02
    6.3450000000e+01    4.4563174177e+02
    6.3455000000e+01    4.6185205331e+02
    6.3460000000e+01    4.8573170462e+02
    6.3465000000e+01    5.1676052056e+02
    6.3470000000e+01    5.5425842581e+02
    6.3475000000e+01    5.9739414789e+02
    6.3480000000e+01    6.4520762774e+02
    6.3485000000e+01    6.9663551242e+02
    6.3490000000e+01    7.5053902765e+02
    6.3495000000e+01    8.0573346992e+02
    6.3500000000e+01    8.6101852107e+02
    6.3505000000e+01    9.1520857341e+02
    6.3510000000e+01    9.6716225980e+02
    6.3515000000e+01    1.0158104120e+03
    6.3520000000e+01    1.0601817201e+03
    6.3525000000e+01    1.0994254334e+03
    6.3530000000e+01    1.1328305308e+03
    6.3535000000e+01    1.1598408889e+03
    6.3540000000e+01    1.1800660871e+03
    6.3545000000e+01    1.1932876149e+03
    6.3550000000e+01    1.1994603701e+03
    6.3555000000e+01    1.1987094684e+03
    6.3560000000e+01    1.1913225122e+03
    6.3565000000e+01    1.1777375884e+03
    6.3570000000e+01    1.1585273826e+03
    6.3575000000e+01    1.1343798958e+03
    6.3580000000e+01    1.1060763431e+03
    6.3585000000e+01    1.0744668842e+03
    6.3590000000e+01    1.0404448886e+03
    6.3595000000e+01    1.0049204760e+03
    6.3600000000e+01    9.6879408173e+02
    6.3605000000e+01    9.3293079309e+02
    6.3610000000e+01    8.9813617246e+02
    6.3615000000e+01    8.6513423617e+02
    6.3620000000e+01    8.3454819176e+02
    6.3625000000e+01    8.0688445394e+02
    6.3630000000e+01    7.8252036295e+02
    6.3635000000e+01    7.6169592132e+02
    6.3640000000e+01    7.4450974904e+02
    6.3645000000e+01    7.3091933602e+02
    6.3650000000e+01    7.2074554803e+02
    6.3655000000e+01    7.1368122181e+02
    6.3660000000e+01    7.0930356883e+02
    6.3665000000e+01    7.0709000048e+02
    6.3670000000e+01    7.0643689106e+02
    6.3675000000e+01    7.0668071311e+02
    6.3680000000e+01    7.0712091395e+02
    6.3685000000e+01    7.0704385439e+02
    6.3690000000e+01    7.0574710205e+02
    6.3695000000e+01    7.0256336362e+02
    6.3700000000e+01    6.9688335165e+02
    6.3705000000e+01    6.8817691386e+02
    6.3710000000e+01    6.7601180271e+02
    6.3715000000e+01    6.6006953189e+02
    6.3720000000e+01    6.4015784950e+02
    6.3725000000e+01    6.1621945483e+02
    6.3730000000e+01    5.8833669292e+02
    6.3735000000e+01    5.5673207597e+02
    6.3740000000e+01    5.2176459974e+02
    6.3745000000e+01    4.8392194314e+02
    6.3750000000e+01    4.4380875675e+02
    6.3755000000e+01    4.0213135803e+02
    6.3760000000e+01    3.5967925393e+02
    6.3765000000e+01    3.1730400303e+02
    6.3770000000e+01    2.7589600642e+02
    6.3775000000e+01    2.3635987721e+02
    6.3780000000e+01    1.9958908111e+02
    6.3785000000e+01    1.6644056371e+02
    6.3790000000e+01    1.3771008343e+02
    6.3795000000e+01    1.1410895206e+02
    6.3800000000e+01    9.6242848560e+01
    6.3805000000e+01    8.4593316339e+01
    6.3810000000e+01    7.9502482062e+01
    6.3815000000e+01    8.1161446465e+01
    6.3820000000e+01    8.9602697354e+01
    6.3825000000e+01    1.0469678464e+02
    6.3830000000e+01    1.2615338002e+02
    6.3835000000e+01    1.5352672279e+02
    6.3840000000e+01    1.8622533199e+02
    6.3845000000e+01    2.2352574629e+02
    6.3850000000e+01    2.6458994119e+02
    6.3855000000e+01    3.0848596972e+02
    6.3860000000e+01    3.5421128245e+02
    6.3865000000e+01    4.0071810643e+02
    6.3870000000e+01    4.4694020354e+02
    6.3875000000e+01    4.9182028810e+02
    6.3880000000e+01    5.3433736273e+02
    6.3885000000e+01    5.7353323042e+02
    6.3890000000e+01    6.0853746092e+02
    6.3895000000e+01    6.3859012853e+02
    6.3900000000e+01    6.6306169729e+02
    6.3905000000e+01    6.8146950460e+02
    6.3910000000e+01    6.9349038555e+02
    6.3915000000e+01    6.9896908351e+02
    6.3920000000e+01    6.9792220639e+02
    6.3925000000e+01    6.9053760795e+02
    6.3930000000e+01    6.7716919807e+02
    6.3935000000e+01    6.5832730959e+02
    6.3940000000e+01    6.3466487082e+02
    6.3945000000e+01    6.0695974693e+02
    6.3950000000e+01    5.7609371868e+02
    6.3955000000e+01    5.4302865903e+02
    6.3960000000e+01    5.0878054573e+02
    6.3965000000e+01    4.7439200779e+02
    6.3970000000e+01    4.4090414526e+02
    6.3975000000e+01    4.0932838269e+02
    6.3980000000e+01    3.8061911721e+02
    6.3985000000e+01    3.5564790221e+02
    6.3990000000e+01    3.3517986678e+02
    6.3995000000e+01    3.1985301213e+02
    6.4000000000e+01    3.1016094870e+02
    6.4005000000e+01    3.0643954540e+02
    6.4010000000e+01    3.0885785694e+02
    6.4015000000e+01    3.1741357953e+02
    6.4020000000e+01    3.3193316250e+02
    6.4025000000e+01    3.5207657753e+02
    6.4030000000e+01    3.7734662007e+02
    6.4035000000e+01    4.0710249473e+02
    6.4040000000e+01    4.4057731941e+02
    6.4045000000e+01    4.7689907599e+02
    6.4050000000e+01    5.1511444123e+02
    6.4055000000e+01    5.5421485222e+02
    6.4060000000e+01    5.9316409949e+02
    6.4065000000e+01    6.3092669812e+02
    6.4070000000e+01    6.6649626529e+02
    6.4075000000e+01    6.9892313151e+02
    6.4080000000e+01    7.2734043255e+02
    6.4085000000e+01    7.5098796972e+02
    6.4090000000e+01    7.6923318572e+02
    6.4095000000e+01    7.8158868125e+02
    6.4100000000e+01    7.8772579079e+02
    6.4105000000e+01    7.8748384287e+02
    6.4110000000e+01    7.8087484706e+02
    6.4115000000e+01    7.6808347420e+02
    6.4120000000e+01    7.4946232453e+02
    6.4125000000e+01    7.2552260661e+02
    6.4130000000e+01    6.9692047525e+02
    6.4135000000e+01    6.6443939535e+02
    6.4140000000e+01    6.2896900722e+02
    6.4145000000e+01    5.9148106520e+02
    6.4150000000e+01    5.5300310171e+02
    6.4155000000e+01    5.1459053220e+02
    6.4160000000e+01    4.7729795945e+02
    6.4165000000e+01    4.4215045917e+02
    6.4170000000e+01    4.1011563016e+02
    6.4175000000e+01    3.8207717257e+02
    6.4180000000e+01    3.5881071743e+02
    6.4185000000e+01    3.4096257017e+02
    6.4190000000e+01    3.2903195234e+02
    6.4195000000e+01    3.2335723112e+02
    6.4200000000e+01    3.2410651820e+02
    6.4205000000e+01    3.3127290101e+02
    6.4210000000e+01    3.4467444288e+02
    6.4215000000e+01    3.6395895916e+02
    6.4220000000e+01    3.8861344564e+02
    6.4225000000e+01    4.1797790832e+02
    6.4230000000e+01    4.5126322313e+02
    6.4235000000e+01    4.8757254340e+02
    6.4240000000e+01    5.2592567494e+02
    6.4245000000e+01    5.6528575697e+02
    6.4250000000e+01    6.0458752243e+02
    6.4255000000e+01    6.4276636728e+02
    6.4260000000e+01    6.7878743459e+02
    6.4265000000e+01    7.1167391772e+02
    6.4270000000e+01    7.4053380664e+02
    6.4275000000e+01    7.6458434274e+02
    6.4280000000e+01    7.8317350911e+02
    6.4285000000e+01    7.9579796288e+02
    6.4290000000e+01    8.0211691280e+02
    6.4295000000e+01    8.0196155556e+02
    6.4300000000e+01    7.9533980496e+02
    6.4305000000e+01    7.8243617704e+02
    6.4310000000e+01    7.6360682666e+02
    6.4315000000e+01    7.3936986412e+02
    6.4320000000e+01    7.1039121031e+02
    6.4325000000e+01    6.7746637192e+02
    6.4330000000e+01    6.4149863110e+02
    6.4335000000e+01    6.0347424379e+02
    6.4340000000e+01    5.6443532433e+02
    6.4345000000e+01    5.2545115928e+02
    6.4350000000e+01    4.8758873836e+02
    6.4355000000e+01    4.5188331391e+02
    6.4360000000e+01    4.1930980133e+02
    6.4365000000e+01    3.9075581215e+02
    6.4370000000e+01    3.6699706808e+02
    6.4375000000e+01    3.4867588096e+02
    6.4380000000e+01    3.3628330069e+02
    6.4385000000e+01    3.3014543347e+02
    6.4390000000e+01    3.3041431923e+02
    6.4395000000e+01    3.3706363175e+02
    6.4400000000e+01    3.4988933270e+02
    6.4405000000e+01    3.6851527390e+02
    6.4410000000e+01    3.9240360492e+02
    6.4415000000e+01    4.2086970948e+02
    6.4420000000e+01    4.5310126736e+02
    6.4425000000e+01    4.8818092252e+02
    6.4430000000e+01    5.2511193589e+02
    6.4435000000e+01    5.6284611569e+02
    6.4440000000e+01    6.0031325193e+02
    6.4445000000e+01    6.3645123640e+02
    6.4450000000e+01    6.7023602656e+02
    6.4455000000e+01    7.0071061238e+02
    6.4460000000e+01    7.2701216836e+02
    6.4465000000e+01    7.4839662009e+02
    6.4470000000e+01    7.6425992230e+02
    6.4475000000e+01    7.7415543365e+02
    6.4480000000e+01    7.7780687922e+02
    6.4485000000e+01    7.7511651207e+02
    6.4490000000e+01    7.6616821741e+02
    6.4495000000e+01    7.5122544312e+02
    6.4500000000e+01    7.3072398467e+02
    6.4505000000e+01    7.0525979759e+02
    6.4510000000e+01    6.7557215136e+02
    6.4515000000e+01    6.4252257237e+02
    6.4520000000e+01    6.0707014591e+02
    6.4525000000e+01    5.7024385448e+02
    6.4530000000e+01    5.3311271973e+02
    6.4535000000e+01    4.9675458416e+02
    6.4540000000e+01    4.6222441610e+02
    6.4545000000e+01    4.3052304363e+02
    6.4550000000e+01    4.0256722158e+02
    6.4555000000e+01    3.7916190822e+02
    6.4560000000e+01    3.6097557698e+02
    6.4565000000e+01    3.4851931323e+02
    6.4570000000e+01    3.4213034983e+02
    6.4575000000e+01    3.4196057937e+02
    6.4580000000e+01    3.4797044898e+02
    6.4585000000e+01    3.5992849897e+02
    6.4590000000e+01    3.7741665290e+02
    6.4595000000e+01    3.9984120756e+02
    6.4600000000e+01    4.2644931245e+02
    6.4605000000e+01    4.5635057196e+02
    6.4610000000e+01    4.8854325581e+02
    6.4615000000e+01    5.2194446689e+02
    6.4620000000e+01    5.5542349526e+02
    6.4625000000e+01    5.8783748592e+02
    6.4630000000e+01    6.1806846826e+02
    6.4635000000e+01    6.4506074079e+02
    6.4640000000e+01    6.6785757575e+02
    6.4645000000e+01    6.8563620714e+02
    6.4650000000e+01    6.9774009197e+02
    6.4655000000e+01    7.0370748837e+02
    6.4660000000e+01    7.0329547409e+02
    6.4665000000e+01    6.9649863346e+02
    6.4670000000e+01    6.8356176736e+02
    6.4675000000e+01    6.6498612626e+02
    6.4680000000e+01    6.4152882741e+02
    6.4685000000e+01    6.1419528940e+02
    6.4690000000e+01    5.8422469700e+02
    6.4695000000e+01    5.5306869083e+02
    6.4700000000e+01    5.2236365629e+02
    6.4705000000e+01    4.9389715862e+02
    6.4710000000e+01    4.6956923277e+02
    6.4715000000e+01    4.5134938179e+02
    6.4720000000e+01    4.4123026367e+02
    6.4725000000e+01    4.4117914923e+02
    6.4730000000e+01    4.5308831008e+02
    6.4735000000e+01    4.7872554429e+02
    6.4740000000e+01    5.1968606585e+02
    6.4745000000e+01    5.7734697131e+02
    6.4750000000e+01    6.5282545485e+02
    6.4755000000e+01    7.4694186926e+02
    6.4760000000e+01    8.6018862970e+02
    6.4765000000e+01    9.9270582915e+02
    6.4770000000e+01    1.1442642840e+03
    6.4775000000e+01    1.3142565575e+03
    6.4780000000e+01    1.5016963239e+03
    6.4785000000e+01    1.7052262376e+03
    6.4790000000e+01    1.9231342687e+03
    6.4795000000e+01    2.1533782649e+03
    6.4800000000e+01    2.3936182934e+03
    6.4805000000e+01    2.6412561303e+03
    6.4810000000e+01    2.8934810851e+03
    6.4815000000e+01    3.1473211865e+03
    6.4820000000e+01    3.3996986221e+03
    6.4825000000e+01    3.6474882105e+03
    6.4830000000e+01    3.8875776018e+03
    6.4835000000e+01    4.1169278543e+03
    6.4840000000e+01    4.3326330111e+03
    6.4845000000e+01    4.5319773198e+03
    6.4850000000e+01    4.7124887815e+03
    6.4855000000e+01    4.8719877974e+03
    6.4860000000e+01    5.0086297892e+03
    6.4865000000e+01    5.1209408071e+03
    6.4870000000e+01    5.2078452997e+03
    6.4875000000e+01    5.2686854035e+03
    6.4880000000e+01    5.3032313061e+03
    6.4885000000e+01    5.3116824470e+03
    6.4890000000e+01    5.2946595357e+03
    6.4895000000e+01    5.2531875813e+03
    6.4900000000e+01    5.1886703422e+03
    6.4905000000e+01    5.1028568044e+03
    6.4910000000e+01    4.9978004840e+03
    6.4915000000e+01    4.8758125216e+03
    6.4920000000e+01    4.7394096755e+03
    6.4925000000e+01    4.5912584429e+03
    6.4930000000e+01    4.4341166248e+03
    6.4935000000e+01    4.2707737052e+03
    6.4940000000e+01    4.1039914402e+03
    6.4945000000e+01    3.9364460379e+03
    6.4950000000e+01    3.7706732685e+03
    6.4955000000e+01    3.6090177642e+03
    6.4960000000e+01    3.4535876604e+03
    6.4965000000e+01    3.3062155956e+03
    6.4970000000e+01    3.1684269256e+03
    6.4975000000e+01    3.0414158271e+03
    6.4980000000e+01    2.9260297709e+03
    6.4985000000e+01    2.8227626348e+03
    6.4990000000e+01    2.7317565158e+03
    6.4995000000e+01    2.6528120859e+03
    6.5000000000e+01    2.5854071279e+03
    6.5005000000e+01    2.5287226880e+03
    6.5010000000e+01    2.4816760996e+03
    6.5015000000e+01    2.4429599673e+03
    6.5020000000e+01    2.4110860595e+03
    6.5025000000e+01    2.3844329461e+03
    6.5030000000e+01    2.3612961310e+03
    6.5035000000e+01    2.3399393793e+03
    6.5040000000e+01    2.3186459189e+03
    6.5045000000e+01    2.2957682101e+03
    6.5050000000e+01    2.2697750241e+03
    6.5055000000e+01    2.2392946488e+03
    6.5060000000e+01    2.2031531493e+03
    6.5065000000e+01    2.1604067427e+03
    6.5070000000e+01    2.1103675068e+03
    6.5075000000e+01    2.0526218152e+03
    6.5080000000e+01    1.9870410852e+03
    6.5085000000e+01    1.9137846224e+03
    6.5090000000e+01    1.8332945527e+03
    6.5095000000e+01    1.7462830336e+03
    6.5100000000e+01    1.6537121377e+03
    6.5105000000e+01    1.5567669843e+03
    6.5110000000e+01    1.4568228704e+03
    6.5115000000e+01    1.3554072990e+03
    6.5120000000e+01    1.2541579328e+03
    6.5125000000e+01    1.1547776017e+03
    6.5130000000e+01    1.0589875615e+03
    6.5135000000e+01    9.6848024285e+02
    6.5140000000e+01    8.8487273729e+02
    6.5145000000e+01    8.0966224129e+02
    6.5150000000e+01    7.4418462605e+02
    6.5155000000e+01    6.8957721384e+02
    6.5160000000e+01    6.4674672928e+02
    6.5165000000e+01    6.1634325692e+02
    6.5170000000e+01    5.9874087762e+02
    6.5175000000e+01    5.9402548188e+02
    6.5180000000e+01    6.0199007044e+02
    6.5185000000e+01    6.2213765819e+02
    6.5190000000e+01    6.5369170021e+02
    6.5195000000e+01    6.9561376470e+02
    6.5200000000e+01    7.4662799063e+02
    6.5205000000e+01    8.0525169405e+02
    6.5210000000e+01    8.6983132955e+02
    6.5215000000e+01    9.3858287684e+02
    6.5220000000e+01    1.0096356106e+03
    6.5225000000e+01    1.0810781262e+03
    6.5230000000e+01    1.1510054387e+03
    6.5235000000e+01    1.2175659466e+03
    6.5240000000e+01    1.2790070580e+03
    6.5245000000e+01    1.3337183136e+03
    6.5250000000e+01    1.3802709071e+03
    6.5255000000e+01    1.4174525981e+03
    6.5260000000e+01    1.4442971336e+03
    6.5265000000e+01    1.4601074350e+03
    6.5270000000e+01    1.4644719701e+03
    6.5275000000e+01    1.4572739037e+03
    6.5280000000e+01    1.4386928076e+03
    6.5285000000e+01    1.4091988995e+03
    6.5290000000e+01    1.3695399731e+03
    6.5295000000e+01    1.3207213649e+03
    6.5300000000e+01    1.2639794841e+03
    6.5305000000e+01    1.2007495910e+03
    6.5310000000e+01    1.1326286558e+03
    6.5315000000e+01    1.0613342535e+03
    6.5320000000e+01    9.8866054735e+02
    6.5325000000e+01    9.1643248527e+02
    6.5330000000e+01    8.4645937638e+02
    6.5335000000e+01    7.8048902591e+02
    6.5340000000e+01    7.2016358992e+02
    6.5345000000e+01    6.6697826337e+02
    6.5350000000e+01    6.2224383946e+02
    6.5355000000e+01    5.8705407671e+02
    6.5360000000e+01    5.6225868405e+02
    6.5365000000e+01    5.4844258959e+02
    6.5370000000e+01    5.4591199583e+02
    6.5375000000e+01    5.5468755033e+02
    6.5380000000e+01    5.7450477872e+02
    6.5385000000e+01    6.0482174184e+02
    6.5390000000e+01    6.4483369567e+02
    6.5395000000e+01    6.9349435547e+02
    6.5400000000e+01    7.4954319975e+02
    6.5405000000e+01    8.1153809848e+02
    6.5410000000e+01    8.7789241788e+02
    6.5415000000e+01    9.4691564398e+02
    6.5420000000e+01    1.0168564822e+03
    6.5425000000e+01    1.0859473316e+03
    6.5430000000e+01    1.1524490032e+03
    6.5435000000e+01    1.2146945495e+03
    6.5440000000e+01    1.2711311011e+03
    6.5445000000e+01    1.3203586627e+03
    6.5450000000e+01    1.3611648998e+03
    6.5455000000e+01    1.3925550580e+03
    6.5460000000e+01    1.4137762804e+03
    6.5465000000e+01    1.4243357372e+03
    6.5470000000e+01    1.4240121389e+03
    6.5475000000e+01    1.4128603758e+03
    6.5480000000e+01    1.3912092008e+03
    6.5485000000e+01    1.3596520498e+03
    6.5490000000e+01    1.3190312652e+03
    6.5495000000e+01    1.2704161557e+03
    6.5500000000e+01    1.2150754758e+03
    6.5505000000e+01    1.1544450490e+03
    6.5510000000e+01    1.0900913737e+03
    6.5515000000e+01    1.0236721479e+03
    6.5520000000e+01    9.5689472330e+02
    6.5525000000e+01    8.9147353845e+02
    6.5530000000e+01    8.2908760658e+02
    6.5535000000e+01    7.7133911884e+02
    6.5540000000e+01    7.1971419134e+02
    6.5545000000e+01    6.7554672154e+02
    6.5550000000e+01    6.3998623395e+02
    6.5555000000e+01    6.1397048826e+02
    6.5560000000e+01    5.9820349659e+02
    6.5565000000e+01    5.9313945539e+02
    6.5570000000e+01    5.9897294471e+02
    6.5575000000e+01    6.1563558669e+02
    6.5580000000e+01    6.4279919149e+02
    6.5585000000e+01    6.7988525565e+02
    6.5590000000e+01    7.2608051978e+02
    6.5595000000e+01    7.8035814358e+02
    6.5600000000e+01    8.4150391980e+02
    6.5605000000e+01    9.0814682876e+02
    6.5610000000e+01    9.7879313413e+02
    6.5615000000e+01    1.0518631412e+03
    6.5620000000e+01    1.1257296826e+03
    6.5625000000e+01    1.1987573658e+03
    6.5630000000e+01    1.2693416085e+03
    6.5635000000e+01    1.3359465087e+03
    6.5640000000e+01    1.3971406386e+03
    6.5645000000e+01    1.4516299144e+03
    6.5650000000e+01    1.4982867869e+03
    6.5655000000e+01    1.5361750950e+03
    6.5660000000e+01    1.5645700511e+03
    6.5665000000e+01    1.5829729569e+03
    6.5670000000e+01    1.5911203876e+03
    6.5675000000e+01    1.5889877330e+03
    6.5680000000e+01    1.5767871242e+03
    6.5685000000e+01    1.5549599217e+03
    6.5690000000e+01    1.5241640770e+03
    6.5695000000e+01    1.4852568024e+03
    6.5700000000e+01    1.4392730989e+03
    6.5705000000e+01    1.3874007878e+03
    6.5710000000e+01    1.3309527642e+03
    6.5715000000e+01    1.2713372540e+03
    6.5720000000e+01    1.2100268826e+03
    6.5725000000e+01    1.1485273807e+03
    6.5730000000e+01    1.0883467395e+03
    6.5735000000e+01    1.0309655951e+03
    6.5740000000e+01    9.7780956826e+02
    6.5745000000e+01    9.3022421344e+02
    6.5750000000e+01    8.8945314118e+02
    6.5755000000e+01    8.5661977446e+02
    6.5760000000e+01    8.3271308495e+02
    6.5765000000e+01    8.1857753274e+02
    6.5770000000e+01    8.1490730638e+02
    6.5775000000e+01    8.2224483274e+02
    6.5780000000e+01    8.4098340203e+02
    6.5785000000e+01    8.7137363509e+02
    6.5790000000e+01    9.1353341228e+02
    6.5795000000e+01    9.6746078751e+02
    6.5800000000e+01    1.0330493309e+03
    6.5805000000e+01    1.1101052812e+03
    6.5810000000e+01    1.1983658449e+03
    6.5815000000e+01    1.2975179571e+03
    6.5820000000e+01    1.4072168148e+03
    6.5825000000e+01    1.5271035153e+03
    6.5830000000e+01    1.6568211656e+03
    6.5835000000e+01    1.7960288927e+03
    6.5840000000e+01    1.9444132547e+03
    6.5845000000e+01    2.1016966444e+03
    6.5850000000e+01    2.2676423796e+03
    6.5855000000e+01    2.4420562862e+03
    6.5860000000e+01    2.6247846969e+03
    6.5865000000e+01    2.8157089092e+03
    6.5870000000e+01    3.0147362693e+03
    6.5875000000e+01    3.2217881575e+03
    6.5880000000e+01    3.4367852669e+03
    6.5885000000e+01    3.6596306562e+03
    6.5890000000e+01    3.8901911476e+03
    6.5895000000e+01    4.1282777029e+03
    6.5900000000e+01    4.3736254629e+03
    6.5905000000e+01    4.6258741624e+03
    6.5910000000e+01    4.8845496425e+03
    6.5915000000e+01    5.1490471684e+03
    6.5920000000e+01    5.4186172255e+03
    6.5925000000e+01    5.6923544156e+03
    6.5930000000e+01    5.9691899950e+03
    6.5935000000e+01    6.2478885143e+03
    6.5940000000e+01    6.5270489048e+03
    6.5945000000e+01    6.8051102461e+03
    6.5950000000e+01    7.0803623188e+03
    6.5955000000e+01    7.3509609151e+03
    6.5960000000e+01    7.6149477471e+03
    6.5965000000e+01    7.8702746586e+03
    6.5970000000e+01    8.1148317203e+03
    6.5975000000e+01    8.3464786703e+03
    6.5980000000e+01    8.5630790552e+03
    6.5985000000e+01    8.7625363376e+03
    6.5990000000e+01    8.9428311623e+03
    6.5995000000e+01    9.1020589217e+03
    6.6000000000e+01    9.2384667288e+03
    6.6005000000e+01    9.3504889000e+03
    6.6010000000e+01    9.4367800641e+03
    6.6015000000e+01    9.4962450523e+03
    6.6020000000e+01    9.5280647856e+03
    6.6025000000e+01    9.5317174583e+03
    6.6030000000e+01    9.5069944172e+03
    6.6035000000e+01    9.4540102538e+03
    6.6040000000e+01    9.3732067615e+03
    6.6045000000e+01    9.2653505476e+03
    6.6050000000e+01    9.1315242463e+03
    6.6055000000e+01    8.9731114252e+03
    6.6060000000e+01    8.7917754350e+03
    6.6065000000e+01    8.5894325978e+03
    6.6070000000e+01    8.3682202691e+03
    6.6075000000e+01    8.1304604362e+03
    6.6080000000e+01    7.8786196277e+03
    6.6085000000e+01    7.6152660014e+03
    6.6090000000e+01    7.3430245539e+03
    6.6095000000e+01    7.0645314406e+03
    6.6100000000e+01    6.7823884245e+03
    6.6105000000e+01    6.4991184709e+03
    6.6110000000e+01    6.2171234819e+03
    6.6115000000e+01    5.9386451143e+03
    6.6120000000e+01    5.6657295526e+03
    6.6125000000e+01    5.4001970151e+03
    6.6130000000e+01    5.1436166555e+03
    6.6135000000e+01    4.8972873937e+03
    6.6140000000e+01    4.6622250647e+03
    6.6145000000e+01    4.4391561202e+03
    6.6150000000e+01    4.2285179599e+03
    6.6155000000e+01    4.0304658050e+03
    6.6160000000e+01    3.8448858707e+03
    6.6165000000e+01    3.6714144382e+03
    6.6170000000e+01    3.5094622851e+03
    6.6175000000e+01    3.3582438052e+03
    6.6180000000e+01    3.2168100348e+03
    6.6185000000e+01    3.0840847107e+03
    6.6190000000e+01    2.9589024166e+03
    6.6195000000e+01    2.8400478284e+03
    6.6200000000e+01    2.7262950459e+03
    6.6205000000e+01    2.6164460086e+03
    6.6210000000e+01    2.5093670185e+03
    6.6215000000e+01    2.4040224527e+03
    6.6220000000e+01    2.2995048252e+03
    6.6225000000e+01    2.1950604573e+03
    6.6230000000e+01    2.0901101377e+03
    6.6235000000e+01    1.9842642829e+03
    6.6240000000e+01    1.8773322604e+03
    6.6245000000e+01    1.7693256884e+03
    6.6250000000e+01    1.6604556859e+03
    6.6255000000e+01    1.5511242076e+03
    6.6260000000e+01    1.4419097515e+03
    6.6265000000e+01    1.3335478755e+03
    6.6270000000e+01    1.2269070961e+03
    6.6275000000e+01    1.1229608595e+03
    6.6280000000e+01    1.0227563798e+03
    6.6285000000e+01    9.2738122048e+02
    6.6290000000e+01    8.3792854829e+02
    6.6295000000e+01    7.5546202859e+02
    6.6300000000e+01    6.8098133225e+02
    6.6305000000e+01    6.1538921006e+02
    6.6310000000e+01    5.5946104569e+02
    6.6315000000e+01    5.1381773127e+02
    6.6320000000e+01    4.7890261989e+02
    6.6325000000e+01    4.5496320010e+02
    6.6330000000e+01    4.4203801071e+02
    6.6335000000e+01    4.3994917435e+02
    6.6340000000e+01    4.4830077764e+02
    6.6345000000e+01    4.6648317011e+02
    6.6350000000e+01    4.9368309525e+02
    6.6355000000e+01    5.2889941158e+02
    6.6360000000e+01    5.7096401155e+02
    6.6365000000e+01    6.1856740681e+02
    6.6370000000e+01    6.7028832289e+02
    6.6375000000e+01    7.2462653768e+02
    6.6380000000e+01    7.8003811040e+02
    6.6385000000e+01    8.3497208139e+02
    6.6390000000e+01    8.8790768162e+02
    6.6395000000e+01    9.3739107474e+02
    6.6400000000e+01    9.8207066321e+02
    6.6405000000e+01    1.0207300257e+03
    6.6410000000e+01    1.0523176122e+03
    6.6415000000e+01    1.0759724054e+03
    6.6420000000e+01    1.0910448625e+03
    6.6425000000e+01    1.0971125702e+03
    6.6430000000e+01    1.0939901866e+03
    6.6435000000e+01    1.0817333887e+03
    6.6440000000e+01    1.0606367041e+03
    6.6445000000e+01    1.0312252601e+03
    6.6450000000e+01    9.9424064969e+02
    6.6455000000e+01    9.5062126048e+02
    6.6460000000e+01    9.0147756454e+02
    6.6465000000e+01    8.4806299594e+02
    6.6470000000e+01    7.9174116117e+02
    6.6475000000e+01    7.3395022443e+02
    6.6480000000e+01    6.7616538518e+02
    6.6485000000e+01    6.1986041732e+02
    6.6490000000e+01    5.6646926513e+02
    6.6495000000e+01    5.1734869201e+02
    6.6500000000e+01    4.7374295191e+02
    6.6505000000e+01    4.3675140235e+02
    6.6510000000e+01    4.0729990278e+02
    6.6515000000e+01    3.8611674422e+02
    6.6520000000e+01    3.7371373933e+02
    6.6525000000e+01    3.7037296802e+02
    6.6530000000e+01    3.7613952680e+02
    6.6535000000e+01    3.9082047372e+02
    6.6540000000e+01    4.1398999920e+02
    6.6545000000e+01    4.4500069037e+02
    6.6550000000e+01    4.8300059704e+02
    6.6555000000e+01    5.2695565551e+02
    6.6560000000e+01    5.7567688573e+02
    6.6565000000e+01    6.2785165164e+02
    6.6570000000e+01    6.8207816752e+02
    6.6575000000e+01    7.3690234724e+02
    6.6580000000e+01    7.9085603081e+02
    6.6585000000e+01    8.4249558576e+02
    6.6590000000e+01    8.9043986945e+02
    6.6595000000e+01    9.3340655472e+02
    6.6600000000e+01    9.7024586258e+02
    6.6605000000e+01    9.9997081282e+02
    6.6610000000e+01    1.0217831941e+03
    6.6615000000e+01    1.0350945663e+03
    6.6620000000e+01    1.0395417378e+03
    6.6625000000e+01    1.0349963055e+03
    6.6630000000e+01    1.0215679998e+03
    6.6635000000e+01    9.9960174208e+02
    6.6640000000e+01    9.6966848399e+02
    6.6645000000e+01    9.3255006613e+02
    6.6650000000e+01    8.8921848816e+02
    6.6655000000e+01    8.4081013254e+02
    6.6660000000e+01    7.8859561735e+02
    6.6665000000e+01    7.3394607030e+02
    6.6670000000e+01    6.7829671200e+02
    6.6675000000e+01    6.2310870909e+02
    6.6680000000e+01    5.6983030566e+02
    6.6685000000e+01    5.1985826205e+02
    6.6690000000e+01    4.7450062426e+02
    6.6695000000e+01    4.3494181415e+02
    6.6700000000e+01    4.0221097103e+02
    6.6705000000e+01    3.7715439152e+02
    6.6710000000e+01    3.6041280747e+02
    6.6715000000e+01    3.5240411571e+02
    6.6720000000e+01    3.5331202984e+02
    6.6725000000e+01    3.6308096864e+02
    6.6730000000e+01    3.8141733069e+02
    6.6735000000e+01    4.0779713589e+02
    6.6740000000e+01    4.4147984475e+02
    6.6745000000e+01    4.8152800218e+02
    6.6750000000e+01    5.2683219585e+02
    6.6755000000e+01    5.7614067657e+02
    6.6760000000e+01    6.2809286134e+02
    6.6765000000e+01    6.8125583414e+02
    6.6770000000e+01    7.3416287575e+02
    6.6775000000e+01    7.8535299672e+02
    6.6780000000e+01    8.3341041633e+02
    6.6785000000e+01    8.7700292782e+02
    6.6790000000e+01    9.1491811518e+02
    6.6795000000e+01    9.4609643961e+02
    6.6800000000e+01    9.6966029294e+02
    6.6805000000e+01    9.8493821868e+02
    6.6810000000e+01    9.9148362661e+02
    6.6815000000e+01    9.8908747068e+02
    6.6820000000e+01    9.7778451844e+02
    6.6825000000e+01    9.5785301013e+02
    6.6830000000e+01    9.2980768063e+02
    6.6835000000e+01    8.9438629594e+02
    6.6840000000e+01    8.5253002984e+02
    6.6845000000e+01    8.0535817402e+02
    6.6850000000e+01    7.5413782993e+02
    6.6855000000e+01    7.0024937002e+02
    6.6860000000e+01    6.4514857502e+02
    6.6865000000e+01    5.9032645010e+02
    6.6870000000e+01    5.3726779306e+02
    6.6875000000e+01    4.8740963009e+02
    6.6880000000e+01    4.4210064772e+02
    6.6885000000e+01    4.0256273335e+02
    6.6890000000e+01    3.6985569046e+02
    6.6895000000e+01    3.4484612010e+02
    6.6900000000e+01    3.2818135900e+02
    6.6905000000e+01    3.2026923868e+02
    6.6910000000e+01    3.2126428301e+02
    6.6915000000e+01    3.3106079686e+02
    6.6920000000e+01    3.4929312047e+02
    6.6925000000e+01    3.7534313692e+02
    6.6930000000e+01    4.0835492874e+02
    6.6935000000e+01    4.4725628932e+02
    6.6940000000e+01    4.9078660981e+02
    6.6945000000e+01    5.3753048797e+02
    6.6950000000e+01    5.8595624639e+02
    6.6955000000e+01    6.3445840755e+02
    6.6960000000e+01    6.8140305711e+02
    6.6965000000e+01    7.2517493617e+02
    6.6970000000e+01    7.6422504245e+02
    6.6975000000e+01    7.9711749001e+02
    6.6980000000e+01    8.2257437839e+02
    6.6985000000e+01    8.3951745606e+02
    6.6990000000e+01    8.4710542810e+02
    6.6995000000e+01    8.4476585366e+02
    6.7000000000e+01    8.3222070219e+02
    6.7005000000e+01    8.0950478619e+02
    6.7010000000e+01    7.7697645872e+02
    6.7015000000e+01    7.3532015157e+02
    6.7020000000e+01    6.8554053115e+02
    6.7025000000e+01    6.2894825766e+02
    6.7030000000e+01    5.6713754507e+02
    6.7035000000e+01    5.0195592807e+02
    6.7040000000e+01    4.3546684394e+02
    6.7045000000e+01    3.6990582517e+02
    6.7050000000e+01    3.0763126956e+02
    6.7055000000e+01    2.5107090271e+02
    6.7060000000e+01    2.0266517016e+02
    6.7065000000e+01    1.6480888938e+02
    6.7070000000e+01    1.3979255254e+02
    6.7075000000e+01    1.2974469840e+02
    6.7080000000e+01    1.3657676418e+02
    6.7085000000e+01    1.6193178565e+02
    6.7090000000e+01    2.0713823782e+02
    6.7095000000e+01    2.7317019959e+02
    6.7100000000e+01    3.6061488698e+02
    6.7105000000e+01    4.6964843442e+02
    6.7110000000e+01    6.0002061461e+02
    6.7115000000e+01    7.5104898122e+02
    6.7120000000e+01    9.2162269778e+02
    6.7125000000e+01    1.1102160880e+03
    6.7130000000e+01    1.3149117113e+03
    6.7135000000e+01    1.5334325391e+03
    6.7140000000e+01    1.7631825875e+03
    6.7145000000e+01    2.0012951576e+03
    6.7150000000e+01    2.2446876456e+03
    6.7155000000e+01    2.4901217245e+03
    6.7160000000e+01    2.7342675619e+03
    6.7165000000e+01    2.9737706369e+03
    6.7170000000e+01    3.2053196460e+03
    6.7175000000e+01    3.4257139559e+03
    6.7180000000e+01    3.6319290636e+03
    6.7185000000e+01    3.8211785608e+03
    6.7190000000e+01    3.9909711783e+03
    6.7195000000e+01    4.1391615928e+03
    6.7200000000e+01    4.2639938206e+03
    6.7205000000e+01    4.3641361938e+03
    6.7210000000e+01    4.4387071061e+03
    6.7215000000e+01    4.4872909308e+03
    6.7220000000e+01    4.5099437430e+03
    6.7225000000e+01    4.5071887131e+03
    6.7230000000e+01    4.4800012835e+03
    6.7235000000e+01    4.4297844756e+03
    6.7240000000e+01    4.3583349089e+03
    6.7245000000e+01    4.2678003274e+03
    6.7250000000e+01    4.1606296308e+03
    6.7255000000e+01    4.0395165780e+03
    6.7260000000e+01    3.9073384824e+03
    6.7265000000e+01    3.7670913289e+03
    6.7270000000e+01    3.6218228259e+03
    6.7275000000e+01    3.4745649515e+03
    6.7280000000e+01    3.3282675573e+03
    6.7285000000e+01    3.1857345673e+03
    6.7290000000e+01    3.0495642400e+03
    6.7295000000e+01    2.9220948621e+03
    6.7300000000e+01    2.8053571080e+03
    6.7305000000e+01    2.7010341352e+03
    6.7310000000e+01    2.6104302994e+03
    6.7315000000e+01    2.5344491619e+03
    6.7320000000e+01    2.4735812395e+03
    6.7325000000e+01    2.4279017105e+03
    6.7330000000e+01    2.3970780539e+03
    6.7335000000e+01    2.3803873592e+03
    6.7340000000e+01    2.3767428152e+03
    6.7345000000e+01    2.3847286691e+03
    6.7350000000e+01    2.4026427452e+03
    6.7355000000e+01    2.4285454403e+03
    6.7360000000e+01    2.4603139566e+03
    6.7365000000e+01    2.4957004209e+03
    6.7370000000e+01    2.5323924464e+03
    6.7375000000e+01    2.5680746479e+03
    6.7380000000e+01    2.6004896019e+03
    6.7385000000e+01    2.6274967714e+03
    6.7390000000e+01    2.6471279665e+03
    6.7395000000e+01    2.6576380107e+03
    6.7400000000e+01    2.6575494027e+03
    6.7405000000e+01    2.6456899190e+03
    6.7410000000e+01    2.6212222805e+03
    6.7415000000e+01    2.5836652038e+03
    6.7420000000e+01    2.5329053735e+03
    6.7425000000e+01    2.4692000939e+03
    6.7430000000e+01    2.3931706109e+03
    6.7435000000e+01    2.3057863191e+03
    6.7440000000e+01    2.2083402927e+03
    6.7445000000e+01    2.1024167896e+03
    6.7450000000e+01    1.9898515677e+03
    6.7455000000e+01    1.8726860267e+03
    6.7460000000e+01    1.7531163321e+03
    6.7465000000e+01    1.6334387957e+03
    6.7470000000e+01    1.5159928725e+03
    6.7475000000e+01    1.4031031814e+03
    6.7480000000e+01    1.2970219794e+03
    6.7485000000e+01    1.1998734939e+03
    6.7490000000e+01    1.1136014713e+03
    6.7495000000e+01    1.0399212091e+03
    6.7500000000e+01    9.8027722703e+02
    6.7505000000e+01    9.3580758720e+02
    6.7510000000e+01    9.0731570560e+02
    6.7515000000e+01    8.9525031301e+02
    6.7520000000e+01    8.9969401941e+02
    6.7525000000e+01    9.2036072604e+02
    6.7530000000e+01    9.5660191291e+02
    6.7535000000e+01    1.0074216145e+03
    6.7540000000e+01    1.0714996868e+03
    6.7545000000e+01    1.1472227718e+03
    6.7550000000e+01    1.2327221813e+03
    6.7555000000e+01    1.3259177609e+03
    6.7560000000e+01    1.4245666576e+03
    6.7565000000e+01    1.5263157998e+03
    6.7570000000e+01    1.6287568218e+03
    6.7575000000e+01    1.7294821090e+03
    6.7580000000e+01    1.8261406273e+03
    6.7585000000e+01    1.9164922110e+03
    6.7590000000e+01    1.9984590310e+03
    6.7595000000e+01    2.0701730419e+03
    6.7600000000e+01    2.1300183119e+03
    6.7605000000e+01    2.1766672682e+03
    6.7610000000e+01    2.2091100452e+03
    6.7615000000e+01    2.2266762903e+03
    6.7620000000e+01    2.2290489701e+03
    6.7625000000e+01    2.2162699094e+03
    6.7630000000e+01    2.1887369957e+03
    6.7635000000e+01    2.1471931776e+03
    6.7640000000e+01    2.0927075787e+03
    6.7645000000e+01    2.0266492305e+03
    6.7650000000e+01    1.9506540939e+03
    6.7655000000e+01    1.8665861929e+03
    6.7660000000e+01    1.7764938095e+03
    6.7665000000e+01    1.6825617941e+03
    6.7670000000e+01    1.5870611254e+03
    6.7675000000e+01    1.4922969024e+03
    6.7680000000e+01    1.4005559734e+03
    6.7685000000e+01    1.3140554004e+03
    6.7690000000e+01    1.2348929221e+03
    6.7695000000e+01    1.1650005158e+03
    6.7700000000e+01    1.1061020735e+03
    6.7705000000e+01    1.0596760976e+03
    6.7710000000e+01    1.0269241934e+03
    6.7715000000e+01    1.0087459927e+03
    6.7720000000e+01    1.0057209846e+03
    6.7725000000e+01    1.0180975684e+03
    6.7730000000e+01    1.0457894730e+03
    6.7735000000e+01    1.0883795210e+03
    6.7740000000e+01    1.1451305499e+03
    6.7745000000e+01    1.2150031510e+03
    6.7750000000e+01    1.2966797374e+03
    6.7755000000e+01    1.3885943264e+03
    6.7760000000e+01    1.4889673086e+03
    6.7765000000e+01    1.5958443820e+03
    6.7770000000e+01    1.7071387598e+03
    6.7775000000e+01    1.8206757090e+03
    6.7780000000e+01    1.9342384520e+03
    6.7785000000e+01    2.0456144584e+03
    6.7790000000e+01    2.1526411710e+03
    6.7795000000e+01    2.2532502507e+03
    6.7800000000e+01    2.3455094787e+03
    6.7805000000e+01    2.4276615312e+03
    6.7810000000e+01    2.4981589286e+03
    6.7815000000e+01    2.5556945601e+03
    6.7820000000e+01    2.5992272962e+03
    6.7825000000e+01    2.6280023090e+03
    6.7830000000e+01    2.6415658448e+03
    6.7835000000e+01    2.6397743015e+03
    6.7840000000e+01    2.6227975813e+03
    6.7845000000e+01    2.5911167928e+03
    6.7850000000e+01    2.5455164777e+03
    6.7855000000e+01    2.4870716243e+03
    6.7860000000e+01    2.4171298089e+03
    6.7865000000e+01    2.3372888699e+03
    6.7870000000e+01    2.2493705742e+03
    6.7875000000e+01    2.1553907704e+03
    6.7880000000e+01    2.0575265544e+03
    6.7885000000e+01    1.9580809835e+03
    6.7890000000e+01    1.8594458803e+03
    6.7895000000e+01    1.7640632607e+03
    6.7900000000e+01    1.6743859062e+03
    6.7905000000e+01    1.5928375798e+03
    6.7910000000e+01    1.5217733621e+03
    6.7915000000e+01    1.4634405540e+03
    6.7920000000e+01    1.4199405682e+03
    6.7925000000e+01    1.3931922043e+03
    6.7930000000e+01    1.3848966794e+03
    6.7935000000e+01    1.3965047667e+03
    6.7940000000e+01    1.4291863828e+03
    6.7945000000e+01    1.4838029513e+03
    6.7950000000e+01    1.5608828737e+03
    6.7955000000e+01    1.6606004357e+03
    6.7960000000e+01    1.7827584873e+03
    6.7965000000e+01    1.9267752452e+03
    6.7970000000e+01    2.0916755774e+03
    6.7975000000e+01    2.2760871451e+03
    6.7980000000e+01    2.4782417844e+03
    6.7985000000e+01    2.6959825201e+03
    6.7990000000e+01    2.9267766003e+03
    6.7995000000e+01    3.1677349338e+03
    6.8000000000e+01    3.4156382877e+03
    6.8005000000e+01    3.6669705697e+03
    6.8010000000e+01    3.9179594686e+03
    6.8015000000e+01    4.1646246549e+03
    6.8020000000e+01    4.4028336610e+03
    6.8025000000e+01    4.6283654512e+03
    6.8030000000e+01    4.8369815671e+03
    6.8035000000e+01    5.0245045929e+03
    6.8040000000e+01    5.1869035216e+03
    6.8045000000e+01    5.3203854326e+03
    6.8050000000e+01    5.4214926992e+03
    6.8055000000e+01    5.4872047551e+03
    6.8060000000e+01    5.5150432455e+03
    6.8065000000e+01    5.5031791917e+03
    6.8070000000e+01    5.4505406041e+03
    6.8075000000e+01    5.3569187970e+03
    6.8080000000e+01    5.2230714944e+03
    6.8085000000e+01    5.0508206705e+03
    6.8090000000e+01    4.8431429588e+03
    6.8095000000e+01    4.6042503816e+03
    6.8100000000e+01    4.3396591099e+03
    6.8105000000e+01    4.0562439694e+03
    6.8110000000e+01    3.7622764568e+03
    6.8115000000e+01    3.4674441315e+03
    6.8120000000e+01    3.1828494026e+03
    6.8125000000e+01    2.9209859358e+03
    6.8130000000e+01    2.6956911684e+03
    6.8135000000e+01    2.5220737274e+03
    6.8140000000e+01    2.4164149096e+03
    6.8145000000e+01    2.3960437854e+03
    6.8150000000e+01    2.4791859321e+03
    6.8155000000e+01    2.6847862772e+03
    6.8160000000e+01    3.0323070331e+03
    6.8165000000e+01    3.5415022208e+03
    6.8170000000e+01    4.2321707978e+03
    6.8175000000e+01    5.1238909268e+03
    6.8180000000e+01    6.2357384171e+03
    6.8185000000e+01    7.5859928489e+03
    6.8190000000e+01    9.1918353220e+03
    6.8195000000e+01    1.1069042159e+04
    6.8200000000e+01    1.3231679219e+04
    6.8205000000e+01    1.5691801738e+04
    6.8210000000e+01    1.8459164780e+04
    6.8215000000e+01    2.1540949491e+04
    6.8220000000e+01    2.4941510344e+04
    6.8225000000e+01    2.8662148458e+04
    6.8230000000e+01    3.2700915893e+04
    6.8235000000e+01    3.7052455531e+04
    6.8240000000e+01    4.1707880740e+04
    6.8245000000e+01    4.6654698570e+04
    6.8250000000e+01    5.1876779606e+04
    6.8255000000e+01    5.7354376989e+04
    6.8260000000e+01    6.3064196365e+04
    6.8265000000e+01    6.8979517733e+04
    6.8270000000e+01    7.5070369322e+04
    6.8275000000e+01    8.1303752776e+04
    6.8280000000e+01    8.7643918005e+04
    6.8285000000e+01    9.4052685200e+04
    6.8290000000e+01    1.0048981061e+05
    6.8295000000e+01    1.0691339186e+05
    6.8300000000e+01    1.1328030778e+05
    6.8305000000e+01    1.1954668697e+05
    6.8310000000e+01    1.2566839879e+05
    6.8315000000e+01    1.3160155973e+05
    6.8320000000e+01    1.3730304788e+05
    6.8325000000e+01    1.4273101773e+05
    6.8330000000e+01    1.4784540753e+05
    6.8335000000e+01    1.5260843120e+05
    6.8340000000e+01    1.5698504701e+05
    6.8345000000e+01    1.6094339546e+05
    6.8350000000e+01    1.6445519907e+05
    6.8355000000e+01    1.6749611758e+05
    6.8360000000e+01    1.7004605218e+05
    6.8365000000e+01    1.7208939389e+05
    6.8370000000e+01    1.7361521130e+05
    6.8375000000e+01    1.7461737455e+05
    6.8380000000e+01    1.7509461284e+05
    6.8385000000e+01    1.7505050446e+05
    6.8390000000e+01    1.7449339892e+05
    6.8395000000e+01    1.7343627238e+05
    6.8400000000e+01    1.7189651832e+05
    6.8405000000e+01    1.6989567689e+05
    6.8410000000e+01    1.6745910715e+05
    6.8415000000e+01    1.6461560759e+05
    6.8420000000e+01    1.6139699116e+05
    6.8425000000e+01    1.5783762187e+05
    6.8430000000e+01    1.5397392067e+05
    6.8435000000e+01    1.4984384898e+05
    6.8440000000e+01    1.4548637834e+05
    6.8445000000e+01    1.4094095532e+05
    6.8450000000e+01    1.3624697042e+05
    6.8455000000e+01    1.3144323999e+05
    6.8460000000e+01    1.2656750966e+05
    6.8465000000e+01    1.2165598746e+05
    6.8470000000e+01    1.1674291425e+05
    6.8475000000e+01    1.1186017824e+05
    6.8480000000e+01    1.0703697963e+05
    6.8485000000e+01    1.0229955038e+05
    6.8490000000e+01    9.7670933074e+04
    6.8495000000e+01    9.3170821617e+04
    6.8500000000e+01    8.8815465523e+04
    6.8505000000e+01    8.4617638054e+04
    6.8510000000e+01    8.0586667479e+04
    6.8515000000e+01    7.6728529399e+04
    6.8520000000e+01    7.3045996972e+04
    6.8525000000e+01    6.9538844766e+04
    6.8530000000e+01    6.6204100998e+04
    6.8535000000e+01    6.3036341988e+04
    6.8540000000e+01    6.0028021950e+04
    6.8545000000e+01    5.7169830590e+04
    6.8550000000e+01    5.4451070534e+04
    6.8555000000e+01    5.1860046330e+04
    6.8560000000e+01    4.9384456623e+04
    6.8565000000e+01    4.7011781177e+04
    6.8570000000e+01    4.4729654618e+04
    6.8575000000e+01    4.2526219184e+04
    6.8580000000e+01    4.0390449303e+04
    6.8585000000e+01    3.8312441518e+04
    6.8590000000e+01    3.6283664093e+04
    6.8595000000e+01    3.4297161611e+04
    6.8600000000e+01    3.2347710846e+04
    6.8605000000e+01    3.0431925363e+04
    6.8610000000e+01    2.8548307402e+04
    6.8615000000e+01    2.6697246807e+04
    6.8620000000e+01    2.4880967926e+04
    6.8625000000e+01    2.3103426548e+04
    6.8630000000e+01    2.1370160065e+04
    6.8635000000e+01    1.9688095038e+04
    6.8640000000e+01    1.8065317287e+04
    6.8645000000e+01    1.6510810446e+04
    6.8650000000e+01    1.5034169570e+04
    6.8655000000e+01    1.3645296939e+04
    6.8660000000e+01    1.2354087554e+04
    6.8665000000e+01    1.1170112031e+04
    6.8670000000e+01    1.0102304624e+04
    6.8675000000e+01    9.1586639743e+03
    6.8680000000e+01    8.3459738763e+03
    6.8685000000e+01    7.6695508626e+03
    6.8690000000e+01    7.1330248169e+03
    6.8695000000e+01    6.7381580439e+03
    6.8700000000e+01    6.4847073542e+03
    6.8705000000e+01    6.3703327421e+03
    6.8710000000e+01    6.3905551703e+03
    6.8715000000e+01    6.5387648590e+03
    6.8720000000e+01    6.8062803277e+03
    6.8725000000e+01    7.1824572782e+03
    6.8730000000e+01    7.6548452701e+03
    6.8735000000e+01    8.2093890426e+03
    6.8740000000e+01    8.8306703089e+03
    6.8745000000e+01    9.5021849095e+03
    6.8750000000e+01    1.0206649383e+04
    6.8755000000e+01    1.0926330318e+04
    6.8760000000e+01    1.1643389286e+04
    6.8765000000e+01    1.2340235770e+04
    6.8770000000e+01    1.2999880271e+04
    6.8775000000e+01    1.3606279708e+04
    6.8780000000e+01    1.4144667346e+04
    6.8785000000e+01    1.4601859793e+04
    6.8790000000e+01    1.4966534017e+04
    6.8795000000e+01    1.5229468004e+04
    6.8800000000e+01    1.5383739361e+04
    6.8805000000e+01    1.5424877128e+04
    6.8810000000e+01    1.5350962981e+04
    6.8815000000e+01    1.5162679144e+04
    6.8820000000e+01    1.4863301445e+04
    6.8825000000e+01    1.4458637137e+04
    6.8830000000e+01    1.3956908329e+04
    6.8835000000e+01    1.3368583027e+04
    6.8840000000e+01    1.2706156973e+04
    6.8845000000e+01    1.1983890542e+04
    6.8850000000e+01    1.1217505970e+04
    6.8855000000e+01    1.0423851089e+04
    6.8860000000e+01    9.6205365109e+03
    6.8865000000e+01    8.8255538372e+03
    6.8870000000e+01    8.0568829359e+03
    6.8875000000e+01    7.3320966291e+03
    6.8880000000e+01    6.6679712576e+03
    6.8885000000e+01    6.0801115342e+03
    6.8890000000e+01    5.5825978562e+03
    6.8895000000e+01    5.1876638391e+03
    6.8900000000e+01    4.9054112498e+03
    6.8905000000e+01    4.7435687826e+03
    6.8910000000e+01    4.7073002391e+03
    6.8915000000e+01    4.7990666725e+03
    6.8920000000e+01    5.0185459471e+03
    6.8925000000e+01    5.3626119770e+03
    6.8930000000e+01    5.8253746626e+03
    6.8935000000e+01    6.3982802678e+03
    6.8940000000e+01    7.0702707013e+03
    6.8945000000e+01    7.8279989073e+03
    6.8950000000e+01    8.6560963628e+03
    6.8955000000e+01    9.5374875422e+03
    6.8960000000e+01    1.0453745175e+04
    6.8965000000e+01    1.1385479206e+04
    6.8970000000e+01    1.2312751585e+04
    6.8975000000e+01    1.3215508400e+04
    6.8980000000e+01    1.4074020413e+04
    6.8985000000e+01    1.4869322791e+04
    6.8990000000e+01    1.5583644732e+04
    6.8995000000e+01    1.6200819807e+04
    6.9000000000e+01    1.6706668129e+04
    6.9005000000e+01    1.7089341941e+04
    6.9010000000e+01    1.7339626858e+04
    6.9015000000e+01    1.7451191854e+04
    6.9020000000e+01    1.7420782004e+04
    6.9025000000e+01    1.7248349131e+04
    6.9030000000e+01    1.6937116694e+04
    6.9035000000e+01    1.6493576542e+04
    6.9040000000e+01    1.5927416523e+04
    6.9045000000e+01    1.5251379326e+04
    6.9050000000e+01    1.4481054299e+04
    6.9055000000e+01    1.3634605406e+04
    6.9060000000e+01    1.2732439768e+04
    6.9065000000e+01    1.1796822511e+04
    6.9070000000e+01    1.0851444796e+04
    6.9075000000e+01    9.9209529272e+03
    6.9080000000e+01    9.0304473389e+03
    6.9085000000e+01    8.2049609963e+03
    6.9090000000e+01    7.4689272852e+03
    6.9095000000e+01    6.8456478547e+03
    6.9100000000e+01    6.3567710435e+03
    6.9105000000e+01    6.0217915000e+03
    6.9110000000e+01    5.8575813805e+03
    6.9115000000e+01    5.8779630920e+03
    6.9120000000e+01    6.0933329303e+03
    6.9125000000e+01    6.5103441738e+03
    6.9130000000e+01    7.1316572331e+03
    6.9135000000e+01    7.9557633420e+03
    6.9140000000e+01    8.9768870378e+03
    6.9145000000e+01    1.0184971319e+04
    6.9150000000e+01    1.1565747937e+04
    6.9155000000e+01    1.3100893764e+04
    6.9160000000e+01    1.4768272660e+04
    6.9165000000e+01    1.6542260710e+04
    6.9170000000e+01    1.8394151159e+04
    6.9175000000e+01    2.0292633936e+04
    6.9180000000e+01    2.2204343198e+04
    6.9185000000e+01    2.4094465058e+04
    6.9190000000e+01    2.5927396430e+04
    6.9195000000e+01    2.7667444903e+04
    6.9200000000e+01    2.9279558641e+04
    6.9205000000e+01    3.0730074590e+04
    6.9210000000e+01    3.1987472742e+04
    6.9215000000e+01    3.3023123871e+04
    6.9220000000e+01    3.3812018017e+04
    6.9225000000e+01    3.4333461068e+04
    6.9230000000e+01    3.4571727078e+04
    6.9235000000e+01    3.4516654422e+04
    6.9240000000e+01    3.4164174577e+04
    6.9245000000e+01    3.3516763183e+04
    6.9250000000e+01    3.2583804051e+04
    6.9255000000e+01    3.1381857998e+04
    6.9260000000e+01    2.9934829702e+04
    6.9265000000e+01    2.8274027215e+04
    6.9270000000e+01    2.6438110319e+04
    6.9275000000e+01    2.4472925527e+04
    6.9280000000e+01    2.2431227185e+04
    6.9285000000e+01    2.0372285816e+04
    6.9290000000e+01    1.8361386560e+04
    6.9295000000e+01    1.6469222165e+04
    6.9300000000e+01    1.4771186659e+04
    6.9305000000e+01    1.3346577300e+04
    6.9310000000e+01    1.2277713894e+04
    6.9315000000e+01    1.1648985826e+04
    6.9320000000e+01    1.1545838378e+04
    6.9325000000e+01    1.2053710897e+04
    6.9330000000e+01    1.3256940245e+04
    6.9335000000e+01    1.5237643622e+04
    6.9340000000e+01    1.8074595340e+04
    6.9345000000e+01    2.1842112390e+04
    6.9350000000e+01    2.6608963751e+04
    6.9355000000e+01    3.2437318219e+04
    6.9360000000e+01    3.9381745226e+04
    6.9365000000e+01    4.7488282594e+04
    6.9370000000e+01    5.6793584419e+04
    6.9375000000e+01    6.7324161398e+04
    6.9380000000e+01    7.9095724812e+04
    6.9385000000e+01    9.2112644157e+04
    6.9390000000e+01    1.0636752703e+05
    6.9395000000e+01    1.2184092838e+05
    6.9400000000e+01    1.3850119464e+05
    6.9405000000e+01    1.5630444650e+05
    6.9410000000e+01    1.7519470252e+05
    6.9415000000e+01    1.9510414371e+05
    6.9420000000e+01    2.1595351769e+05
    6.9425000000e+01    2.3765267904e+05
    6.9430000000e+01    2.6010126088e+05
    6.9435000000e+01    2.8318947079e+05
    6.9440000000e+01    3.0679900282e+05
    6.9445000000e+01    3.3080405556e+05
    6.9450000000e+01    3.5507244502e+05
    6.9455000000e+01    3.7946679983e+05
    6.9460000000e+01    4.0384582482e+05
    6.9465000000e+01    4.2806561870e+05
    6.9470000000e+01    4.5198103019e+05
    6.9475000000e+01    4.7544703682e+05
    6.9480000000e+01    4.9832013009e+05
    6.9485000000e+01    5.2045969054e+05
    6.9490000000e+01    5.4172933645e+05
    6.9495000000e+01    5.6199823006e+05
    6.9500000000e+01    5.8114232568e+05
    6.9505000000e+01    5.9904554503e+05
    6.9510000000e+01    6.1560086559e+05
    6.9515000000e+01    6.3071130919e+05
    6.9520000000e+01    6.4429081935e+05
    6.9525000000e+01    6.5626501684e+05
    6.9530000000e+01    6.6657182511e+05
    6.9535000000e+01    6.7516195850e+05
    6.9540000000e+01    6.8199926790e+05
    6.9545000000e+01    6.8706094069e+05
    6.9550000000e+01    6.9033755335e+05
    6.9555000000e+01    6.9183297724e+05
    6.9560000000e+01    6.9156413984e+05
    6.9565000000e+01    6.8956064569e+05
    6.9570000000e+01    6.8586426316e+05
    6.9575000000e+01    6.8052828470e+05
    6.9580000000e+01    6.7361677004e+05
    6.9585000000e+01    6.6520368329e+05
    6.9590000000e+01    6.5537193610e+05
    6.9595000000e+01    6.4421235040e+05
    6.9600000000e+01    6.3182255498e+05
    6.9605000000e+01    6.1830583117e+05
    6.9610000000e+01    6.0376992331e+05
    6.9615000000e+01    5.8832582995e+05
    6.9620000000e+01    5.7208659202e+05
    6.9625000000e+01    5.5516609378e+05
    6.9630000000e+01    5.3767789222e+05
    6.9635000000e+01    5.1973408987e+05
    6.9640000000e+01    5.0144426505e+05
    6.9645000000e+01    4.8291447276e+05
    6.9650000000e+01    4.6424632802e+05
    6.9655000000e+01    4.4553618204e+05
    6.9660000000e+01    4.2687440023e+05
    6.9665000000e+01    4.0834474921e+05
    6.9670000000e+01    3.9002389827e+05
    6.9675000000e+01    3.7198103887e+05
    6.9680000000e+01    3.5427762385e+05
    6.9685000000e+01    3.3696722624e+05
    6.9690000000e+01    3.2009551553e+05
    6.9695000000e+01    3.0370034756e+05
    6.9700000000e+01    2.8781196231e+05
    6.9705000000e+01    2.7245328249e+05
    6.9710000000e+01    2.5764030399e+05
    6.9715000000e+01    2.4338256834e+05
    6.9720000000e+01    2.2968370572e+05
    6.9725000000e+01    2.1654203661e+05
    6.9730000000e+01    2.0395121915e+05
    6.9735000000e+01    1.9190092874e+05
    6.9740000000e+01    1.8037755659e+05
    6.9745000000e+01    1.6936491342e+05
    6.9750000000e+01    1.5884492512e+05
    6.9755000000e+01    1.4879830747e+05
    6.9760000000e+01    1.3920520792e+05
    6.9765000000e+01    1.3004580307e+05
    6.9770000000e+01    1.2130084200e+05
    6.9775000000e+01    1.1295212645e+05
    6.9780000000e+01    1.0498292078e+05
    6.9785000000e+01    9.7378285713e+04
    6.9790000000e+01    9.0125331984e+04
    6.9795000000e+01    8.3213391358e+04
    6.9800000000e+01    7.6634104521e+04
    6.9805000000e+01    7.0381426887e+04
    6.9810000000e+01    6.4451555162e+04
    6.9815000000e+01    5.8842779129e+04
    6.9820000000e+01    5.3555264593e+04
    6.9825000000e+01    4.8590774869e+04
    6.9830000000e+01    4.3952339385e+04
    6.9835000000e+01    3.9643879026e+04
    6.9840000000e+01    3.5669798688e+04
    6.9845000000e+01    3.2034558101e+04
    6.9850000000e+01    2.8742232393e+04
    6.9855000000e+01    2.5796073960e+04
    6.9860000000e+01    2.3198087136e+04
    6.9865000000e+01    2.0948626794e+04
    6.9870000000e+01    1.9046031394e+04
    6.9875000000e+01    1.7486300247e+04
    6.9880000000e+01    1.6262823667e+04
    6.9885000000e+01    1.5366173547e+04
    6.9890000000e+01    1.4783960484e+04
    6.9895000000e+01    1.4500762101e+04
    6.9900000000e+01    1.4498125589e+04
    6.9905000000e+01    1.4754645838e+04
    6.9910000000e+01    1.5246118802e+04
    6.9915000000e+01    1.5945768032e+04
    6.9920000000e+01    1.6824540636e+04
    6.9925000000e+01    1.7851467339e+04
    6.9930000000e+01    1.8994079779e+04
    6.9935000000e+01    2.0218876856e+04
    6.9940000000e+01    2.1491830726e+04
    6.9945000000e+01    2.2778922046e+04
    6.9950000000e+01    2.4046693285e+04
    6.9955000000e+01    2.5262808364e+04
    6.9960000000e+01    2.6396606584e+04
    6.9965000000e+01    2.7419638756e+04
    6.9970000000e+01    2.8306173650e+04
    6.9975000000e+01    2.9033663347e+04
    6.9980000000e+01    2.9583156811e+04
    6.9985000000e+01    2.9939651917e+04
    6.9990000000e+01    3.0092377374e+04
    6.9995000000e+01    3.0034997337e+04
    7.0000000000e+01    2.9765733033e+04
    7.0005000000e+01    2.9287397407e+04
    7.0010000000e+01    2.8607340572e+04
    7.0015000000e+01    2.7737305713e+04
    7.0020000000e+01    2.6693196930e+04
    7.0025000000e+01    2.5494762439e+04
    7.0030000000e+01    2.4165198315e+04
    7.0035000000e+01    2.2730679746e+04
    7.0040000000e+01    2.1219828337e+04
    7.0045000000e+01    1.9663125512e+04
    7.0050000000e+01    1.8092283264e+04
    7.0055000000e+01    1.6539584611e+04
    7.0060000000e+01    1.5037206873e+04
    7.0065000000e+01    1.3616541432e+04
    7.0070000000e+01    1.2307523928e+04
    7.0075000000e+01    1.1137988780e+04
    7.0080000000e+01    1.0133061617e+04
    7.0085000000e+01    9.3146026306e+03
    7.0090000000e+01    8.7007129408e+03
    7.0095000000e+01    8.3053149593e+03
    7.0100000000e+01    8.1378163350e+03
    7.0105000000e+01    8.2028654749e+03
    7.0110000000e+01    8.5002048448e+03
    7.0115000000e+01    9.0246263192e+03
    7.0120000000e+01    9.7660307962e+03
    7.0125000000e+01    1.0709592172e+04
    7.0130000000e+01    1.1836023611e+04
    7.0135000000e+01    1.3121941911e+04
    7.0140000000e+01    1.4540323665e+04
    7.0145000000e+01    1.6061044966e+04
    7.0150000000e+01    1.7651494516e+04
    7.0155000000e+01    1.9277248387e+04
    7.0160000000e+01    2.0902793206e+04
    7.0165000000e+01    2.2492283361e+04
    7.0170000000e+01    2.4010316899e+04
    7.0175000000e+01    2.5422714201e+04
    7.0180000000e+01    2.6697283170e+04
    7.0185000000e+01    2.7804554758e+04
    7.0190000000e+01    2.8718472965e+04
    7.0195000000e+01    2.9417024160e+04
    7.0200000000e+01    2.9882791567e+04
    7.0205000000e+01    3.0103422066e+04
    7.0210000000e+01    3.0071994051e+04
    7.0215000000e+01    2.9787276910e+04
    7.0220000000e+01    2.9253874768e+04
    7.0225000000e+01    2.8482249368e+04
    7.0230000000e+01    2.7488619311e+04
    7.0235000000e+01    2.6294735396e+04
    7.0240000000e+01    2.4927534272e+04
    7.0245000000e+01    2.3418675136e+04
    7.0250000000e+01    2.1803966678e+04
    7.0255000000e+01    2.0122693822e+04
    7.0260000000e+01    1.8416855997e+04
    7.0265000000e+01    1.6730330715e+04
    7.0270000000e+01    1.5107977965e+04
    7.0275000000e+01    1.3594702458e+04
    7.0280000000e+01    1.2234491911e+04
    7.0285000000e+01    1.1069450441e+04
    7.0290000000e+01    1.0138846598e+04
    7.0295000000e+01    9.4781957224e+03
    7.0300000000e+01    9.1183960056e+03
    7.0305000000e+01    9.0849370518e+03
    7.0310000000e+01    9.3971986759e+03
    7.0315000000e+01    1.0067856337e+04
    7.0320000000e+01    1.1102407886e+04
    7.0325000000e+01    1.2498834296e+04
    7.0330000000e+01    1.4247404749e+04
    7.0335000000e+01    1.6330633931e+04
    7.0340000000e+01    1.8723396664e+04
    7.0345000000e+01    2.1393202153e+04
    7.0350000000e+01    2.4300627151e+04
    7.0355000000e+01    2.7399904377e+04
    7.0360000000e+01    3.0639659544e+04
    7.0365000000e+01    3.3963787433e+04
    7.0370000000e+01    3.7312454693e+04
    7.0375000000e+01    4.0623214446e+04
    7.0380000000e+01    4.3832215403e+04
    7.0385000000e+01    4.6875486097e+04
    7.0390000000e+01    4.9690273075e+04
    7.0395000000e+01    5.2216410447e+04
    7.0400000000e+01    5.4397697143e+04
    7.0405000000e+01    5.6183257602e+04
    7.0410000000e+01    5.7528861359e+04
    7.0415000000e+01    5.8398177232e+04
    7.0420000000e+01    5.8763938408e+04
    7.0425000000e+01    5.8608995808e+04
    7.0430000000e+01    5.7927238554e+04
    7.0435000000e+01    5.6724362195e+04
    7.0440000000e+01    5.5018467567e+04
    7.0445000000e+01    5.2840475670e+04
    7.0450000000e+01    5.0234346758e+04
    7.0455000000e+01    4.7257094840e+04
    7.0460000000e+01    4.3978592061e+04
    7.0465000000e+01    4.0481160717e+04
    7.0470000000e+01    3.6858954139e+04
    7.0475000000e+01    3.3217131065e+04
    7.0480000000e+01    2.9670831556e+04
    7.0485000000e+01    2.6343965780e+04
    7.0490000000e+01    2.3367830136e+04
    7.0495000000e+01    2.0879568133e+04
    7.0500000000e+01    1.9020496088e+04
    7.0505000000e+01    1.7934316101e+04
    7.0510000000e+01    1.7765240776e+04
    7.0515000000e+01    1.8656055819e+04
    7.0520000000e+01    2.0746147859e+04
    7.0525000000e+01    2.4169525694e+04
    7.0530000000e+01    2.9052863507e+04
    7.0535000000e+01    3.5513594537e+04
    7.0540000000e+01    4.3658083176e+04
    7.0545000000e+01    5.3579902498e+04
    7.0550000000e+01    6.5358242869e+04
    7.0555000000e+01    7.9056475484e+04
    7.0560000000e+01    9.4720892563e+04
    7.0565000000e+01    1.1237964344e+05
    7.0570000000e+01    1.3204188300e+05
    7.0575000000e+01    1.5369714596e+05
    7.0580000000e+01    1.7731495710e+05
    7.0585000000e+01    2.0284468447e+05
    7.0590000000e+01    2.3021563883e+05
    7.0595000000e+01    2.5933741922e+05
    7.0600000000e+01    2.9010050115e+05
    7.0605000000e+01    3.2237706028e+05
    7.0610000000e+01    3.5602202133e+05
    7.0615000000e+01    3.9087431880e+05
    7.0620000000e+01    4.2675835309e+05
    7.0625000000e+01    4.6348562305e+05
    7.0630000000e+01    5.0085651370e+05
    7.0635000000e+01    5.3866221564e+05
    7.0640000000e+01    5.7668675136e+05
    7.0645000000e+01    6.1470908192e+05
    7.0650000000e+01    6.5250526721e+05
    7.0655000000e+01    6.8985065186e+05
    7.0660000000e+01    7.2652204938e+05
    7.0665000000e+01    7.6229989711e+05
    7.0670000000e+01    7.9697035542e+05
    7.0675000000e+01    8.3032732563e+05
    7.0680000000e+01    8.6217436272e+05
    7.0685000000e+01    8.9232646038e+05
    7.0690000000e+01    9.2061168850e+05
    7.0695000000e+01    9.4687266488e+05
    7.0700000000e+01    9.7096784613e+05
    7.0705000000e+01    9.9277262490e+05
    7.0710000000e+01    1.0121802238e+06
    7.0715000000e+01    1.0291023789e+06
    7.0720000000e+01    1.0434698095e+06
    7.0725000000e+01    1.0552324720e+06
    7.0730000000e+01    1.0643596010e+06
    7.0735000000e+01    1.0708395420e+06
    7.0740000000e+01    1.0746793828e+06
    7.0745000000e+01    1.0759043932e+06
    7.0750000000e+01    1.0745572864e+06
    7.0755000000e+01    1.0706973151e+06
    7.0760000000e+01    1.0643992190e+06
    7.0765000000e+01    1.0557520410e+06
    7.0770000000e+01    1.0448578314e+06
    7.0775000000e+01    1.0318302585e+06
    7.0780000000e+01    1.0167931486e+06
    7.0785000000e+01    9.9987897245e+05
    7.0790000000e+01    9.8122730219e+05
    7.0795000000e+01    9.6098325716e+05
    7.0800000000e+01    9.3929595895e+05
    7.0805000000e+01    9.1631701462e+05
    7.0810000000e+01    8.9219904602e+05
    7.0815000000e+01    8.6709428147e+05
    7.0820000000e+01    8.4115322515e+05
    7.0825000000e+01    8.1452341717e+05
    7.0830000000e+01    7.8734829619e+05
    7.0835000000e+01    7.5976617390e+05
    7.0840000000e+01    7.3190932912e+05
    7.0845000000e+01    7.0390322701e+05
    7.0850000000e+01    6.7586586699e+05
    7.0855000000e+01    6.4790726086e+05
    7.0860000000e+01    6.2012904063e+05
    7.0865000000e+01    5.9262419386e+05
    7.0870000000e+01    5.6547692235e+05
    7.0875000000e+01    5.3876261852e+05
    7.0880000000e+01    5.1254795226e+05
    7.0885000000e+01    4.8689105982e+05
    7.0890000000e+01    4.6184182505e+05
    7.0895000000e+01    4.3744224259e+05
    7.0900000000e+01    4.1372685158e+05
    7.0905000000e+01    3.9072322832e+05
    7.0910000000e+01    3.6845252569e+05
    7.0915000000e+01    3.4693004728e+05
    7.0920000000e+01    3.2616584406e+05
    7.0925000000e+01    3.0616532201e+05
    7.0930000000e+01    2.8692984935e+05
    7.0935000000e+01    2.6845735273e+05
    7.0940000000e+01    2.5074289273e+05
    7.0945000000e+01    2.3377920959e+05
    7.0950000000e+01    2.1755723151e+05
    7.0955000000e+01    2.0206653871e+05
    7.0960000000e+01    1.8729577778e+05
    7.0965000000e+01    1.7323302214e+05
    7.0970000000e+01    1.5986607556e+05
    7.0975000000e+01    1.4718271711e+05
    7.0980000000e+01    1.3517088710e+05
    7.0985000000e+01    1.2381881470e+05
    7.0990000000e+01    1.1311508945e+05
    7.0995000000e+01    1.0304867931e+05
    7.1000000000e+01    9.3608899597e+04
    7.1005000000e+01    8.4785337483e+04
    7.1010000000e+01    7.6567737769e+04
    7.1015000000e+01    6.8945856172e+04
    7.1020000000e+01    6.1909286850e+04
    7.1025000000e+01    5.5447271249e+04
    7.1030000000e+01    4.9548495508e+04
    7.1035000000e+01    4.4200883732e+04
    7.1040000000e+01    3.9391394314e+04
    7.1045000000e+01    3.5105826250e+04
    7.1050000000e+01    3.1328642005e+04
    7.1055000000e+01    2.8042813002e+04
    7.1060000000e+01    2.5229693154e+04
    7.1065000000e+01    2.2868925186e+04
    7.1070000000e+01    2.0938383647e+04
    7.1075000000e+01    1.9414157683e+04
    7.1080000000e+01    1.8270575678e+04
    7.1085000000e+01    1.7480272941e+04
    7.1090000000e+01    1.7014302626e+04
    7.1095000000e+01    1.6842289101e+04
    7.1100000000e+01    1.6932622027e+04
    7.1105000000e+01    1.7252688495e+04
    7.1110000000e+01    1.7769139692e+04
    7.1115000000e+01    1.8448187801e+04
    7.1120000000e+01    1.9255928097e+04
    7.1125000000e+01    2.0158680627e+04
    7.1130000000e+01    2.1123345327e+04
    7.1135000000e+01    2.2117764083e+04
    7.1140000000e+01    2.3111082950e+04
    7.1145000000e+01    2.4074107650e+04
    7.1150000000e+01    2.4979645458e+04
    7.1155000000e+01    2.5802826744e+04
    7.1160000000e+01    2.6521399693e+04
    7.1165000000e+01    2.7115992157e+04
    7.1170000000e+01    2.7570335092e+04
    7.1175000000e+01    2.7871442676e+04
    7.1180000000e+01    2.8009744954e+04
    7.1185000000e+01    2.7979169655e+04
    7.1190000000e+01    2.7777170754e+04
    7.1195000000e+01    2.7404702280e+04
    7.1200000000e+01    2.6866136884e+04
    7.1205000000e+01    2.6169129693e+04
    7.1210000000e+01    2.5324428991e+04
    7.1215000000e+01    2.4345636288e+04
    7.1220000000e+01    2.3248919286e+04
    7.1225000000e+01    2.2052682189e+04
    7.1230000000e+01    2.0777198629e+04
    7.1235000000e+01    1.9444213269e+04
    7.1240000000e+01    1.8076518767e+04
    7.1245000000e+01    1.6697515346e+04
    7.1250000000e+01    1.5330760625e+04
    7.1255000000e+01    1.3999517638e+04
    7.1260000000e+01    1.2726309111e+04
    7.1265000000e+01    1.1532486028e+04
    7.1270000000e+01    1.0437818391e+04
    7.1275000000e+01    9.4601157210e+03
    7.1280000000e+01    8.6148844276e+03
    7.1285000000e+01    7.9150285469e+03
    7.1290000000e+01    7.3705996443e+03
    7.1295000000e+01    6.9886008215e+03
    7.1300000000e+01    6.7728488243e+03
    7.1305000000e+01    6.7238972145e+03
    7.1310000000e+01    6.8390224631e+03
    7.1315000000e+01    7.1122736724e+03
    7.1320000000e+01    7.5345854492e+03
    7.1325000000e+01    8.0939522636e+03
    7.1330000000e+01    8.7756614558e+03
    7.1335000000e+01    9.5625809128e+03
    7.1340000000e+01    1.0435496362e+04
    7.1345000000e+01    1.1373492229e+04
    7.1350000000e+01    1.2354369112e+04
    7.1355000000e+01    1.3355090141e+04
    7.1360000000e+01    1.4352247850e+04
    7.1365000000e+01    1.5322542687e+04
    7.1370000000e+01    1.6243263970e+04
    7.1375000000e+01    1.7092763896e+04
    7.1380000000e+01    1.7850915261e+04
    7.1385000000e+01    1.8499543697e+04
    7.1390000000e+01    1.9022825629e+04
    7.1395000000e+01    1.9407643650e+04
    7.1400000000e+01    1.9643891764e+04
    7.1405000000e+01    1.9724723751e+04
    7.1410000000e+01    1.9646738936e+04
    7.1415000000e+01    1.9410100771e+04
    7.1420000000e+01    1.9018584827e+04
    7.1425000000e+01    1.8479554149e+04
    7.1430000000e+01    1.7803861267e+04
    7.1435000000e+01    1.7005677587e+04
    7.1440000000e+01    1.6102252272e+04
    7.1445000000e+01    1.5113604163e+04
    7.1450000000e+01    1.4062151620e+04
    7.1455000000e+01    1.2972286456e+04
    7.1460000000e+01    1.1869899345e+04
    7.1465000000e+01    1.0781865149e+04
    7.1470000000e+01    9.7354975483e+03
    7.1475000000e+01    8.7579831332e+03
    7.1480000000e+01    7.8758057157e+03
    7.1485000000e+01    7.1141720272e+03
    7.1490000000e+01    6.4964501675e+03
    7.1495000000e+01    6.0436321682e+03
    7.1500000000e+01    5.7738318159e+03
    7.1505000000e+01    5.7018284479e+03
    7.1510000000e+01    5.8386667967e+03
    7.1515000000e+01    6.1913221210e+03
    7.1520000000e+01    6.7624388350e+03
    7.1525000000e+01    7.5501496530e+03
    7.1530000000e+01    8.5479809174e+03
    7.1535000000e+01    9.7448482969e+03
    7.1540000000e+01    1.1125145462e+04
    7.1545000000e+01    1.2668926682e+04
    7.1550000000e+01    1.4352182573e+04
    7.1555000000e+01    1.6147206512e+04
    7.1560000000e+01    1.8023047499e+04
    7.1565000000e+01    1.9946043587e+04
    7.1570000000e+01    2.1880428409e+04
    7.1575000000e+01    2.3789001830e+04
    7.1580000000e+01    2.5633854392e+04
    7.1585000000e+01    2.7377134035e+04
    7.1590000000e+01    2.8981842549e+04
    7.1595000000e+01    3.0412648403e+04
    7.1600000000e+01    3.1636702008e+04
    7.1605000000e+01    3.2624439124e+04
    7.1610000000e+01    3.3350357986e+04
    7.1615000000e+01    3.3793755898e+04
    7.1620000000e+01    3.3939411390e+04
    7.1625000000e+01    3.3778198714e+04
    7.1630000000e+01    3.3307622277e+04
    7.1635000000e+01    3.2532259768e+04
    7.1640000000e+01    3.1464103978e+04
    7.1645000000e+01    3.0122794871e+04
    7.1650000000e+01    2.8535735081e+04
    7.1655000000e+01    2.6738083841e+04
    7.1660000000e+01    2.4772626232e+04
    7.1665000000e+01    2.2689516662e+04
    7.1670000000e+01    2.0545897467e+04
    7.1675000000e+01    1.8405395613e+04
    7.1680000000e+01    1.6337502451e+04
    7.1685000000e+01    1.4416843453e+04
    7.1690000000e+01    1.2722346709e+04
    7.1695000000e+01    1.1336320697e+04
    7.1700000000e+01    1.0343453414e+04
    7.1705000000e+01    9.8297463646e+03
    7.1710000000e+01    9.8813980645e+03
    7.1715000000e+01    1.0583652707e+04
    7.1720000000e+01    1.2019630331e+04
    7.1725000000e+01    1.4269155289e+04
    7.1730000000e+01    1.7407600025e+04
    7.1735000000e+01    2.1504761044e+04
    7.1740000000e+01    2.6623783669e+04
    7.1745000000e+01    3.2820151505e+04
    7.1750000000e+01    4.0140755711e+04
    7.1755000000e+01    4.8623058037e+04
    7.1760000000e+01    5.8294360290e+04
    7.1765000000e+01    6.9171191329e+04
    7.1770000000e+01    8.1258821020e+04
    7.1775000000e+01    9.4550908714e+04
    7.1780000000e+01    1.0902929186e+05
    7.1785000000e+01    1.2466391832e+05
    7.1790000000e+01    1.4141292386e+05
    7.1795000000e+01    1.5922285418e+05
    7.1800000000e+01    1.7802902874e+05
    7.1805000000e+01    1.9775604171e+05
    7.1810000000e+01    2.1831839319e+05
    7.1815000000e+01    2.3962124238e+05
    7.1820000000e+01    2.6156127225e+05
    7.1825000000e+01    2.8402765416e+05
    7.1830000000e+01    3.0690309926e+05
    7.1835000000e+01    3.3006498265e+05
    7.1840000000e+01    3.5338652510e+05
    7.1845000000e+01    3.7673801675e+05
    7.1850000000e+01    3.9998806674e+05
    7.1855000000e+01    4.2300486256e+05
    7.1860000000e+01    4.4565742290e+05
    7.1865000000e+01    4.6781682847e+05
    7.1870000000e+01    4.8935741540e+05
    7.1875000000e+01    5.1015791702e+05
    7.1880000000e+01    5.3010254050e+05
    7.1885000000e+01    5.4908196632e+05
    7.1890000000e+01    5.6699425961e+05
    7.1895000000e+01    5.8374568407e+05
    7.1900000000e+01    5.9925141063e+05
    7.1905000000e+01    6.1343611482e+05
    7.1910000000e+01    6.2623445831e+05
    7.1915000000e+01    6.3759145216e+05
    7.1920000000e+01    6.4746270058e+05
    7.1925000000e+01    6.5581452616e+05
    7.1930000000e+01    6.6262397884e+05
    7.1935000000e+01    6.6787873250e+05
    7.1940000000e+01    6.7157687459e+05
    7.1945000000e+01    6.7372659538e+05
    7.1950000000e+01    6.7434578454e+05
    7.1955000000e+01    6.7346154402e+05
    7.1960000000e+01    6.7110962651e+05
    7.1965000000e+01    6.6733380991e+05
    7.1970000000e+01    6.6218521839e+05
    7.1975000000e+01    6.5572160088e+05
    7.1980000000e+01    6.4800657804e+05
    7.1985000000e+01    6.3910886854e+05
    7.1990000000e+01    6.2910150528e+05
    7.1995000000e+01    6.1806105171e+05
    7.2000000000e+01    6.0606682781e+05
    7.2005000000e+01    5.9320015468e+05
    7.2010000000e+01    5.7954362581e+05
    7.2015000000e+01    5.6518041220e+05
    7.2020000000e+01    5.5019360762e+05
    7.2025000000e+01    5.3466561911e+05
    7.2030000000e+01    5.1867760704e+05
    7.2035000000e+01    5.0230897765e+05
    7.2040000000e+01    4.8563693037e+05
    7.2045000000e+01    4.6873606082e+05
    7.2050000000e+01    4.5167801973e+05
    7.2055000000e+01    4.3453122689e+05
    7.2060000000e+01    4.1736063872e+05
    7.2065000000e+01    4.0022756698e+05
    7.2070000000e+01    3.8318954578e+05
    7.2075000000e+01    3.6630024344e+05
    7.2080000000e+01    3.4960941532e+05
    7.2085000000e+01    3.3316289355e+05
    7.2090000000e+01    3.1700260914e+05
    7.2095000000e+01    3.0116664230e+05
    7.2100000000e+01    2.8568929639e+05
    7.2105000000e+01    2.7060119135e+05
    7.2110000000e+01    2.5592937245e+05
    7.2115000000e+01    2.4169743071e+05
    7.2120000000e+01    2.2792563150e+05
    7.2125000000e+01    2.1463104820e+05
    7.2130000000e+01    2.0182769850e+05
    7.2135000000e+01    1.8952668116e+05
    7.2140000000e+01    1.7773631141e+05
    7.2145000000e+01    1.6646225408e+05
    7.2150000000e+01    1.5570765354e+05
    7.2155000000e+01    1.4547326015e+05
    7.2160000000e+01    1.3575755339e+05
    7.2165000000e+01    1.2655686214e+05
    7.2170000000e+01    1.1786548267e+05
    7.2175000000e+01    1.0967579543e+05
    7.2180000000e+01    1.0197838178e+05
    7.2185000000e+01    9.4762141775e+04
    7.2190000000e+01    8.8014414370e+04
    7.2195000000e+01    8.1721101164e+04
    7.2200000000e+01    7.5866794890e+04
    7.2205000000e+01    7.0434913554e+04
    7.2210000000e+01    6.5407840987e+04
    7.2215000000e+01    6.0767074304e+04
    7.2220000000e+01    5.6493378450e+04
    7.2225000000e+01    5.2566947709e+04
    7.2230000000e+01    4.8967573697e+04
    7.2235000000e+01    4.5674819005e+04
    7.2240000000e+01    4.2668195320e+04
    7.2245000000e+01    3.9927344512e+04
    7.2250000000e+01    3.7432220852e+04
    7.2255000000e+01    3.5163272249e+04
    7.2260000000e+01    3.3101618176e+04
    7.2265000000e+01    3.1229221719e+04
    7.2270000000e+01    2.9529053096e+04
    7.2275000000e+01    2.7985241881e+04
    7.2280000000e+01    2.6583215191e+04
    7.2285000000e+01    2.5309819112e+04
    7.2290000000e+01    2.4153420818e+04
    7.2295000000e+01    2.3103988977e+04
    7.2300000000e+01    2.2153150333e+04
    7.2305000000e+01    2.1294220660e+04
    7.2310000000e+01    2.0522208658e+04
    7.2315000000e+01    1.9833791791e+04
    7.2320000000e+01    1.9227263529e+04
    7.2325000000e+01    1.8702451962e+04
    7.2330000000e+01    1.8260610284e+04
    7.2335000000e+01    1.7904280167e+04
    7.2340000000e+01    1.7637129607e+04
    7.2345000000e+01    1.7463767358e+04
    7.2350000000e+01    1.7389536574e+04
    7.2355000000e+01    1.7420290797e+04
    7.2360000000e+01    1.7562155871e+04
    7.2365000000e+01    1.7821281772e+04
    7.2370000000e+01    1.8203588728e+04
    7.2375000000e+01    1.8714512265e+04
    7.2380000000e+01    1.9358752097e+04
    7.2385000000e+01    2.0140029912e+04
    7.2390000000e+01    2.1060861233e+04
    7.2395000000e+01    2.2122346546e+04
    7.2400000000e+01    2.3323986866e+04
    7.2405000000e+01    2.4663528815e+04
    7.2410000000e+01    2.6136844121e+04
    7.2415000000e+01    2.7737848268e+04
    7.2420000000e+01    2.9458462792e+04
    7.2425000000e+01    3.1288625456e+04
    7.2430000000e+01    3.3216352329e+04
    7.2435000000e+01    3.5227855549e+04
    7.2440000000e+01    3.7307720427e+04
    7.2445000000e+01    3.9439145482e+04
    7.2450000000e+01    4.1604249102e+04
    7.2455000000e+01    4.3784446855e+04
    7.2460000000e+01    4.5960904057e+04
    7.2465000000e+01    4.8115069235e+04
    7.2470000000e+01    5.0229295654e+04
    7.2475000000e+01    5.2287560353e+04
    7.2480000000e+01    5.4276293396e+04
    7.2485000000e+01    5.6185334605e+04
    7.2490000000e+01    5.8009041487e+04
    7.2495000000e+01    5.9747580939e+04
    7.2500000000e+01    6.1408449802e+04
    7.2505000000e+01    6.3008286687e+04
    7.2510000000e+01    6.4575061996e+04
    7.2515000000e+01    6.6150767757e+04
    7.2520000000e+01    6.7794778647e+04
    7.2525000000e+01    6.9588127658e+04
    7.2530000000e+01    7.1639045702e+04
    7.2535000000e+01    7.4090272104e+04
    7.2540000000e+01    7.7128881473e+04
    7.2545000000e+01    8.0999739623e+04
    7.2550000000e+01    8.6024277190e+04
    7.2555000000e+01    9.2627191615e+04
    7.2560000000e+01    1.0137519761e+05
    7.2565000000e+01    1.1303447833e+05
    7.2570000000e+01    1.2865785302e+05
    7.2575000000e+01    1.4972042105e+05
    7.2580000000e+01    1.7833664383e+05
    7.2585000000e+01    2.1761882166e+05
    7.2590000000e+01    2.7229032288e+05
    7.2595000000e+01    3.4977725797e+05
    7.2600000000e+01    4.6224122323e+05
    7.2605000000e+01    6.3055875571e+05
    7.2610000000e+01    8.9254186335e+05
    7.2615000000e+01    1.3208080216e+06
    7.2620000000e+01    2.0626023504e+06
    7.2625000000e+01    3.4198897562e+06
    7.2630000000e+01    5.8889876965e+06
    7.2635000000e+01    9.2099448081e+06
    7.2640000000e+01    9.7954423867e+06
    7.2645000000e+01    6.8699445511e+06
    7.2650000000e+01    4.2374696876e+06
    7.2655000000e+01    2.6883122774e+06
    7.2660000000e+01    1.8065578704e+06
    7.2665000000e+01    1.2791746965e+06
    7.2670000000e+01    9.4489523100e+05
    7.2675000000e+01    7.2214770611e+05
    7.2680000000e+01    5.6779206601e+05
    7.2685000000e+01    4.5776407582e+05
    7.2690000000e+01    3.7797807720e+05
    7.2695000000e+01    3.1986954601e+05
    7.2700000000e+01    2.7810865354e+05
    7.2705000000e+01    2.4938508397e+05
    7.2710000000e+01    2.3175758471e+05
    7.2715000000e+01    2.2433116112e+05
    7.2720000000e+01    2.2715911359e+05
    7.2725000000e+01    2.4134931040e+05
    7.2730000000e+01    2.6942984742e+05
    7.2735000000e+01    3.1614178327e+05
    7.2740000000e+01    3.9005103917e+05
    7.2745000000e+01    5.0688133395e+05
    7.2750000000e+01    6.9669114487e+05
    7.2755000000e+01    1.0198574796e+06
    7.2760000000e+01    1.6013063048e+06
    7.2765000000e+01    2.6747430847e+06
    7.2770000000e+01    4.3699736382e+06
    7.2775000000e+01    5.4013161622e+06
    7.2780000000e+01    4.2493302308e+06
    7.2785000000e+01    2.7061117805e+06
    7.2790000000e+01    1.7357073325e+06
    7.2795000000e+01    1.1868867351e+06
    7.2800000000e+01    8.6500754288e+05
    7.2805000000e+01    6.6454380140e+05
    7.2810000000e+01    5.3236259050e+05
    7.2815000000e+01    4.4076876890e+05
    7.2820000000e+01    3.7452186423e+05
    7.2825000000e+01    3.2477707785e+05
    7.2830000000e+01    2.8615453392e+05
    7.2835000000e+01    2.5524934015e+05
    7.2840000000e+01    2.2983544413e+05
    7.2845000000e+01    2.0842018165e+05
    7.2850000000e+01    1.8998448118e+05
    7.2855000000e+01    1.7382558900e+05
    7.2860000000e+01    1.5945858689e+05
    7.2865000000e+01    1.4655277729e+05
    7.2870000000e+01    1.3488937167e+05
    7.2875000000e+01    1.2433254137e+05
    7.2880000000e+01    1.1480904725e+05
    7.2885000000e+01    1.0629349158e+05
    7.2890000000e+01    9.8797322658e+04
    7.2895000000e+01    9.2360386558e+04
    7.2900000000e+01    8.7044235108e+04
    7.2905000000e+01    8.2926663921e+04
    7.2910000000e+01    8.0097126926e+04
    7.2915000000e+01    7.8652788191e+04
    7.2920000000e+01    7.8695048995e+04
    7.2925000000e+01    8.0326440907e+04
    7.2930000000e+01    8.3647812263e+04
    7.2935000000e+01    8.8755760992e+04
    7.2940000000e+01    9.5740284843e+04
    7.2945000000e+01    1.0468263271e+05
    7.2950000000e+01    1.1565334969e+05
    7.2955000000e+01    1.2871051467e+05
    7.2960000000e+01    1.4389817307e+05
    7.2965000000e+01    1.6124497032e+05
    7.2970000000e+01    1.8076299225e+05
    7.2975000000e+01    2.0244681969e+05
    7.2980000000e+01    2.2627280345e+05
    7.2985000000e+01    2.5219856545e+05
    7.2990000000e+01    2.8016272990e+05
    7.2995000000e+01    3.1008488687e+05
    7.3000000000e+01    3.4186578830e+05
    7.3005000000e+01    3.7538777440e+05
    7.3010000000e+01    4.1051542569e+05
    7.3015000000e+01    4.4709643372e+05
    7.3020000000e+01    4.8496268059e+05
    7.3025000000e+01    5.2393151531e+05
    7.3030000000e+01    5.6380721223e+05
    7.3035000000e+01    6.0438259483e+05
    7.3040000000e+01    6.4544080566e+05
    7.3045000000e+01    6.8675720176e+05
    7.3050000000e+01    7.2810135290e+05
    7.3055000000e+01    7.6923911866e+05
    7.3060000000e+01    8.0993477950e+05
    7.3065000000e+01    8.4995319601e+05
    7.3070000000e+01    8.8906197015e+05
    7.3075000000e+01    9.2703358242e+05
    7.3080000000e+01    9.6364747901e+05
    7.3085000000e+01    9.9869208363e+05
    7.3090000000e+01    1.0319667100e+06
    7.3095000000e+01    1.0632833519e+06
    7.3100000000e+01    1.0924683299e+06
    7.3105000000e+01    1.1193637750e+06
    7.3110000000e+01    1.1438289327e+06
    7.3115000000e+01    1.1657412726e+06
    7.3120000000e+01    1.1849973917e+06
    7.3125000000e+01    1.2015137026e+06
    7.3130000000e+01    1.2152268996e+06
    7.3135000000e+01    1.2260942005e+06
    7.3140000000e+01    1.2340933637e+06
    7.3145000000e+01    1.2392224832e+06
    7.3150000000e+01    1.2414995676e+06
    7.3155000000e+01    1.2409619121e+06
    7.3160000000e+01    1.2376652740e+06
    7.3165000000e+01    1.2316828673e+06
    7.3170000000e+01    1.2231041907e+06
    7.3175000000e+01    1.2120337087e+06
    7.3180000000e+01    1.1985894053e+06
    7.3185000000e+01    1.1829012311e+06
    7.3190000000e+01    1.1651094679e+06
    7.3195000000e+01    1.1453630319e+06
    7.3200000000e+01    1.1238177406e+06
    7.3205000000e+01    1.1006345674e+06
    7.3210000000e+01    1.0759779050e+06
    7.3215000000e+01    1.0500138624e+06
    7.3220000000e+01    1.0229086162e+06
    7.3225000000e+01    9.9482683622e+05
    7.3230000000e+01    9.6593020460e+05
    7.3235000000e+01    9.3637604432e+05
    7.3240000000e+01    9.0631607268e+05
    7.3245000000e+01    8.7589529139e+05
    7.3250000000e+01    8.4525102352e+05
    7.3255000000e+01    8.1451210442e+05
    7.3260000000e+01    7.8379823155e+05
    7.3265000000e+01    7.5321947520e+05
    7.3270000000e+01    7.2287594973e+05
    7.3275000000e+01    6.9285764223e+05
    7.3280000000e+01    6.6324439325e+05
    7.3285000000e+01    6.3410602182e+05
    7.3290000000e+01    6.0550258518e+05
    7.3295000000e+01    5.7748476130e+05
    7.3300000000e+01    5.5009434126e+05
    7.3305000000e+01    5.2336481659e+05
    7.3310000000e+01    4.9732204614e+05
    7.3315000000e+01    4.7198498592e+05
    7.3320000000e+01    4.4736646511e+05
    7.3325000000e+01    4.2347399117e+05
    7.3330000000e+01    4.0031056727e+05
    7.3335000000e+01    3.7787550559e+05
    7.3340000000e+01    3.5616522085e+05
    7.3345000000e+01    3.3517398955e+05
    7.3350000000e+01    3.1489466143e+05
    7.3355000000e+01    2.9531931125e+05
    7.3360000000e+01    2.7643982077e+05
    7.3365000000e+01    2.5824838236e+05
    7.3370000000e+01    2.4073791766e+05
    7.3375000000e+01    2.2390240688e+05
    7.3380000000e+01    2.0773712612e+05
    7.3385000000e+01    1.9223879212e+05
    7.3390000000e+01    1.7740561607e+05
    7.3395000000e+01    1.6323726969e+05
    7.3400000000e+01    1.4973476876e+05
    7.3405000000e+01    1.3690028097e+05
    7.3410000000e+01    1.2473686617e+05
    7.3415000000e+01    1.1324815873e+05
    7.3420000000e+01    1.0243800239e+05
    7.3425000000e+01    9.2310049104e+04
    7.3430000000e+01    8.2867333719e+04
    7.3435000000e+01    7.4111836773e+04
    7.3440000000e+01    6.6044047634e+04
    7.3445000000e+01    5.8662540069e+04
    7.3450000000e+01    5.1963571839e+04
    7.3455000000e+01    4.5940719209e+04
    7.3460000000e+01    4.0584556379e+04
    7.3465000000e+01    3.5882388721e+04
    7.3470000000e+01    3.1818047406e+04
    7.3475000000e+01    2.8371751624e+04
    7.3480000000e+01    2.5520043026e+04
    7.3485000000e+01    2.3235795406e+04
    7.3490000000e+01    2.1488300984e+04
    7.3495000000e+01    2.0243432966e+04
    7.3500000000e+01    1.9463882380e+04
    7.3505000000e+01    1.9109465601e+04
    7.3510000000e+01    1.9137497450e+04
    7.3515000000e+01    1.9503223329e+04
    7.3520000000e+01    2.0160302608e+04
    7.3525000000e+01    2.1061334376e+04
    7.3530000000e+01    2.2158415749e+04
    7.3535000000e+01    2.3403722238e+04
    7.3540000000e+01    2.4750099172e+04
    7.3545000000e+01    2.6151652921e+04
    7.3550000000e+01    2.7564330634e+04
    7.3555000000e+01    2.8946477375e+04
    7.3560000000e+01    3.0259359992e+04
    7.3565000000e+01    3.1467647657e+04
    7.3570000000e+01    3.2539839863e+04
    7.3575000000e+01    3.3448633661e+04
    7.3580000000e+01    3.4171223101e+04
    7.3585000000e+01    3.4689525159e+04
    7.3590000000e+01    3.4990327826e+04
    7.3595000000e+01    3.5065357557e+04
    7.3600000000e+01    3.4911264824e+04
    7.3605000000e+01    3.4529528071e+04
    7.3610000000e+01    3.3926277962e+04
    7.3615000000e+01    3.3112045283e+04
    7.3620000000e+01    3.2101437361e+04
    7.3625000000e+01    3.0912749146e+04
    7.3630000000e+01    2.9567516392e+04
    7.3635000000e+01    2.8090019368e+04
    7.3640000000e+01    2.6506746507e+04
    7.3645000000e+01    2.4845828061e+04
    7.3650000000e+01    2.3136450370e+04
    7.3655000000e+01    2.1408261673e+04
    7.3660000000e+01    1.9690780456e+04
    7.3665000000e+01    1.8012817250e+04
    7.3670000000e+01    1.6401920427e+04
    7.3675000000e+01    1.4883856058e+04
    7.3680000000e+01    1.3482131133e+04
    7.3685000000e+01    1.2217568577e+04
    7.3690000000e+01    1.1107941429e+04
    7.3695000000e+01    1.0167672381e+04
    7.3700000000e+01    9.4076035439e+03
    7.3705000000e+01    8.8348399580e+03
    7.3710000000e+01    8.4526689019e+03
    7.3715000000e+01    8.2605555846e+03
    7.3720000000e+01    8.2542143414e+03
    7.3725000000e+01    8.4257530020e+03
    7.3730000000e+01    8.7638867176e+03
    7.3735000000e+01    9.2542162250e+03
    7.3740000000e+01    9.8795643295e+03
    7.3745000000e+01    1.0620363322e+04
    7.3750000000e+01    1.1455085128e+04
    7.3755000000e+01    1.2360705230e+04
    7.3760000000e+01    1.3313190850e+04
    7.3765000000e+01    1.4288003476e+04
    7.3770000000e+01    1.5260605643e+04
    7.3775000000e+01    1.6206961907e+04
    7.3780000000e+01    1.7104024121e+04
    7.3785000000e+01    1.7930191560e+04
    7.3790000000e+01    1.8665737003e+04
    7.3795000000e+01    1.9293190633e+04
    7.3800000000e+01    1.9797674517e+04
    7.3805000000e+01    2.0167181469e+04
    7.3810000000e+01    2.0392793239e+04
    7.3815000000e+01    2.0468834216e+04
    7.3820000000e+01    2.0392958127e+04
    7.3825000000e+01    2.0166166565e+04
    7.3830000000e+01    1.9792759522e+04
    7.3835000000e+01    1.9280219443e+04
    7.3840000000e+01    1.8639031621e+04
    7.3845000000e+01    1.7882444979e+04
    7.3850000000e+01    1.7026178430e+04
    7.3855000000e+01    1.6088079041e+04
    7.3860000000e+01    1.5087739135e+04
    7.3865000000e+01    1.4046080213e+04
    7.3870000000e+01    1.2984912185e+04
    7.3875000000e+01    1.1926476826e+04
    7.3880000000e+01    1.0892984625e+04
    7.3885000000e+01    9.9061542594e+03
    7.3890000000e+01    8.9867638325e+03
    7.3895000000e+01    8.1542227141e+03
    7.3900000000e+01    7.4261723754e+03
    7.3905000000e+01    6.8181239953e+03
    7.3910000000e+01    6.3431398525e+03
    7.3915000000e+01    6.0115646311e+03
    7.3920000000e+01    5.8308117631e+03
    7.3925000000e+01    5.8052088370e+03
    7.3930000000e+01    5.9359049415e+03
    7.3935000000e+01    6.2208416007e+03
    7.3940000000e+01    6.6547877244e+03
    7.3945000000e+01    7.2294377680e+03
    7.3950000000e+01    7.9335710854e+03
    7.3955000000e+01    8.7532693014e+03
    7.3960000000e+01    9.6721874384e+03
    7.3965000000e+01    1.0671873531e+04
    7.3970000000e+01    1.1732130571e+04
    7.3975000000e+01    1.2831413848e+04
    7.3980000000e+01    1.3947256137e+04
    7.3985000000e+01    1.5056712672e+04
    7.3990000000e+01    1.6136817541e+04
    7.3995000000e+01    1.7165042966e+04
    7.4000000000e+01    1.8119752898e+04
    7.4005000000e+01    1.8980642555e+04
    7.4010000000e+01    1.9729155798e+04
    7.4015000000e+01    2.0348872721e+04
    7.4020000000e+01    2.0825860428e+04
    7.4025000000e+01    2.1148980659e+04
    7.4030000000e+01    2.1310148799e+04
    7.4035000000e+01    2.1304539691e+04
    7.4040000000e+01    2.1130736689e+04
    7.4045000000e+01    2.0790821429e+04
    7.4050000000e+01    2.0290402890e+04
    7.4055000000e+01    1.9638585407e+04
    7.4060000000e+01    1.8847876400e+04
    7.4065000000e+01    1.7934035634e+04
    7.4070000000e+01    1.6915868868e+04
    7.4075000000e+01    1.5814969673e+04
    7.4080000000e+01    1.4655414092e+04
    7.4085000000e+01    1.3463413595e+04
    7.4090000000e+01    1.2266932414e+04
    7.4095000000e+01    1.1095275943e+04
    7.4100000000e+01    9.9786572405e+03
    7.4105000000e+01    8.9477490251e+03
    7.4110000000e+01    8.0332286385e+03
    7.4115000000e+01    7.2653235085e+03
    7.4120000000e+01    6.6733644961e+03
    7.4125000000e+01    6.2853542669e+03
    7.4130000000e+01    6.1275574494e+03
    7.4135000000e+01    6.2241188562e+03
    7.4140000000e+01    6.5967154529e+03
    7.4145000000e+01    7.2642470832e+03
    7.4150000000e+01    8.2425702052e+03
    7.4155000000e+01    9.5442780830e+03
    7.4160000000e+01    1.1178530027e+04
    7.4165000000e+01    1.3150931391e+04
    7.4170000000e+01    1.5463465164e+04
    7.4175000000e+01    1.8114475080e+04
    7.4180000000e+01    2.1098699368e+04
    7.4185000000e+01    2.4407353382e+04
    7.4190000000e+01    2.8028258655e+04
    7.4195000000e+01    3.1946015161e+04
    7.4200000000e+01    3.6142213002e+04
    7.4205000000e+01    4.0595679168e+04
    7.4210000000e+01    4.5282754584e+04
    7.4215000000e+01    5.0177596336e+04
    7.4220000000e+01    5.5252499701e+04
    7.4225000000e+01    6.0478234493e+04
    7.4230000000e+01    6.5824390191e+04
    7.4235000000e+01    7.1259724393e+04
    7.4240000000e+01    7.6752509292e+04
    7.4245000000e+01    8.2270871131e+04
    7.4250000000e+01    8.7783117930e+04
    7.4255000000e+01    9.3258051165e+04
    7.4260000000e+01    9.8665257571e+04
    7.4265000000e+01    1.0397537774e+05
    7.4270000000e+01    1.0916034874e+05
    7.4275000000e+01    1.1419361859e+05
    7.4280000000e+01    1.1905033094e+05
    7.4285000000e+01    1.2370747906e+05
    7.4290000000e+01    1.2814402861e+05
    7.4295000000e+01    1.3234100946e+05
    7.4300000000e+01    1.3628157711e+05
    7.4305000000e+01    1.3995104508e+05
    7.4310000000e+01    1.4333688965e+05
    7.4315000000e+01    1.4642872917e+05
    7.4320000000e+01    1.4921828019e+05
    7.4325000000e+01    1.5169929295e+05
    7.4330000000e+01    1.5386746905e+05
    7.4335000000e+01    1.5572036433e+05
    7.4340000000e+01    1.5725727967e+05
    7.4345000000e+01    1.5847914291e+05
    7.4350000000e+01    1.5938838466e+05
    7.4355000000e+01    1.5998881073e+05
    7.4360000000e+01    1.6028547385e+05
    7.4365000000e+01    1.6028454696e+05
    7.4370000000e+01    1.5999320019e+05
    7.4375000000e+01    1.5941948328e+05
    7.4380000000e+01    1.5857221505e+05
    7.4385000000e+01    1.5746088090e+05
    7.4390000000e+01    1.5609553930e+05
    7.4395000000e+01    1.5448673771e+05
    7.4400000000e+01    1.5264543813e+05
    7.4405000000e+01    1.5058295217e+05
    7.4410000000e+01    1.4831088519e+05
    7.4415000000e+01    1.4584108895e+05
    7.4420000000e+01    1.4318562195e+05
    7.4425000000e+01    1.4035671624e+05
    7.4430000000e+01    1.3736674990e+05
    7.4435000000e+01    1.3422822363e+05
    7.4440000000e+01    1.3095374041e+05
    7.4445000000e+01    1.2755598680e+05
    7.4450000000e+01    1.2404771476e+05
    7.4455000000e+01    1.2044172282e+05
    7.4460000000e+01    1.1675083539e+05
    7.4465000000e+01    1.1298787965e+05
    7.4470000000e+01    1.0916565883e+05
    7.4475000000e+01    1.0529692179e+05
    7.4480000000e+01    1.0139432813e+05
    7.4485000000e+01    9.7470409010e+04
    7.4490000000e+01    9.3537523518e+04
    7.4495000000e+01    8.9607810943e+04
    7.4500000000e+01    8.5693139411e+04
    7.4505000000e+01    8.1805051486e+04
    7.4510000000e+01    7.7954707549e+04
    7.4515000000e+01    7.4152827874e+04
    7.4520000000e+01    7.0409634446e+04
    7.4525000000e+01    6.6734793630e+04
    7.4530000000e+01    6.3137360846e+04
    7.4535000000e+01    5.9625728432e+04
    7.4540000000e+01    5.6207577836e+04
    7.4545000000e+01    5.2889837249e+04
    7.4550000000e+01    4.9678645687e+04
    7.4555000000e+01    4.6579324428e+04
    7.4560000000e+01    4.3596356587e+04
    7.4565000000e+01    4.0733375424e+04
    7.4570000000e+01    3.7993161829e+04
    7.4575000000e+01    3.5377651245e+04
    7.4580000000e+01    3.2887950051e+04
    7.4585000000e+01    3.0524361292e+04
    7.4590000000e+01    2.8286419389e+04
    7.4595000000e+01    2.6172933296e+04
    7.4600000000e+01    2.4182037397e+04
    7.4605000000e+01    2.2311249254e+04
    7.4610000000e+01    2.0557533199e+04
    7.4615000000e+01    1.8917368601e+04
    7.4620000000e+01    1.7386821610e+04
    7.4625000000e+01    1.5961619037e+04
    7.4630000000e+01    1.4637223061e+04
    7.4635000000e+01    1.3408905406e+04
    7.4640000000e+01    1.2271819682e+04
    7.4645000000e+01    1.1221070605e+04
    7.4650000000e+01    1.0251778955e+04
    7.4655000000e+01    9.3591411661e+03
    7.4660000000e+01    8.5384826336e+03
    7.4665000000e+01    7.7853039549e+03
    7.4670000000e+01    7.0953194836e+03
    7.4675000000e+01    6.4644877721e+03
    7.4680000000e+01    5.8890336595e+03
    7.4685000000e+01    5.3654619568e+03
    7.4690000000e+01    4.8905628712e+03
    7.4695000000e+01    4.4614095005e+03
    7.4700000000e+01    4.0753478993e+03
    7.4705000000e+01    3.7299803831e+03
    7.4710000000e+01    3.4231428795e+03
    7.4715000000e+01    3.1528772546e+03
    7.4720000000e+01    2.9173996432e+03
    7.4725000000e+01    2.7150658836e+03
    7.4730000000e+01    2.5443351980e+03
    7.4735000000e+01    2.4037332812e+03
    7.4740000000e+01    2.2918159428e+03
    7.4745000000e+01    2.2071344086e+03
    7.4750000000e+01    2.1482033234e+03
    7.4755000000e+01    2.1134723992e+03
    7.4760000000e+01    2.1013025432e+03
    7.4765000000e+01    2.1099471651e+03
    7.4770000000e+01    2.1375392115e+03
    7.4775000000e+01    2.1820843158e+03
    7.4780000000e+01    2.2414602795e+03
    7.4785000000e+01    2.3134229292e+03
    7.4790000000e+01    2.3956182159e+03
    7.4795000000e+01    2.4856002581e+03
    7.4800000000e+01    2.5808548659e+03
    7.4805000000e+01    2.6788279367e+03
    7.4810000000e+01    2.7769579813e+03
    7.4815000000e+01    2.8727119244e+03
    7.4820000000e+01    2.9636232344e+03
    7.4825000000e+01    3.0473313686e+03
    7.4830000000e+01    3.1216214800e+03
    7.4835000000e+01    3.1844633147e+03
    7.4840000000e+01    3.2340482426e+03
    7.4845000000e+01    3.2688234011e+03
    7.4850000000e+01    3.2875219944e+03
    7.4855000000e+01    3.2891888805e+03
    7.4860000000e+01    3.2732006833e+03
    7.4865000000e+01    3.2392797991e+03
    7.4870000000e+01    3.1875018066e+03
    7.4875000000e+01    3.1182959501e+03
    7.4880000000e+01    3.0324385251e+03
    7.4885000000e+01    2.9310391694e+03
    7.4890000000e+01    2.8155202307e+03
    7.4895000000e+01    2.6875895483e+03
    7.4900000000e+01    2.5492071456e+03
    7.4905000000e+01    2.4025464788e+03
    7.4910000000e+01    2.2499510192e+03
    7.4915000000e+01    2.0938870617e+03
    7.4920000000e+01    1.9368937483e+03
    7.4925000000e+01    1.7815313651e+03
    7.4930000000e+01    1.6303290190e+03
    7.4935000000e+01    1.4857328233e+03
    7.4940000000e+01    1.3500557138e+03
    7.4945000000e+01    1.2254299904e+03
    7.4950000000e+01    1.1137636180e+03
    7.4955000000e+01    1.0167012460e+03
    7.4960000000e+01    9.3559079813e+02
    7.4965000000e+01    8.7145636693e+02
    7.4970000000e+01    8.2497800520e+02
    7.4975000000e+01    7.9647885527e+02
    7.4980000000e+01    7.8591989414e+02
    7.4985000000e+01    7.9290240323e+02
    7.4990000000e+01    8.1667809973e+02
    7.4995000000e+01    8.5616669631e+02
    7.5000000000e+01    9.0998049147e+02
    7.5005000000e+01    9.7645543644e+02
    7.5010000000e+01    1.0536879825e+03
    7.5015000000e+01    1.1395768846e+03
    7.5020000000e+01    1.2318690303e+03
    7.5025000000e+01    1.3282082743e+03
    7.5030000000e+01    1.4261861978e+03
    7.5035000000e+01    1.5233936698e+03
    7.5040000000e+01    1.6174720772e+03
    7.5045000000e+01    1.7061630994e+03
    7.5050000000e+01    1.7873559425e+03
    7.5055000000e+01    1.8591310098e+03
    7.5060000000e+01    1.9197990684e+03
    7.5065000000e+01    1.9679350786e+03
    7.5070000000e+01    2.0024059773e+03
    7.5075000000e+01    2.0223918413e+03
    7.5080000000e+01    2.0274000159e+03
    7.5085000000e+01    2.0172719444e+03
    7.5090000000e+01    1.9921826095e+03
    7.5095000000e+01    1.9526326546e+03
    7.5100000000e+01    1.8994334239e+03
    7.5105000000e+01    1.8336853138e+03
    7.5110000000e+01    1.7567499766e+03
    7.5115000000e+01    1.6702170515e+03
    7.5120000000e+01    1.5758662177e+03
    7.5125000000e+01    1.4756254611e+03
    7.5130000000e+01    1.3715265257e+03
    7.5135000000e+01    1.2656585779e+03
    7.5140000000e+01    1.1601211400e+03
    7.5145000000e+01    1.0569773614e+03
    7.5150000000e+01    9.5820867391e+02
    7.5155000000e+01    8.6567184203e+02
    7.5160000000e+01    7.8105935099e+02
    7.5165000000e+01    7.0586399319e+02
    7.5170000000e+01    6.4134840920e+02
    7.5175000000e+01    5.8852021880e+02
    7.5180000000e+01    5.4811324385e+02
    7.5185000000e+01    5.2057518031e+02
    7.5190000000e+01    5.0606192491e+02
    7.5195000000e+01    5.0443860709e+02
    7.5200000000e+01    5.1528722202e+02
    7.5205000000e+01    5.3792060887e+02
    7.5210000000e+01    5.7140237498e+02
    7.5215000000e+01    6.1457223252e+02
    7.5220000000e+01    6.6607609471e+02
    7.5225000000e+01    7.2440017438e+02
    7.5230000000e+01    7.8790824285e+02
    7.5235000000e+01    8.5488114190e+02
    7.5240000000e+01    9.2355759878e+02
    7.5245000000e+01    9.9217537346e+02
    7.5250000000e+01    1.0590117701e+03
    7.5255000000e+01    1.1224225699e+03
    7.5260000000e+01    1.1808784890e+03
    7.5265000000e+01    1.2329983351e+03
    7.5270000000e+01    1.2775781198e+03
    7.5275000000e+01    1.3136154914e+03
    7.5280000000e+01    1.3403289683e+03
    7.5285000000e+01    1.3571715828e+03
    7.5290000000e+01    1.3638386841e+03
    7.5295000000e+01    1.3602697899e+03
    7.5300000000e+01    1.3466445212e+03
    7.5305000000e+01    1.3233727975e+03
    7.5310000000e+01    1.2910796046e+03
    7.5315000000e+01    1.2505847780e+03
    7.5320000000e+01    1.2028783584e+03
    7.5325000000e+01    1.1490921830e+03
    7.5330000000e+01    1.0904684574e+03
    7.5335000000e+01    1.0283261230e+03
    7.5340000000e+01    9.6402588261e+02
    7.5345000000e+01    8.9893477018e+02
    7.5350000000e+01    8.3439115796e+02
    7.5355000000e+01    7.7167107558e+02
    7.5360000000e+01    7.1195667726e+02
    7.5365000000e+01    6.5630763488e+02
    7.5370000000e+01    6.0563615726e+02
    7.5375000000e+01    5.6068624182e+02
    7.5380000000e+01    5.2201765601e+02
    7.5385000000e+01    4.8999502600e+02
    7.5390000000e+01    4.6478228027e+02
    7.5395000000e+01    4.4634256114e+02
    7.5400000000e+01    4.3444357976e+02
    7.5405000000e+01    4.2866825355e+02
    7.5410000000e+01    4.2843033243e+02
    7.5415000000e+01    4.3299459561e+02
    7.5420000000e+01    4.4150108565e+02
    7.5425000000e+01    4.5299274518e+02
    7.5430000000e+01    4.6644573559e+02
    7.5435000000e+01    4.8080164908e+02
    7.5440000000e+01    4.9500077601e+02
    7.5445000000e+01    5.0801556154e+02
    7.5450000000e+01    5.1888337796e+02
    7.5455000000e+01    5.2673775357e+02
    7.5460000000e+01    5.3083723406e+02
    7.5465000000e+01    5.3059110800e+02
    7.5470000000e+01    5.2558130262e+02
    7.5475000000e+01    5.1557984769e+02
    7.5480000000e+01    5.0056141230e+02
    7.5485000000e+01    4.8071053860e+02
    7.5490000000e+01    4.5642332571e+02
    7.5495000000e+01    4.2830345261e+02
    7.5500000000e+01    3.9715256800e+02
    7.5505000000e+01    3.6395521437e+02
    7.5510000000e+01    3.2985858946e+02
    7.5515000000e+01    2.9614757767e+02
    7.5520000000e+01    2.6421560414e+02
    7.5525000000e+01    2.3553197128e+02
    7.5530000000e+01    2.1160643000e+02
    7.5535000000e+01    1.9395181276e+02
    7.5540000000e+01    1.8404561127e+02
    7.5545000000e+01    1.8329141644e+02
    7.5550000000e+01    1.9298115214e+02
    7.5555000000e+01    2.1425902521e+02
    7.5560000000e+01    2.4808808411e+02
    7.5565000000e+01    2.9522022664e+02
    7.5570000000e+01    3.5617042508e+02
    7.5575000000e+01    4.3119584673e+02
    7.5580000000e+01    5.2028044003e+02
    7.5585000000e+01    6.2312543561e+02
    7.5590000000e+01    7.3914607804e+02
    7.5595000000e+01    8.6747476302e+02
    7.5600000000e+01    1.0069706081e+03
    7.5605000000e+01    1.1562353364e+03
    7.5610000000e+01    1.3136352066e+03
    7.5615000000e+01    1.4773285799e+03
    7.5620000000e+01    1.6452985813e+03
    7.5625000000e+01    1.8153901921e+03
    7.5630000000e+01    1.9853509999e+03
    7.5635000000e+01    2.1528747440e+03
    7.5640000000e+01    2.3156467225e+03
    7.5645000000e+01    2.4713900730e+03
    7.5650000000e+01    2.6179119157e+03
    7.5655000000e+01    2.7531483354e+03
    7.5660000000e+01    2.8752072013e+03
    7.5665000000e+01    2.9824078601e+03
    7.5670000000e+01    3.0733168016e+03
    7.5675000000e+01    3.1467784777e+03
    7.5680000000e+01    3.2019405593e+03
    7.5685000000e+01    3.2382730316e+03
    7.5690000000e+01    3.2555806630e+03
    7.5695000000e+01    3.2540085263e+03
    7.5700000000e+01    3.2340404024e+03
    7.5705000000e+01    3.1964900534e+03
    7.5710000000e+01    3.1424855097e+03
    7.5715000000e+01    3.0734466721e+03
    7.5720000000e+01    2.9910566762e+03
    7.5725000000e+01    2.8972276101e+03
    7.5730000000e+01    2.7940613010e+03
    7.5735000000e+01    2.6838059990e+03
    7.5740000000e+01    2.5688098822e+03
    7.5745000000e+01    2.4514723773e+03
    7.5750000000e+01    2.3341943458e+03
    7.5755000000e+01    2.2193282122e+03
    7.5760000000e+01    2.1091291165e+03
    7.5765000000e+01    2.0057081533e+03
    7.5770000000e+01    1.9109887187e+03
    7.5775000000e+01    1.8266669196e+03
    7.5780000000e+01    1.7541769118e+03
    7.5785000000e+01    1.6946619308e+03
    7.5790000000e+01    1.6489516500e+03
    7.5795000000e+01    1.6175463692e+03
    7.5800000000e+01    1.6006083814e+03
    7.5805000000e+01    1.5979607118e+03
    7.5810000000e+01    1.6090932601e+03
    7.5815000000e+01    1.6331762128e+03
    7.5820000000e+01    1.6690804340e+03
    7.5825000000e+01    1.7154043870e+03
    7.5830000000e+01    1.7705069956e+03
    7.5835000000e+01    1.8325457218e+03
    7.5840000000e+01    1.8995190222e+03
    7.5845000000e+01    1.9693122454e+03
    7.5850000000e+01    2.0397459596e+03
    7.5855000000e+01    2.1086256423e+03
    7.5860000000e+01    2.1737916346e+03
    7.5865000000e+01    2.2331682568e+03
    7.5870000000e+01    2.2848109999e+03
    7.5875000000e+01    2.3269507478e+03
    7.5880000000e+01    2.3580340547e+03
    7.5885000000e+01    2.3767585850e+03
    7.5890000000e+01    2.3821029319e+03
    7.5895000000e+01    2.3733501569e+03
    7.5900000000e+01    2.3501045279e+03
    7.5905000000e+01    2.3123010871e+03
    7.5910000000e+01    2.2602078381e+03
    7.5915000000e+01    2.1944205051e+03
    7.5920000000e+01    2.1158499809e+03
    7.5925000000e+01    2.0257027446e+03
    7.5930000000e+01    1.9254546844e+03
    7.5935000000e+01    1.8168189062e+03
    7.5940000000e+01    1.7017082443e+03
    7.5945000000e+01    1.5821933073e+03
    7.5950000000e+01    1.4604569880e+03
    7.5955000000e+01    1.3387464504e+03
    7.5960000000e+01    1.2193236566e+03
    7.5965000000e+01    1.1044155317e+03
    7.5970000000e+01    9.9616487309e+02
    7.5975000000e+01    8.9658309026e+02
    7.5980000000e+01    8.0750582426e+02
    7.5985000000e+01    7.3055242873e+02
    7.5990000000e+01    6.6709020969e+02
    7.5995000000e+01    6.1820421498e+02
    7.6000000000e+01    5.8467324076e+02
    7.6005000000e+01    5.6695258420e+02
    7.6010000000e+01    5.6516392165e+02
    7.6015000000e+01    5.7909253329e+02
    7.6020000000e+01    6.0819193218e+02
    7.6025000000e+01    6.5159579148e+02
    7.6030000000e+01    7.0813690171e+02
    7.6035000000e+01    7.7637273447e+02
    7.6040000000e+01    8.5461704269e+02
    7.6045000000e+01    9.4097679424e+02
    7.6050000000e+01    1.0333936181e+03
    7.6055000000e+01    1.1296888432e+03
    7.6060000000e+01    1.2276111303e+03
    7.6065000000e+01    1.3248856434e+03
    7.6070000000e+01    1.4192636699e+03
    7.6075000000e+01    1.5085715947e+03
    7.6080000000e+01    1.5907581457e+03
    7.6085000000e+01    1.6639388691e+03
    7.6090000000e+01    1.7264368553e+03
    7.6095000000e+01    1.7768188214e+03
    7.6100000000e+01    1.8139257585e+03
    7.6105000000e+01    1.8368974766e+03
    7.6110000000e+01    1.8451905126e+03
    7.6115000000e+01    1.8385890186e+03
    7.6120000000e+01    1.8172084009e+03
    7.6125000000e+01    1.7814916430e+03
    7.6130000000e+01    1.7321984080e+03
    7.6135000000e+01    1.6703871752e+03
    7.6140000000e+01    1.5973908215e+03
    7.6145000000e+01    1.5147861998e+03
    7.6150000000e+01    1.4243584034e+03
    7.6155000000e+01    1.3280605179e+03
    7.6160000000e+01    1.2279697634e+03
    7.6165000000e+01    1.1262410075e+03
    7.6170000000e+01    1.0250586859e+03
    7.6175000000e+01    9.2658820174e+02
    7.6180000000e+01    8.3292788279e+02
    7.6185000000e+01    7.4606256294e+02
    7.6190000000e+01    6.6781981475e+02
    7.6195000000e+01    5.9982979939e+02
    7.6200000000e+01    5.4348961823e+02
    7.6205000000e+01    4.9993294753e+02
    7.6210000000e+01    4.7000561950e+02
    7.6215000000e+01    4.5424767865e+02
    7.6220000000e+01    4.5288229733e+02
    7.6225000000e+01    4.6581178088e+02
    7.6230000000e+01    4.9262073451e+02
    7.6235000000e+01    5.3258630412e+02
    7.6240000000e+01    5.8469524624e+02
    7.6245000000e+01    6.4766743027e+02
    7.6250000000e+01    7.1998523395e+02
    7.6255000000e+01    7.9992816259e+02
    7.6260000000e+01    8.8561190765e+02
    7.6265000000e+01    9.7503096284e+02
    7.6270000000e+01    1.0661038384e+03
    7.6275000000e+01    1.1567198587e+03
    7.6280000000e+01    1.2447864934e+03
    7.6285000000e+01    1.3282761663e+03
    7.6290000000e+01    1.4052714949e+03
    7.6295000000e+01    1.4740079550e+03
    7.6300000000e+01    1.5329130225e+03
    7.6305000000e+01    1.5806409244e+03
    7.6310000000e+01    1.6161022328e+03
    7.6315000000e+01    1.6384876499e+03
    7.6320000000e+01    1.6472854653e+03
    7.6325000000e+01    1.6422923078e+03
    7.6330000000e+01    1.6236169642e+03
    7.6335000000e+01    1.5916771951e+03
    7.6340000000e+01    1.5471896308e+03
    7.6345000000e+01    1.4911529883e+03
    7.6350000000e+01    1.4248249961e+03
    7.6355000000e+01    1.3496935568e+03
    7.6360000000e+01    1.2674428013e+03
    7.6365000000e+01    1.1799148052e+03
    7.6370000000e+01    1.0890678309e+03
    7.6375000000e+01    9.9693203682e+02
    7.6380000000e+01    9.0556364835e+02
    7.6385000000e+01    8.1699862030e+02
    7.6390000000e+01    7.3320682808e+02
    7.6395000000e+01    6.5604781273e+02
    7.6400000000e+01    5.8722906808e+02
    7.6405000000e+01    5.2826780038e+02
    7.6410000000e+01    4.8045701157e+02
    7.6415000000e+01    4.4483665968e+02
    7.6420000000e+01    4.2217053553e+02
    7.6425000000e+01    4.1292936629e+02
    7.6430000000e+01    4.1728051689e+02
    7.6435000000e+01    4.3508451255e+02
    7.6440000000e+01    4.6589845329e+02
    7.6445000000e+01    5.0898623745e+02
    7.6450000000e+01    5.6333535953e+02
    7.6455000000e+01    6.2767990157e+02
    7.6460000000e+01    7.0052919953e+02
    7.6465000000e+01    7.8020154060e+02
    7.6470000000e+01    8.6486213575e+02
    7.6475000000e+01    9.5256451797e+02
    7.6480000000e+01    1.0412944410e+03
    7.6485000000e+01    1.1290152990e+03
    7.6490000000e+01    1.2137140552e+03
    7.6495000000e+01    1.2934466557e+03
    7.6500000000e+01    1.3663819209e+03
    7.6505000000e+01    1.4308429366e+03
    7.6510000000e+01    1.4853450289e+03
    7.6515000000e+01    1.5286294795e+03
    7.6520000000e+01    1.5596922357e+03
    7.6525000000e+01    1.5778069811e+03
    7.6530000000e+01    1.5825420570e+03
    7.6535000000e+01    1.5737708639e+03
    7.6540000000e+01    1.5516755134e+03
    7.6545000000e+01    1.5167436553e+03
    7.6550000000e+01    1.4697585505e+03
    7.6555000000e+01    1.4117826135e+03
    7.6560000000e+01    1.3441347899e+03
    7.6565000000e+01    1.2683622697e+03
    7.6570000000e+01    1.1862071643e+03
    7.6575000000e+01    1.0995688805e+03
    7.6580000000e+01    1.0104630227e+03
    7.6585000000e+01    9.2097772771e+02
    7.6590000000e+01    8.3322839114e+02
    7.6595000000e+01    7.4931177947e+02
    7.6600000000e+01    6.7126053251e+02
    7.6605000000e+01    6.0099905083e+02
    7.6610000000e+01    5.4030173045e+02
    7.6615000000e+01    4.9075445334e+02
    7.6620000000e+01    4.5372016903e+02
    7.6625000000e+01    4.3030931088e+02
    7.6630000000e+01    4.2135568283e+02
    7.6635000000e+01    4.2739833090e+02
    7.6640000000e+01    4.4866978134e+02
    7.6645000000e+01    4.8509088661e+02
    7.6650000000e+01    5.3627237513e+02
    7.6655000000e+01    6.0152305359e+02
    7.6660000000e+01    6.7986446498e+02
    7.6665000000e+01    7.7005166505e+02
    7.6670000000e+01    8.7059964665e+02
    7.6675000000e+01    9.7981481982e+02
    7.6680000000e+01    1.0958308465e+03
    7.6685000000e+01    1.2166480361e+03
    7.6690000000e+01    1.3401754334e+03
    7.6695000000e+01    1.4642746745e+03
    7.6700000000e+01    1.5868046505e+03
    7.6705000000e+01    1.7056660072e+03
    7.6710000000e+01    1.8188445148e+03
    7.6715000000e+01    1.9244523703e+03
    7.6720000000e+01    2.0207665467e+03
    7.6725000000e+01    2.1062633697e+03
    7.6730000000e+01    2.1796485917e+03
    7.6735000000e+01    2.2398823310e+03
    7.6740000000e+01    2.2861983651e+03
    7.6745000000e+01    2.3181173895e+03
    7.6750000000e+01    2.3354539896e+03
    7.6755000000e+01    2.3383172115e+03
    7.6760000000e+01    2.3271047622e+03
    7.6765000000e+01    2.3024910045e+03
    7.6770000000e+01    2.2654090523e+03
    7.6775000000e+01    2.2170273978e+03
    7.6780000000e+01    2.1587216201e+03
    7.6785000000e+01    2.0920418329e+03
    7.6790000000e+01    2.0186766142e+03
    7.6795000000e+01    1.9404142402e+03
    7.6800000000e+01    1.8591020958e+03
    7.6805000000e+01    1.7766051713e+03
    7.6810000000e+01    1.6947645711e+03
    7.6815000000e+01    1.6153569495e+03
    7.6820000000e+01    1.5400557707e+03
    7.6825000000e+01    1.4703952352e+03
    7.6830000000e+01    1.4077376578e+03
    7.6835000000e+01    1.3532449976e+03
    7.6840000000e+01    1.3078551433e+03
    7.6845000000e+01    1.2722634505e+03
    7.6850000000e+01    1.2469099042e+03
    7.6855000000e+01    1.2319721554e+03
    7.6860000000e+01    1.2273645454e+03
    7.6865000000e+01    1.2327430992e+03
    7.6870000000e+01    1.2475163343e+03
    7.6875000000e+01    1.2708616038e+03
    7.6880000000e+01    1.3017465695e+03
    7.6885000000e+01    1.3389552879e+03
    7.6890000000e+01    1.3811182932e+03
    7.6895000000e+01    1.4267459729e+03
    7.6900000000e+01    1.4742644643e+03
    7.6905000000e+01    1.5220532463e+03
    7.6910000000e+01    1.5684835676e+03
    7.6915000000e+01    1.6119568381e+03
    7.6920000000e+01    1.6509421178e+03
    7.6925000000e+01    1.6840118581e+03
    7.6930000000e+01    1.7098750993e+03
    7.6935000000e+01    1.7274073852e+03
    7.6940000000e+01    1.7356767357e+03
    7.6945000000e+01    1.7339651088e+03
    7.6950000000e+01    1.7217848893e+03
    7.6955000000e+01    1.6988900545e+03
    7.6960000000e+01    1.6652817883e+03
    7.6965000000e+01    1.6212084438e+03
    7.6970000000e+01    1.5671598779e+03
    7.6975000000e+01    1.5038563121e+03
    7.6980000000e+01    1.4322319950e+03
    7.6985000000e+01    1.3534140549e+03
    7.6990000000e+01    1.2686970433e+03
    7.6995000000e+01    1.1795137590e+03
    7.7000000000e+01    1.0874030272e+03
    7.7005000000e+01    9.9397517291e+02
    7.7010000000e+01    9.0087597611e+02
    7.7015000000e+01    8.0974992730e+02
    7.7020000000e+01    7.2220361435e+02
    7.7025000000e+01    6.3977006526e+02
    7.7030000000e+01    5.6387484605e+02
    7.7035000000e+01    4.9580467067e+02
    7.7040000000e+01    4.3667921987e+02
    7.7045000000e+01    3.8742679083e+02
    7.7050000000e+01    3.4876431100e+02
    7.7055000000e+01    3.2118214878e+02
    7.7060000000e+01    3.0493404432e+02
    7.7065000000e+01    3.0003236714e+02
    7.7070000000e+01    3.0624878657e+02
    7.7075000000e+01    3.2312031903e+02
    7.7080000000e+01    3.4996059539e+02
    7.7085000000e+01    3.8587607470e+02
    7.7090000000e+01    4.2978682093e+02
    7.7095000000e+01    4.8045135765e+02
    7.7100000000e+01    5.3649502655e+02
    7.7105000000e+01    5.9644119865e+02
    7.7110000000e+01    6.5874462593e+02
    7.7115000000e+01    7.2182617573e+02
    7.7120000000e+01    7.8410816223e+02
    7.7125000000e+01    8.4404947918e+02
    7.7130000000e+01    9.0017974558e+02
    7.7135000000e+01    9.5113170165e+02
    7.7140000000e+01    9.9567113473e+02
    7.7145000000e+01    1.0327236732e+03
    7.7150000000e+01    1.0613978596e+03
    7.7155000000e+01    1.0810040012e+03
    7.7160000000e+01    1.0910683904e+03
    7.7165000000e+01    1.0913425982e+03
    7.7170000000e+01    1.0818076500e+03
    7.7175000000e+01    1.0626730146e+03
    7.7180000000e+01    1.0343704496e+03
    7.7185000000e+01    9.9754286560e+02
    7.7190000000e+01    9.5302848055e+02
    7.7195000000e+01    9.0184064240e+02
    7.7200000000e+01    8.4514379248e+02
    7.7205000000e+01    7.8422612855e+02
    7.7210000000e+01    7.2046959764e+02
    7.7215000000e+01    6.5531790678e+02
    7.7220000000e+01    5.9024328140e+02
    7.7225000000e+01    5.2671272685e+02
    7.7230000000e+01    4.6615455614e+02
    7.7235000000e+01    4.0992593867e+02
    7.7240000000e+01    3.5928219803e+02
    7.7245000000e+01    3.1534854520e+02
    7.7250000000e+01    2.7909487568e+02
    7.7255000000e+01    2.5131418754e+02
    7.7260000000e+01    2.3260509362e+02
    7.7265000000e+01    2.2335880714e+02
    7.7270000000e+01    2.2375087722e+02
    7.7275000000e+01    2.3373784313e+02
    7.7280000000e+01    2.5305886418e+02
    7.7285000000e+01    2.8124226983e+02
    7.7290000000e+01    3.1761686373e+02
    7.7295000000e+01    3.6132770893e+02
    7.7300000000e+01    4.1135602132e+02
    7.7305000000e+01    4.6654270686e+02
    7.7310000000e+01    5.2561499806e+02
    7.7315000000e+01    5.8721557673e+02
    7.7320000000e+01    6.4993351658e+02
    7.7325000000e+01    7.1233634006e+02
    7.7330000000e+01    7.7300246182e+02
    7.7335000000e+01    8.3055328434e+02
    7.7340000000e+01    8.8368422219e+02
    7.7345000000e+01    9.3119395798e+02
    7.7350000000e+01    9.7201127500e+02
    7.7355000000e+01    1.0052188690e+03
    7.7360000000e+01    1.0300736116e+03
    7.7365000000e+01    1.0460228192e+03
    7.7370000000e+01    1.0527161731e+03
    7.7375000000e+01    1.0500130374e+03
    7.7380000000e+01    1.0379850219e+03
    7.7385000000e+01    1.0169137500e+03
    7.7390000000e+01    9.8728389563e+02
    7.7395000000e+01    9.4977166251e+02
    7.7400000000e+01    9.0522897949e+02
    7.7405000000e+01    8.5466378234e+02
    7.7410000000e+01    7.9921683899e+02
    7.7415000000e+01    7.4013565173e+02
    7.7420000000e+01    6.7874603398e+02
    7.7425000000e+01    6.1642200958e+02
    7.7430000000e+01    5.5455471859e+02
    7.7435000000e+01    4.9452103311e+02
    7.7440000000e+01    4.3765259160e+02
    7.7445000000e+01    3.8520594773e+02
    7.7450000000e+01    3.3833450295e+02
    7.7455000000e+01    2.9806284916e+02
    7.7460000000e+01    2.6526409184e+02
    7.7465000000e+01    2.4064065474e+02
    7.7470000000e+01    2.2470898738e+02
    7.7475000000e+01    2.1778850695e+02
    7.7480000000e+01    2.1999501030e+02
    7.7485000000e+01    2.3123868954e+02
    7.7490000000e+01    2.5122678135e+02
    7.7495000000e+01    2.7947077502e+02
    7.7500000000e+01    3.1529800225e+02
    7.7505000000e+01    3.5786733343e+02
    7.7510000000e+01    4.0618861361e+02
    7.7515000000e+01    4.5914538826e+02
    7.7520000000e+01    5.1552039657e+02
    7.7525000000e+01    5.7402324922e+02
    7.7530000000e+01    6.3331966030e+02
    7.7535000000e+01    6.9206157047e+02
    7.7540000000e+01    7.4891748017e+02
    7.7545000000e+01    8.0260230964e+02
    7.7550000000e+01    8.5190611514e+02
    7.7555000000e+01    8.9572101913e+02
    7.7560000000e+01    9.3306575425e+02
    7.7565000000e+01    9.6310727694e+02
    7.7570000000e+01    9.8517897423e+02
    7.7575000000e+01    9.9879506588e+02
    7.7580000000e+01    1.0036608906e+03
    7.7585000000e+01    9.9967885957e+02
    7.7590000000e+01    9.8694995787e+02
    7.7595000000e+01    9.6577077642e+02
    7.7600000000e+01    9.3662615638e+02
    7.7605000000e+01    9.0017762754e+02
    7.7610000000e+01    8.5724791592e+02
    7.7615000000e+01    8.0880188355e+02
    7.7620000000e+01    7.5592434226e+02
    7.7625000000e+01    6.9979525269e+02
    7.7630000000e+01    6.4166287619e+02
    7.7635000000e+01    5.8281549197e+02
    7.7640000000e+01    5.2455232172e+02
    7.7645000000e+01    4.6815431938e+02
    7.7650000000e+01    4.1485548470e+02
    7.7655000000e+01    3.6581534477e+02
    7.7660000000e+01    3.2209321908e+02
    7.7665000000e+01    2.8462484115e+02
    7.7670000000e+01    2.5420185457e+02
    7.7675000000e+01    2.3145463442e+02
    7.7680000000e+01    2.1683880830e+02
    7.7685000000e+01    2.1062576625e+02
    7.7690000000e+01    2.1289735792e+02
    7.7695000000e+01    2.2354487957e+02
    7.7700000000e+01    2.4227235661e+02
    7.7705000000e+01    2.6860403005e+02
    7.7710000000e+01    3.0189586057e+02
    7.7715000000e+01    3.4135077383e+02
    7.7720000000e+01    3.8603728702e+02
    7.7725000000e+01    4.3491108145e+02
    7.7730000000e+01    4.8683902114e+02
    7.7735000000e+01    5.4062506363e+02
    7.7740000000e+01    5.9503746869e+02
    7.7745000000e+01    6.4883668326e+02
    7.7750000000e+01    7.0080326822e+02
    7.7755000000e+01    7.4976523376e+02
    7.7760000000e+01    7.9462416618e+02
    7.7765000000e+01    8.3437955848e+02
    7.7770000000e+01    8.6815080026e+02
    7.7775000000e+01    8.9519633757e+02
    7.7780000000e+01    9.1492957941e+02
    7.7785000000e+01    9.2693120322e+02
    7.7790000000e+01    9.3095759481e+02
    7.7795000000e+01    9.2694524710e+02
    7.7800000000e+01    9.1501103469e+02
    7.7805000000e+01    8.9544837545e+02
    7.7810000000e+01    8.6871938418e+02
    7.7815000000e+01    8.3544321407e+02
    7.7820000000e+01    7.9638086836e+02
    7.7825000000e+01    7.5241684381e+02
    7.7830000000e+01    7.0453803914e+02
    7.7835000000e+01    6.5381042213e+02
    7.7840000000e+01    6.0135399930e+02
    7.7845000000e+01    5.4831666864e+02
    7.7850000000e+01    4.9584756005e+02
    7.7855000000e+01    4.4507047776e+02
    7.7860000000e+01    3.9705805514e+02
    7.7865000000e+01    3.5280721396e+02
    7.7870000000e+01    3.1321648894e+02
    7.7875000000e+01    2.7906573401e+02
    7.7880000000e+01    2.5099867071e+02
    7.7885000000e+01    2.2950867311e+02
    7.7890000000e+01    2.1492810792e+02
    7.7895000000e+01    2.0742146679e+02
    7.7900000000e+01    2.0698243949e+02
    7.7905000000e+01    2.1343498640e+02
    7.7910000000e+01    2.2643837645e+02
    7.7915000000e+01    2.4549606565e+02
    7.7920000000e+01    2.6996820323e+02
    7.7925000000e+01    2.9908746940e+02
    7.7930000000e+01    3.3197787250e+02
    7.7935000000e+01    3.6767606580e+02
    7.7940000000e+01    4.0515468664e+02
    7.7945000000e+01    4.4334717476e+02
    7.7950000000e+01    4.8117349298e+02
    7.7955000000e+01    5.1756615324e+02
    7.7960000000e+01    5.5149594417e+02
    7.7965000000e+01    5.8199676373e+02
    7.7970000000e+01    6.0818898099e+02
    7.7975000000e+01    6.2930078535e+02
    7.7980000000e+01    6.4468702751e+02
    7.7985000000e+01    6.5384511435e+02
    7.7990000000e+01    6.5642758725e+02
    7.7995000000e+01    6.5225108952e+02
    7.8000000000e+01    6.4130151140e+02
    7.8005000000e+01    6.2373518844e+02
    7.8010000000e+01    5.9987611974e+02
    7.8015000000e+01    5.7020926346e+02
    7.8020000000e+01    5.3537005701e+02
    7.8025000000e+01    4.9613039597e+02
    7.8030000000e+01    4.5338138673e+02
    7.8035000000e+01    4.0811326241e+02
    7.8040000000e+01    3.6139291644e+02
    7.8045000000e+01    3.1433956355e+02
    7.8050000000e+01    2.6809908113e+02
    7.8055000000e+01    2.2381761487e+02
    7.8060000000e+01    1.8261505040e+02
    7.8065000000e+01    1.4555895643e+02
    7.8070000000e+01    1.1363959536e+02
    7.8075000000e+01    8.7746574052e+01
    7.8080000000e+01    6.8647671269e+01
    7.8085000000e+01    5.6970329702e+01
    7.8090000000e+01    5.3186241242e+01
    7.8095000000e+01    5.7599384693e+01
    7.8100000000e+01    7.0337797750e+01
    7.8105000000e+01    9.1349281111e+01
    7.8110000000e+01    1.2040114415e+02
    7.8115000000e+01    1.5708401045e+02
    7.8120000000e+01    2.0081961004e+02
    7.8125000000e+01    2.5087239502e+02
    7.8130000000e+01    3.0636472891e+02
    7.8135000000e+01    3.6629531905e+02
    7.8140000000e+01    4.2956048781e+02
    7.8145000000e+01    4.9497781384e+02
    7.8150000000e+01    5.6131162030e+02
    7.8155000000e+01    6.2729974473e+02
    7.8160000000e+01    6.9168099546e+02
    7.8165000000e+01    7.5322268260e+02
    7.8170000000e+01    8.1074760959e+02
    7.8175000000e+01    8.6315992146e+02
    7.8180000000e+01    9.0946923120e+02
    7.8185000000e+01    9.4881248267e+02
    7.8190000000e+01    9.8047305845e+02
    7.8195000000e+01    1.0038967018e+03
    7.8200000000e+01    1.0187038918e+03
    7.8205000000e+01    1.0246983907e+03
    7.8210000000e+01    1.0218717650e+03
    7.8215000000e+01    1.0104037750e+03
    7.8220000000e+01    9.9065861433e+02
    7.8225000000e+01    9.6317707939e+02
    7.8230000000e+01    9.2866483381e+02
    7.8235000000e+01    8.8797702378e+02
    7.8240000000e+01    8.4209957997e+02
    7.8245000000e+01    7.9212761635e+02
    7.8250000000e+01    7.3924140077e+02
    7.8255000000e+01    6.8468042719e+02
    7.8260000000e+01    6.2971616164e+02
    7.8265000000e+01    5.7562406415e+02
    7.8270000000e+01    5.2365550560e+02
    7.8275000000e+01    4.7501020111e+02
    7.8280000000e+01    4.3080977079e+02
    7.8285000000e+01    3.9207301389e+02
    7.8290000000e+01    3.5969344503e+02
    7.8295000000e+01    3.3441959122e+02
    7.8300000000e+01    3.1683848751e+02
    7.8305000000e+01    3.0736273846e+02
    7.8310000000e+01    3.0622143366e+02
    7.8315000000e+01    3.1345512043e+02
    7.8320000000e+01    3.2891494687e+02
    7.8325000000e+01    3.5226599603e+02
    7.8330000000e+01    3.8299473923e+02
    7.8335000000e+01    4.2042044515e+02
    7.8340000000e+01    4.6371029375e+02
    7.8345000000e+01    5.1189786181e+02
    7.8350000000e+01    5.6390457207e+02
    7.8355000000e+01    6.1856363247e+02
    7.8360000000e+01    6.7464593634e+02
    7.8365000000e+01    7.3088735120e+02
    7.8370000000e+01    7.8601679271e+02
    7.8375000000e+01    8.3878446296e+02
    7.8380000000e+01    8.8798962857e+02
    7.8385000000e+01    9.3250732385e+02
    7.8390000000e+01    9.7131338860e+02
    7.8395000000e+01    1.0035072861e+03
    7.8400000000e+01    1.0283321965e+03
    7.8405000000e+01    1.0451919412e+03
    7.8410000000e+01    1.0536643624e+03
    7.8415000000e+01    1.0535108632e+03
    7.8420000000e+01    1.0446818950e+03
    7.8425000000e+01    1.0273182719e+03
    7.8430000000e+01    1.0017482812e+03
    7.8435000000e+01    9.6848065430e+02
    7.8440000000e+01    9.2819355203e+02
    7.8445000000e+01    8.8171980777e+02
    7.8450000000e+01    8.3002875353e+02
    7.8455000000e+01    7.7420502990e+02
    7.8460000000e+01    7.1542484753e+02
    7.8465000000e+01    6.5493022370e+02
    7.8470000000e+01    5.9400176224e+02
    7.8475000000e+01    5.3393057735e+02
    7.8480000000e+01    4.7598998021e+02
    7.8485000000e+01    4.2140755287e+02
    7.8490000000e+01    3.7133822471e+02
    7.8495000000e+01    3.2683894487e+02
    7.8500000000e+01    2.8884550845e+02
    7.8505000000e+01    2.5815204658e+02
    7.8510000000e+01    2.3539363181e+02
    7.8515000000e+01    2.2103238087e+02
    7.8520000000e+01    2.1534736018e+02
    7.8525000000e+01    2.1842851515e+02
    7.8530000000e+01    2.3017475545e+02
    7.8535000000e+01    2.5029623719e+02
    7.8540000000e+01    2.7832078980e+02
    7.8545000000e+01    3.1360434461e+02
    7.8550000000e+01    3.5534513380e+02
    7.8555000000e+01    4.0260134533e+02
    7.8560000000e+01    4.5431184366e+02
    7.8565000000e+01    5.0931949875e+02
    7.8570000000e+01    5.6639660848e+02
    7.8575000000e+01    6.2427185414e+02
    7.8580000000e+01    6.8165819487e+02
    7.8585000000e+01    7.3728108697e+02
    7.8590000000e+01    7.8990640722e+02
    7.8595000000e+01    8.3836746624e+02
    7.8600000000e+01    8.8159051833e+02
    7.8605000000e+01    9.1861820827e+02
    7.8610000000e+01    9.4863044082e+02
    7.8615000000e+01    9.7096221628e+02
    7.8620000000e+01    9.8511804251e+02
    7.8625000000e+01    9.9078260950e+02
    7.8630000000e+01    9.8782749533e+02
    7.8635000000e+01    9.7631375953e+02
    7.8640000000e+01    9.5649037116e+02
    7.8645000000e+01    9.2878851008e+02
    7.8650000000e+01    8.9381187101e+02
    7.8655000000e+01    8.5232318784e+02
    7.8660000000e+01    8.0522727857e+02
    7.8665000000e+01    7.5355098747e+02
    7.8670000000e+01    6.9842046922e+02
    7.8675000000e+01    6.4103631745e+02
    7.8680000000e+01    5.8264708739e+02
    7.8685000000e+01    5.2452179682e+02
    7.8690000000e+01    4.6792201143e+02
    7.8695000000e+01    4.1407412913e+02
    7.8700000000e+01    3.6414247288e+02
    7.8705000000e+01    3.1920378289e+02
    7.8710000000e+01    2.8022366766e+02
    7.8715000000e+01    2.4803552959e+02
    7.8720000000e+01    2.2332242561e+02
    7.8725000000e+01    2.0660225816e+02
    7.8730000000e+01    1.9821661822e+02
    7.8735000000e+01    1.9832352097e+02
    7.8740000000e+01    2.0689418890e+02
    7.8745000000e+01    2.2371394772e+02
    7.8750000000e+01    2.4838720988e+02
    7.8755000000e+01    2.8034643062e+02
    7.8760000000e+01    3.1886483377e+02
    7.8765000000e+01    3.6307262245e+02
    7.8770000000e+01    4.1197631275e+02
    7.8775000000e+01    4.6448076074e+02
    7.8780000000e+01    5.1941339417e+02
    7.8785000000e+01    5.7555011244e+02
    7.8790000000e+01    6.3164228232e+02
    7.8795000000e+01    6.8644423385e+02
    7.8800000000e+01    7.3874065025e+02
    7.8805000000e+01    7.8737324927e+02
    7.8810000000e+01    8.3126616963e+02
    7.8815000000e+01    8.6944950562e+02
    7.8820000000e+01    9.0108047454e+02
    7.8825000000e+01    9.2546175464e+02
    7.8830000000e+01    9.4205659386e+02
    7.8835000000e+01    9.5050036192e+02
    7.8840000000e+01    9.5060829661e+02
    7.8845000000e+01    9.4237927967e+02
    7.8850000000e+01    9.2599556522e+02
    7.8855000000e+01    9.0181847297e+02
    7.8860000000e+01    8.7038014724e+02
    7.8865000000e+01    8.3237156965e+02
    7.8870000000e+01    7.8862709497e+02
    7.8875000000e+01    7.4010585649e+02
    7.8880000000e+01    6.8787045519e+02
    7.8885000000e+01    6.3306340639e+02
    7.8890000000e+01    5.7688186625e+02
    7.8895000000e+01    5.2055119742e+02
    7.8900000000e+01    4.6529795804e+02
    7.8905000000e+01    4.1232290982e+02
    7.8910000000e+01    3.6277463982e+02
    7.8915000000e+01    3.1772437588e+02
    7.8920000000e+01    2.7814254841e+02
    7.8925000000e+01    2.4487761210e+02
    7.8930000000e+01    2.1863759014e+02
    7.8935000000e+01    1.9997474300e+02
    7.8940000000e+01    1.8927369426e+02
    7.8945000000e+01    1.8674326916e+02
    7.8950000000e+01    1.9241221925e+02
    7.8955000000e+01    2.0612892081e+02
    7.8960000000e+01    2.2756504644e+02
    7.8965000000e+01    2.5622312228e+02
    7.8970000000e+01    2.9144779713e+02
    7.8975000000e+01    3.3244056868e+02
    7.8980000000e+01    3.7827763584e+02
    7.8985000000e+01    4.2793047811e+02
    7.8990000000e+01    4.8028870325e+02
    7.8995000000e+01    5.3418465507e+02
    7.9000000000e+01    5.8841923571e+02
    7.9005000000e+01    6.4178837028e+02
    7.9010000000e+01    6.9310952892e+02
    7.9015000000e+01    7.4124772092e+02
    7.9020000000e+01    7.8514038817e+02
    7.9025000000e+01    8.2382065046e+02
    7.9030000000e+01    8.5643839254e+02
    7.9035000000e+01    8.8227873111e+02
    7.9040000000e+01    9.0077745897e+02
    7.9045000000e+01    9.1153313041e+02
    7.9050000000e+01    9.1431552721e+02
    7.9055000000e+01    9.0907032461e+02
    7.9060000000e+01    8.9591986103e+02
    7.9065000000e+01    8.7516000160e+02
    7.9070000000e+01    8.4725317171e+02
    7.9075000000e+01    8.1281772154e+02
    7.9080000000e+01    7.7261386322e+02
    7.9085000000e+01    7.2752649767e+02
    7.9090000000e+01    6.7854531654e+02
    7.9095000000e+01    6.2674262426e+02
    7.9100000000e+01    5.7324937490e+02
    7.9105000000e+01    5.1922995734e+02
    7.9110000000e+01    4.6585628933e+02
    7.9115000000e+01    4.1428179496e+02
    7.9120000000e+01    3.6561584254e+02
    7.9125000000e+01    3.2089920824e+02
    7.9130000000e+01    2.8108110776e+02
    7.9135000000e+01    2.4699830270e+02
    7.9140000000e+01    2.1935674172e+02
    7.9145000000e+01    1.9871613991e+02
    7.9150000000e+01    1.8547783422e+02
    7.9155000000e+01    1.7987617978e+02
    7.9160000000e+01    1.8197367337e+02
    7.9165000000e+01    1.9165990743e+02
    7.9170000000e+01    2.0865437315e+02
    7.9175000000e+01    2.3251304579e+02
    7.9180000000e+01    2.6263860197e+02
    7.9185000000e+01    2.9829403811e+02
    7.9190000000e+01    3.3861938421e+02
    7.9195000000e+01    3.8265113910e+02
    7.9200000000e+01    4.2934399311e+02
    7.9205000000e+01    4.7759435392e+02
    7.9210000000e+01    5.2626515205e+02
    7.9215000000e+01    5.7421137424e+02
    7.9220000000e+01    6.2030575746e+02
    7.9225000000e+01    6.6346407326e+02
    7.9230000000e+01    7.0266944134e+02
    7.9235000000e+01    7.3699513351e+02
    7.9240000000e+01    7.6562536252e+02
    7.9245000000e+01    7.8787359566e+02
    7.9250000000e+01    8.0319798750e+02
    7.9255000000e+01    8.1121359068e+02
    7.9260000000e+01    8.1170107468e+02
    7.9265000000e+01    8.0461176015e+02
    7.9270000000e+01    7.9006885777e+02
    7.9275000000e+01    7.6836488480e+02
    7.9280000000e+01    7.3995531682e+02
    7.9285000000e+01    7.0544861551e+02
    7.9290000000e+01    6.6559285325e+02
    7.9295000000e+01    6.2125923065e+02
    7.9300000000e+01    5.7342285152e+02
    7.9305000000e+01    5.2314118038e+02
    7.9310000000e+01    4.7153065870e+02
    7.9315000000e+01    4.1974199665e+02
    7.9320000000e+01    3.6893468624e+02
    7.9325000000e+01    3.2025129887e+02
    7.9330000000e+01    2.7479213505e+02
    7.9335000000e+01    2.3359078624e+02
    7.9340000000e+01    1.9759114834e+02
    7.9345000000e+01    1.6762639479e+02
    7.9350000000e+01    1.4440037359e+02
    7.9355000000e+01    1.2847183933e+02
    7.9360000000e+01    1.2024186877e+02
    7.9365000000e+01    1.1994473847e+02
    7.9370000000e+01    1.2764246663e+02
    7.9375000000e+01    1.4322314065e+02
    7.9380000000e+01    1.6640306872e+02
    7.9385000000e+01    1.9673270938e+02
    7.9390000000e+01    2.3360625014e+02
    7.9395000000e+01    2.7627462575e+02
    7.9400000000e+01    3.2386169132e+02
    7.9405000000e+01    3.7538319587e+02
    7.9410000000e+01    4.2976814065e+02
    7.9415000000e+01    4.8588205385e+02
    7.9420000000e+01    5.4255167145e+02
    7.9425000000e+01    5.9859048301e+02
    7.9430000000e+01    6.5282458217e+02
    7.9435000000e+01    7.0411825496e+02
    7.9440000000e+01    7.5139874484e+02
    7.9445000000e+01    7.9367965142e+02
    7.9450000000e+01    8.3008244970e+02
    7.9455000000e+01    8.5985565815e+02
    7.9460000000e+01    8.8239123521e+02
    7.9465000000e+01    8.9723784494e+02
    7.9470000000e+01    9.0411070080e+02
    7.9475000000e+01    9.0289777188e+02
    7.9480000000e+01    8.9366221546e+02
    7.9485000000e+01    8.7664098246e+02
    7.9490000000e+01    8.5223962625e+02
    7.9495000000e+01    8.2102342834e+02
    7.9500000000e+01    7.8370503525e+02
    7.9505000000e+01    7.4112887695e+02
    7.9510000000e+01    6.9425270799e+02
    7.9515000000e+01    6.4412667509e+02
    7.9520000000e+01    5.9187036920e+02
    7.9525000000e+01    5.3864836394e+02
    7.9530000000e+01    4.8564477542e+02
    7.9535000000e+01    4.3403739969e+02
    7.9540000000e+01    3.8497199314e+02
    7.9545000000e+01    3.3953725817e+02
    7.9550000000e+01    2.9874108041e+02
    7.9555000000e+01    2.6348853678e+02
    7.9560000000e+01    2.3456215452e+02
    7.9565000000e+01    2.1260485205e+02
    7.9570000000e+01    1.9810593380e+02
    7.9575000000e+01    1.9139044428e+02
    7.9580000000e+01    1.9261211324e+02
    7.9585000000e+01    2.0175004499e+02
    7.9590000000e+01    2.1860922339e+02
    7.9595000000e+01    2.4282482041e+02
    7.9600000000e+01    2.7387021325e+02
    7.9605000000e+01    3.1106853373e+02
    7.9610000000e+01    3.5360749696e+02
    7.9615000000e+01    4.0055718458e+02
    7.9620000000e+01    4.5089039317e+02
    7.9625000000e+01    5.0350510323e+02
    7.9630000000e+01    5.5724857723e+02
    7.9635000000e+01    6.1094256037e+02
    7.9640000000e+01    6.6340903367e+02
    7.9645000000e+01    7.1349595696e+02
    7.9650000000e+01    7.6010244016e+02
    7.9655000000e+01    8.0220279350e+02
    7.9660000000e+01    8.3886893242e+02
    7.9665000000e+01    8.6929064867e+02
    7.9670000000e+01    8.9279330607e+02
    7.9675000000e+01    9.0885257571e+02
    7.9680000000e+01    9.1710589008e+02
    7.9685000000e+01    9.1736036739e+02
    7.9690000000e+01    9.0959703429e+02
    7.9695000000e+01    8.9397125626e+02
    7.9700000000e+01    8.7080936729e+02
    7.9705000000e+01    8.4060157387e+02
    7.9710000000e+01    8.0399128890e+02
    7.9715000000e+01    7.6176112939e+02
    7.9720000000e+01    7.1481588428e+02
    7.9725000000e+01    6.6416282439e+02
    7.9730000000e+01    6.1088978469e+02
    7.9735000000e+01    5.5614149704e+02
    7.9740000000e+01    5.0109468967e+02
    7.9745000000e+01    4.4693249628e+02
    7.9750000000e+01    3.9481873223e+02
    7.9755000000e+01    3.4587259829e+02
    7.9760000000e+01    3.0114436236e+02
    7.9765000000e+01    2.6159254845e+02
    7.9770000000e+01    2.2806312871e+02
    7.9775000000e+01    2.0127117085e+02
    7.9780000000e+01    1.8178533917e+02
    7.9785000000e+01    1.7001558536e+02
    7.9790000000e+01    1.6620429560e+02
    7.9795000000e+01    1.7042108486e+02
    7.9800000000e+01    1.8256135015e+02
    7.9805000000e+01    2.0234861236e+02
    7.9810000000e+01    2.2934059388e+02
    7.9815000000e+01    2.6293889804e+02
    7.9820000000e+01    3.0240207796e+02
    7.9825000000e+01    3.4686180897e+02
    7.9830000000e+01    3.9534181106e+02
    7.9835000000e+01    4.4677910870e+02
    7.9840000000e+01    5.0004716417e+02
    7.9845000000e+01    5.5398038068e+02
    7.9850000000e+01    6.0739944154e+02
    7.9855000000e+01    6.5913693410e+02
    7.9860000000e+01    7.0806270124e+02
    7.9865000000e+01    7.5310836949e+02
    7.9870000000e+01    7.9329052095e+02
    7.9875000000e+01    8.2773200629e+02
    7.9880000000e+01    8.5568093659e+02
    7.9885000000e+01    8.7652694273e+02
    7.9890000000e+01    8.8981435050e+02
    7.9895000000e+01    8.9525198713e+02
    7.9900000000e+01    8.9271940818e+02
    7.9905000000e+01    8.8226941169e+02
    7.9910000000e+01    8.6412678731e+02
    7.9915000000e+01    8.3868333001e+02
    7.9920000000e+01    8.0648922907e+02
    7.9925000000e+01    7.6824102182e+02
    7.9930000000e+01    7.2476637592e+02
    7.9935000000e+01    6.7700603301e+02
    7.9940000000e+01    6.2599330778e+02
    7.9945000000e+01    5.7283158925e+02
    7.9950000000e+01    5.1867033453e+02
    7.9955000000e+01    4.6468007727e+02
    7.9960000000e+01    4.1202699426e+02
    7.9965000000e+01    3.6184758306e+02
    7.9970000000e+01    3.1522400017e+02
    7.9975000000e+01    2.7316059510e+02
    7.9980000000e+01    2.3656214902e+02
    7.9985000000e+01    2.0621428925e+02
    7.9990000000e+01    1.8276650354e+02
    7.9995000000e+01    1.6671812095e+02
