    3.0000000000e+01    4.9148116009e+02
    3.0005000000e+01    6.5816177938e+02
    3.0010000000e+01    8.3679823713e+02
    3.0015000000e+01    1.0212050780e+03
    3.0020000000e+01    1.2050017149e+03
    3.0025000000e+01    1.3818325648e+03
    3.0030000000e+01    1.5455862014e+03
    3.0035000000e+01    1.6906059605e+03
    3.0040000000e+01    1.8118847377e+03
    3.0045000000e+01    1.9052372633e+03
    3.0050000000e+01    1.9674439226e+03
    3.0055000000e+01    1.9963611746e+03
    3.0060000000e+01    1.9909947788e+03
    3.0065000000e+01    1.9515333258e+03
    3.0070000000e+01    1.8793409386e+03
    3.0075000000e+01    1.7769094230e+03
    3.0080000000e+01    1.6477715450e+03
    3.0085000000e+01    1.4963784543e+03
    3.0090000000e+01    1.3279455080e+03
    3.0095000000e+01    1.1482718391e+03
    3.0100000000e+01    9.6353991434e+02
    3.0105000000e+01    7.8010201503e+02
    3.0110000000e+01    6.0426101960e+02
    3.0115000000e+01    4.4205305875e+02
    3.0120000000e+01    2.9903954329e+02
    3.0125000000e+01    1.8011573579e+02
    3.0130000000e+01    8.9342460418e+01
    3.0135000000e+01    2.9806740790e+01
    3.0140000000e+01    3.5161526459e+00
    3.0145000000e+01    1.1330509681e+01
    3.0150000000e+01    5.2933208889e+01
    3.0155000000e+01    1.2684319027e+02
    3.0160000000e+01    2.3046706245e+02
    3.0165000000e+01    3.6018955910e+02
    3.0170000000e+01    5.1149916911e+02
    3.0175000000e+01    6.7914457151e+02
    3.0180000000e+01    8.5731644654e+02
    3.0185000000e+01    1.0398483628e+03
    3.0190000000e+01    1.2204297875e+03
    3.0195000000e+01    1.3928238554e+03
    3.0200000000e+01    1.5510823738e+03
    3.0205000000e+01    1.6897506447e+03
    3.0210000000e+01    1.8040550438e+03
    3.0215000000e+01    1.8900668992e+03
    3.0220000000e+01    1.9448370368e+03
    3.0225000000e+01    1.9664963786e+03
    3.0230000000e+01    1.9543191595e+03
    3.0235000000e+01    1.9087466180e+03
    3.0240000000e+01    1.8313703891e+03
    3.0245000000e+01    1.7248762170e+03
    3.0250000000e+01    1.5929499756e+03
    3.0255000000e+01    1.4401492851e+03
    3.0260000000e+01    1.2717451971e+03
    3.0265000000e+01    1.0935394501e+03
    3.0270000000e+01    9.1166363325e+02
    3.0275000000e+01    7.3236721648e+02
    3.0280000000e+01    5.6180177951e+02
    3.0285000000e+01    4.0580889653e+02
    3.0290000000e+01    2.6971899826e+02
    3.0295000000e+01    1.5816814587e+02
    3.0300000000e+01    7.4939024682e+01
    3.0305000000e+01    2.2831622483e+01
    3.0310000000e+01    3.5680260962e+00
    3.0315000000e+01    1.7734587223e+01
    3.0320000000e+01    6.4763415212e+01
    3.0325000000e+01    1.4295379519e+02
    3.0330000000e+01    2.4953275207e+02
    3.0335000000e+01    3.8075263173e+02
    3.0340000000e+01    5.3202229723e+02
    3.0345000000e+01    6.9806738314e+02
    3.0350000000e+01    8.7311405602e+02
    3.0355000000e+01    1.0510899266e+03
    3.0360000000e+01    1.2258351771e+03
    3.0365000000e+01    1.3913166267e+03
    3.0370000000e+01    1.5418373656e+03
    3.0375000000e+01    1.6722347560e+03
    3.0380000000e+01    1.7780600066e+03
    3.0385000000e+01    1.8557331759e+03
    3.0390000000e+01    1.9026683141e+03
    3.0395000000e+01    1.9173644916e+03
    3.0400000000e+01    1.8994596399e+03
    3.0405000000e+01    1.8497454209e+03
    3.0410000000e+01    1.7701426776e+03
    3.0415000000e+01    1.6636383772e+03
    3.0420000000e+01    1.5341862786e+03
    3.0425000000e+01    1.3865747945e+03
    3.0430000000e+01    1.2262666352e+03
    3.0435000000e+01    1.0592157788e+03
    3.0440000000e+01    8.9166807060e+02
    3.0445000000e+01    7.2995230103e+02
    3.0450000000e+01    5.8026890981e+02
    3.0455000000e+01    4.4848352488e+02
    3.0460000000e+01    3.3993234896e+02
    3.0465000000e+01    2.5924597314e+02
    3.0470000000e+01    2.1019753662e+02
    3.0475000000e+01    1.9558028942e+02
    3.0480000000e+01    2.1711858099e+02
    3.0485000000e+01    2.7541512867e+02
    3.0490000000e+01    3.6993615703e+02
    3.0495000000e+01    4.9903468618e+02
    3.0500000000e+01    6.6001093036e+02
    3.0505000000e+01    8.4920749312e+02
    3.0510000000e+01    1.0621358562e+03
    3.0515000000e+01    1.2936295983e+03
    3.0520000000e+01    1.5380188802e+03
    3.0525000000e+01    1.7893200321e+03
    3.0530000000e+01    2.0414335907e+03
    3.0535000000e+01    2.2883438856e+03
    3.0540000000e+01    2.5243132649e+03
    3.0545000000e+01    2.7440642839e+03
    3.0550000000e+01    2.9429436486e+03
    3.0555000000e+01    3.1170623844e+03
    3.0560000000e+01    3.2634075769e+03
    3.0565000000e+01    3.3799220610e+03
    3.0570000000e+01    3.4655495906e+03
    3.0575000000e+01    3.5202442567e+03
    3.0580000000e+01    3.5449441963e+03
    3.0585000000e+01    3.5415108993e+03
    3.0590000000e+01    3.5126366359e+03
    3.0595000000e+01    3.4617236463e+03
    3.0600000000e+01    3.3927397175e+03
    3.0605000000e+01    3.3100555913e+03
    3.0610000000e+01    3.2182702626e+03
    3.0615000000e+01    3.1220306302e+03
    3.0620000000e+01    3.0258521299e+03
    3.0625000000e+01    2.9339469065e+03
    3.0630000000e+01    2.8500657820e+03
    3.0635000000e+01    2.7773597438e+03
    3.0640000000e+01    2.7182659466e+03
    3.0645000000e+01    2.6744223118e+03
    3.0650000000e+01    2.6466137514e+03
    3.0655000000e+01    2.6347518815e+03
    3.0660000000e+01    2.6378888615e+03
    3.0665000000e+01    2.6542647459e+03
    3.0670000000e+01    2.6813865091e+03
    3.0675000000e+01    2.7161357409e+03
    3.0680000000e+01    2.7549009639e+03
    3.0685000000e+01    2.7937296134e+03
    3.0690000000e+01    2.8284939968e+03
    3.0695000000e+01    2.8550650279e+03
    3.0700000000e+01    2.8694872308e+03
    3.0705000000e+01    2.8681484473e+03
    3.0710000000e+01    2.8479378539e+03
    3.0715000000e+01    2.8063862999e+03
    3.0720000000e+01    2.7417836014e+03
    3.0725000000e+01    2.6532682437e+03
    3.0730000000e+01    2.5408859308e+03
    3.0735000000e+01    2.4056145367e+03
    3.0740000000e+01    2.2493542237e+03
    3.0745000000e+01    2.0748827535e+03
    3.0750000000e+01    1.8857772787e+03
    3.0755000000e+01    1.6863051292e+03
    3.0760000000e+01    1.4812872463e+03
    3.0765000000e+01    1.2759389326e+03
    3.0770000000e+01    1.0756934397e+03
    3.0775000000e+01    8.8601457682e+02
    3.0780000000e+01    7.1220496644e+02
    3.0785000000e+01    5.5921678455e+02
    3.0790000000e+01    4.3147178992e+02
    3.0795000000e+01    3.3269717379e+02
    3.0800000000e+01    2.6578325305e+02
    3.0805000000e+01    2.3266830557e+02
    3.0810000000e+01    2.3425492945e+02
    3.0815000000e+01    2.7036123017e+02
    3.0820000000e+01    3.3970893824e+02
    3.0825000000e+01    4.3994927643e+02
    3.0830000000e+01    5.6772607480e+02
    3.0835000000e+01    7.1877432026e+02
    3.0840000000e+01    8.8805107058e+02
    3.0845000000e+01    1.0698945056e+03
    3.0850000000e+01    1.2582058719e+03
    3.0855000000e+01    1.4466482384e+03
    3.0860000000e+01    1.6288553457e+03
    3.0865000000e+01    1.7986434339e+03
    3.0870000000e+01    1.9502187739e+03
    3.0875000000e+01    2.0783737251e+03
    3.0880000000e+01    2.1786644899e+03
    3.0885000000e+01    2.2475643200e+03
    3.0890000000e+01    2.2825867366e+03
    3.0895000000e+01    2.2823743283e+03
    3.0900000000e+01    2.2467498471e+03
    3.0905000000e+01    2.1767276066e+03
    3.0910000000e+01    2.0744845381e+03
    3.0915000000e+01    1.9432916510e+03
    3.0920000000e+01    1.7874080066e+03
    3.0925000000e+01    1.6119406190e+03
    3.0930000000e+01    1.4226748859e+03
    3.0935000000e+01    1.2258811899e+03
    3.0940000000e+01    1.0281041586e+03
    3.0945000000e+01    8.3594169991e+02
    3.0950000000e+01    6.5582131587e+02
    3.0955000000e+01    4.9378132540e+02
    3.0960000000e+01    3.5526449571e+02
    3.0965000000e+01    2.4493118805e+02
    3.0970000000e+01    1.6649848635e+02
    3.0975000000e+01    1.2261091302e+02
    3.0980000000e+01    1.1474727647e+02
    3.0985000000e+01    1.4316697376e+02
    3.0990000000e+01    2.0689773195e+02
    3.0995000000e+01    3.0376535814e+02
    3.1000000000e+01    4.3046462967e+02
    3.1005000000e+01    5.8266904141e+02
    3.1010000000e+01    7.5517578638e+02
    3.1015000000e+01    9.4208112430e+02
    3.1020000000e+01    1.1369802331e+03
    3.1025000000e+01    1.3331847784e+03
    3.1030000000e+01    1.5239508054e+03
    3.1035000000e+01    1.7027091775e+03
    3.1040000000e+01    1.8632906747e+03
    3.1045000000e+01    2.0001380197e+03
    3.1050000000e+01    2.1084975266e+03
    3.1055000000e+01    2.1845837391e+03
    3.1060000000e+01    2.2257113347e+03
    3.1065000000e+01    2.2303896731e+03
    3.1070000000e+01    2.1983766390e+03
    3.1075000000e+01    2.1306898118e+03
    3.1080000000e+01    2.0295744575e+03
    3.1085000000e+01    1.8984293156e+03
    3.1090000000e+01    1.7416926068e+03
    3.1095000000e+01    1.5646920622e+03
    3.1100000000e+01    1.3734640168e+03
    3.1105000000e+01    1.1745476928e+03
    3.1110000000e+01    9.7476166453e+02
    3.1115000000e+01    7.8097013140e+02
    3.1120000000e+01    5.9984699766e+02
    3.1125000000e+01    4.3764585744e+02
    3.1130000000e+01    2.9998380454e+02
    3.1135000000e+01    1.9164653570e+02
    3.1140000000e+01    1.1642150727e+02
    3.1145000000e+01    7.6964962110e+01
    3.1150000000e+01    7.4707497730e+01
    3.1155000000e+01    1.0980153725e+02
    3.1160000000e+01    1.8111263556e+02
    3.1165000000e+01    2.8625505342e+02
    3.1170000000e+01    4.2167051276e+02
    3.1175000000e+01    5.8274755969e+02
    3.1180000000e+01    7.6397755888e+02
    3.1185000000e+01    9.5914207135e+02
    3.1190000000e+01    1.1615252733e+03
    3.1195000000e+01    1.3641441919e+03
    3.1200000000e+01    1.5599888991e+03
    3.1205000000e+01    1.7422644353e+03
    3.1210000000e+01    1.9046261463e+03
    3.1215000000e+01    2.0414003189e+03
    3.1220000000e+01    2.1477824699e+03
    3.1225000000e+01    2.2200063911e+03
    3.1230000000e+01    2.2554780264e+03
    3.1235000000e+01    2.2528694460e+03
    3.1240000000e+01    2.2121695327e+03
    3.1245000000e+01    2.1346894712e+03
    3.1250000000e+01    2.0230226696e+03
    3.1255000000e+01    1.8809603112e+03
    3.1260000000e+01    1.7133652534e+03
    3.1265000000e+01    1.5260084365e+03
    3.1270000000e+01    1.3253732625e+03
    3.1275000000e+01    1.1184345274e+03
    3.1280000000e+01    9.1241938879e+02
    3.1285000000e+01    7.1455849712e+02
    3.1290000000e+01    5.3183579345e+02
    3.1295000000e+01    3.7074555783e+02
    3.1300000000e+01    2.3706508428e+02
    3.1305000000e+01    1.3565086187e+02
    3.1310000000e+01    7.0265375284e+01
    3.1315000000e+01    4.3440625679e+01
    3.1320000000e+01    5.6383248778e+01
    3.1325000000e+01    1.0892471157e+02
    3.1330000000e+01    1.9951854946e+02
    3.1335000000e+01    3.2528501288e+02
    3.1340000000e+01    4.8210188009e+02
    3.1345000000e+01    6.6473861608e+02
    3.1350000000e+01    8.6702956941e+02
    3.1355000000e+01    1.0820805503e+03
    3.1360000000e+01    1.3025019709e+03
    3.1365000000e+01    1.5206607908e+03
    3.1370000000e+01    1.7289428337e+03
    3.1375000000e+01    1.9200166428e+03
    3.1380000000e+01    2.0870899430e+03
    3.1385000000e+01    2.2241499794e+03
    3.1390000000e+01    2.3261794945e+03
    3.1395000000e+01    2.3893408855e+03
    3.1400000000e+01    2.4111221076e+03
    3.1405000000e+01    2.3904391431e+03
    3.1410000000e+01    2.3276912806e+03
    3.1415000000e+01    2.2247670119e+03
    3.1420000000e+01    2.0849999920e+03
    3.1425000000e+01    1.9130761726e+03
    3.1430000000e+01    1.7148948547e+03
    3.1435000000e+01    1.4973879511e+03
    3.1440000000e+01    1.2683031642e+03
    3.1445000000e+01    1.0359580068e+03
    3.1450000000e+01    8.0897259330e+02
    3.1455000000e+01    5.9598986941e+02
    3.1460000000e+01    4.0539239862e+02
    3.1465000000e+01    2.4502497788e+02
    3.1470000000e+01    1.2193219909e+02
    3.1475000000e+01    4.2119616256e+01
    3.1480000000e+01    1.0346433684e+01
    3.1485000000e+01    2.9956622911e+01
    3.1490000000e+01    1.0275413858e+02
    3.1495000000e+01    2.2892647678e+02
    3.1500000000e+01    4.0701925062e+02
    3.1505000000e+01    6.3396279922e+02
    3.1510000000e+01    9.0515015216e+02
    3.1515000000e+01    1.2145639987e+03
    3.1520000000e+01    1.5549487139e+03
    3.1525000000e+01    1.9180220272e+03
    3.1530000000e+01    2.2947196275e+03
    3.1535000000e+01    2.6754649299e+03
    3.1540000000e+01    3.0504554154e+03
    3.1545000000e+01    3.4099564209e+03
    3.1550000000e+01    3.7445930235e+03
    3.1555000000e+01    4.0456307392e+03
    3.1560000000e+01    4.3052361295e+03
    3.1565000000e+01    4.5167090786e+03
    3.1570000000e+01    4.6746794407e+03
    3.1575000000e+01    4.7752619259e+03
    3.1580000000e+01    4.8161644654e+03
    3.1585000000e+01    4.7967468158e+03
    3.1590000000e+01    4.7180277838e+03
    3.1595000000e+01    4.5826411210e+03
    3.1600000000e+01    4.3947417986e+03
    3.1605000000e+01    4.1598659680e+03
    3.1610000000e+01    3.8847493945e+03
    3.1615000000e+01    3.5771104671e+03
    3.1620000000e+01    3.2454049974e+03
    3.1625000000e+01    2.8985608876e+03
    3.1630000000e+01    2.5457013413e+03
    3.1635000000e+01    2.1958656006e+03
    3.1640000000e+01    1.8577362009e+03
    3.1645000000e+01    1.5393814471e+03
    3.1650000000e+01    1.2480212450e+03
    3.1655000000e+01    9.8982358324e+02
    3.1660000000e+01    7.6973788970e+02
    3.1665000000e+01    5.9137021739e+02
    3.1670000000e+01    4.5690378932e+02
    3.1675000000e+01    3.6706690246e+02
    3.1680000000e+01    3.2114860619e+02
    3.1685000000e+01    3.1706098531e+02
    3.1690000000e+01    3.5144534486e+02
    3.1695000000e+01    4.1981816393e+02
    3.1700000000e+01    5.1675140640e+02
    3.1705000000e+01    6.3608068974e+02
    3.1710000000e+01    7.7113395304e+02
    3.1715000000e+01    9.1497266150e+02
    3.1720000000e+01    1.0606372527e+03
    3.1725000000e+01    1.2013884814e+03
    3.1730000000e+01    1.3309365533e+03
    3.1735000000e+01    1.4436504423e+03
    3.1740000000e+01    1.5347405457e+03
    3.1745000000e+01    1.6004088140e+03
    3.1750000000e+01    1.6379616667e+03
    3.1755000000e+01    1.6458823275e+03
    3.1760000000e+01    1.6238606385e+03
    3.1765000000e+01    1.5727798914e+03
    3.1770000000e+01    1.4946616971e+03
    3.1775000000e+01    1.3925713459e+03
    3.1780000000e+01    1.2704874504e+03
    3.1785000000e+01    1.1331408570e+03
    3.1790000000e+01    9.8582882693e+02
    3.1795000000e+01    8.3421128543e+02
    3.1800000000e+01    6.8409649582e+02
    3.1805000000e+01    5.4122381547e+02
    3.1810000000e+01    4.1105122199e+02
    3.1815000000e+01    2.9855506490e+02
    3.1820000000e+01    2.0804900757e+02
    3.1825000000e+01    1.4302839641e+02
    3.1830000000e+01    1.0604535519e+02
    3.1835000000e+01    9.8618785992e+01
    3.1840000000e+01    1.2118220424e+02
    3.1845000000e+01    1.7307098787e+02
    3.1850000000e+01    2.5254922711e+02
    3.1855000000e+01    3.5687497018e+02
    3.1860000000e+01    4.8240131932e+02
    3.1865000000e+01    6.2470958778e+02
    3.1870000000e+01    7.7876962393e+02
    3.1875000000e+01    9.3912148074e+02
    3.1880000000e+01    1.1000718900e+03
    3.1885000000e+01    1.2558985127e+03
    3.1890000000e+01    1.4010546993e+03
    3.1895000000e+01    1.5303675068e+03
    3.1900000000e+01    1.6392219918e+03
    3.1905000000e+01    1.7237253076e+03
    3.1910000000e+01    1.7808448710e+03
    3.1915000000e+01    1.8085157968e+03
    3.1920000000e+01    1.8057138944e+03
    3.1925000000e+01    1.7724917440e+03
    3.1930000000e+01    1.7099766730e+03
    3.1935000000e+01    1.6203307940e+03
    3.1940000000e+01    1.5066745963e+03
    3.1945000000e+01    1.3729768553e+03
    3.1950000000e+01    1.2239147972e+03
    3.1955000000e+01    1.0647094880e+03
    3.1960000000e+01    9.0094226920e+02
    3.1965000000e+01    7.3835871256e+02
    3.1970000000e+01    5.8266698656e+02
    3.1975000000e+01    4.3933770670e+02
    3.1980000000e+01    3.1341227390e+02
    3.1985000000e+01    2.0932639352e+02
    3.1990000000e+01    1.3075492289e+02
    3.1995000000e+01    8.0483438462e+01
    3.2000000000e+01    6.0310970034e+01
    3.2005000000e+01    7.0987254243e+01
    3.2010000000e+01    1.1218664942e+02
    3.2015000000e+01    1.8251957239e+02
    3.2020000000e+01    2.7958100923e+02
    3.2025000000e+01    4.0003436200e+02
    3.2030000000e+01    5.3972766660e+02
    3.2035000000e+01    6.9383809609e+02
    3.2040000000e+01    8.5703968708e+02
    3.2045000000e+01    1.0236884284e+03
    3.2050000000e+01    1.1880182582e+03
    3.2055000000e+01    1.3443411464e+03
    3.2060000000e+01    1.4872443117e+03
    3.2065000000e+01    1.6117777311e+03
    3.2070000000e+01    1.7136254493e+03
    3.2075000000e+01    1.7892547691e+03
    3.2080000000e+01    1.8360381796e+03
    3.2085000000e+01    1.8523438342e+03
    3.2090000000e+01    1.8375914859e+03
    3.2095000000e+01    1.7922719919e+03
    3.2100000000e+01    1.7179297612e+03
    3.2105000000e+01    1.6171088061e+03
    3.2110000000e+01    1.4932643145e+03
    3.2115000000e+01    1.3506428523e+03
    3.2120000000e+01    1.1941353814e+03
    3.2125000000e+01    1.0291082130e+03
    3.2130000000e+01    8.6121777076e+02
    3.2135000000e+01    6.9621558210e+02
    3.2140000000e+01    5.3975024637e+02
    3.2145000000e+01    3.9717321616e+02
    3.2150000000e+01    2.7335508441e+02
    3.2155000000e+01    1.7251869276e+02
    3.2160000000e+01    9.8094783338e+01
    3.2165000000e+01    5.2605125643e+01
    3.2170000000e+01    3.7577091630e+01
    3.2175000000e+01    5.3492558587e+01
    3.2180000000e+01    9.9772828794e+01
    3.2185000000e+01    1.7480000931e+02
    3.2190000000e+01    2.7597403718e+02
    3.2195000000e+01    3.9980330871e+02
    3.2200000000e+01    5.4202571874e+02
    3.2205000000e+01    6.9775587587e+02
    3.2210000000e+01    8.6165336933e+02
    3.2215000000e+01    1.0281062516e+03
    3.2220000000e+01    1.1914233932e+03
    3.2225000000e+01    1.3460290779e+03
    3.2230000000e+01    1.4866531502e+03
    3.2235000000e+01    1.6085101974e+03
    3.2240000000e+01    1.7074616499e+03
    3.2245000000e+01    1.7801552852e+03
    3.2250000000e+01    1.8241374228e+03
    3.2255000000e+01    1.8379340470e+03
    3.2260000000e+01    1.8210981804e+03
    3.2265000000e+01    1.7742220007e+03
    3.2270000000e+01    1.6989134100e+03
    3.2275000000e+01    1.5977379947e+03
    3.2280000000e+01    1.4741284950e+03
    3.2285000000e+01    1.3322650201e+03
    3.2290000000e+01    1.1769302317e+03
    3.2295000000e+01    1.0133445679e+03
    3.2300000000e+01    8.4698724226e+02
    3.2305000000e+01    6.8340921722e+02
    3.2310000000e+01    5.2804460081e+02
    3.2315000000e+01    3.8602693847e+02
    3.2320000000e+01    2.6201667323e+02
    3.2325000000e+01    1.6004563136e+02
    3.2330000000e+01    8.3383774556e+01
    3.2335000000e+01    3.4432664800e+01
    3.2340000000e+01    1.4649143106e+01
    3.2345000000e+01    2.4501661922e+01
    3.2350000000e+01    6.3460570041e+01
    3.2355000000e+01    1.3002246903e+02
    3.2360000000e+01    2.2176758230e+02
    3.2365000000e+01    3.3544794304e+02
    3.2370000000e+01    4.6710315508e+02
    3.2375000000e+01    6.1219954669e+02
    3.2380000000e+01    7.6578775485e+02
    3.2385000000e+01    9.2267317154e+02
    3.2390000000e+01    1.0775932758e+03
    3.2395000000e+01    1.2253956787e+03
    3.2400000000e+01    1.3612107266e+03
    3.2405000000e+01    1.4806127463e+03
    3.2410000000e+01    1.5797644509e+03
    3.2415000000e+01    1.6555396614e+03
    3.2420000000e+01    1.7056202884e+03
    3.2425000000e+01    1.7285644568e+03
    3.2430000000e+01    1.7238436909e+03
    3.2435000000e+01    1.6918481793e+03
    3.2440000000e+01    1.6338602751e+03
    3.2445000000e+01    1.5519974987e+03
    3.2450000000e+01    1.4491273825e+03
    3.2455000000e+01    1.3287574691e+03
    3.2460000000e+01    1.1949046297e+03
    3.2465000000e+01    1.0519485662e+03
    3.2470000000e+01    9.0447488457e+02
    3.2475000000e+01    7.5711344904e+02
    3.2480000000e+01    6.1437785049e+02
    3.2485000000e+01    4.8051172916e+02
    3.2490000000e+01    3.5934739817e+02
    3.2495000000e+01    2.5418172435e+02
    3.2500000000e+01    1.6767355793e+02
    3.2505000000e+01    1.0176618602e+02
    3.2510000000e+01    5.7637347311e+01
    3.2515000000e+01    3.5678320357e+01
    3.2520000000e+01    3.5502522846e+01
    3.2525000000e+01    5.5982973362e+01
    3.2530000000e+01    9.5316909107e+01
    3.2535000000e+01    1.5111486158e+02
    3.2540000000e+01    2.2051060273e+02
    3.2545000000e+01    3.0028761890e+02
    3.2550000000e+01    3.8701717561e+02
    3.2555000000e+01    4.7720262535e+02
    3.2560000000e+01    5.6742439654e+02
    3.2565000000e+01    6.5448009321e+02
    3.2570000000e+01    7.3551433212e+02
    3.2575000000e+01    8.0813333886e+02
    3.2580000000e+01    8.7049990421e+02
    3.2585000000e+01    9.2140504387e+02
    3.2590000000e+01    9.6031358375e+02
    3.2595000000e+01    9.8738187566e+02
    3.2600000000e+01    1.0034469001e+03
    3.2605000000e+01    1.0099870950e+03
    3.2610000000e+01    1.0090563226e+03
    3.2615000000e+01    1.0031934116e+03
    3.2620000000e+01    9.9531065163e+02
    3.2625000000e+01    9.8856543565e+02
    3.2630000000e+01    9.8621991349e+02
    3.2635000000e+01    9.9149401375e+02
    3.2640000000e+01    1.0074174868e+03
    3.2645000000e+01    1.0366867135e+03
    3.2650000000e+01    1.0815319038e+03
    3.2655000000e+01    1.1435999789e+03
    3.2660000000e+01    1.2238579072e+03
    3.2665000000e+01    1.3225205542e+03
    3.2670000000e+01    1.4390062475e+03
    3.2675000000e+01    1.5719222670e+03
    3.2680000000e+01    1.7190813946e+03
    3.2685000000e+01    1.8775495234e+03
    3.2690000000e+01    2.0437231834e+03
    3.2695000000e+01    2.2134347249e+03
    3.2700000000e+01    2.3820818548e+03
    3.2705000000e+01    2.5447772800e+03
    3.2710000000e+01    2.6965134166e+03
    3.2715000000e+01    2.8323364953e+03
    3.2720000000e+01    2.9475239669e+03
    3.2725000000e+01    3.0377588890e+03
    3.2730000000e+01    3.0992949862e+03
    3.2735000000e+01    3.1291063035e+03
    3.2740000000e+01    3.1250158208e+03
    3.2745000000e+01    3.0857980551e+03
    3.2750000000e+01    3.0112515112e+03
    3.2755000000e+01    2.9022378398e+03
    3.2760000000e+01    2.7606856801e+03
    3.2765000000e+01    2.5895583672e+03
    3.2770000000e+01    2.3927859316e+03
    3.2775000000e+01    2.1751630675e+03
    3.2780000000e+01    1.9422159496e+03
    3.2785000000e+01    1.7000419001e+03
    3.2790000000e+01    1.4551268981e+03
    3.2795000000e+01    1.2141467602e+03
    3.2800000000e+01    9.8375845953e+02
    3.2805000000e+01    7.7038847604e+02
    3.2810000000e+01    5.8002526494e+02
    3.2815000000e+01    4.1802287922e+02
    3.2820000000e+01    2.8892249200e+02
    3.2825000000e+01    1.9629803858e+02
    3.2830000000e+01    1.4263145370e+02
    3.2835000000e+01    1.2922204065e+02
    3.2840000000e+01    1.5613340502e+02
    3.2845000000e+01    2.2218015448e+02
    3.2850000000e+01    3.2495524749e+02
    3.2855000000e+01    4.6089751253e+02
    3.2860000000e+01    6.2539750217e+02
    3.2865000000e+01    8.1293853891e+02
    3.2870000000e+01    1.0172685970e+03
    3.2875000000e+01    1.2315975903e+03
    3.2880000000e+01    1.4488137338e+03
    3.2885000000e+01    1.6617119568e+03
    3.2890000000e+01    1.8632268798e+03
    3.2895000000e+01    2.0466626592e+03
    3.2900000000e+01    2.2059120480e+03
    3.2905000000e+01    2.3356573276e+03
    3.2910000000e+01    2.4315463194e+03
    3.2915000000e+01    2.4903374746e+03
    3.2920000000e+01    2.5100090361e+03
    3.2925000000e+01    2.4898284375e+03
    3.2930000000e+01    2.4303794129e+03
    3.2935000000e+01    2.3335456915e+03
    3.2940000000e+01    2.2024516010e+03
    3.2945000000e+01    2.0413613458e+03
    3.2950000000e+01    1.8555401245e+03
    3.2955000000e+01    1.6510815421e+03
    3.2960000000e+01    1.4347069290e+03
    3.2965000000e+01    1.2135431455e+03
    3.2970000000e+01    9.9488620363e+02
    3.2975000000e+01    7.8595855100e+02
    3.2980000000e+01    5.9366810485e+02
    3.2985000000e+01    4.2437710510e+02
    3.2990000000e+01    2.8368855841e+02
    3.2995000000e+01    1.7625748722e+02
    3.3000000000e+01    1.0563339427e+02
    3.3005000000e+01    7.4139329478e+01
    3.3010000000e+01    8.2791736763e+01
    3.3015000000e+01    1.3126390340e+02
    3.3020000000e+01    2.1789437827e+02
    3.3025000000e+01    3.3974021769e+02
    3.3030000000e+01    4.9267340802e+02
    3.3035000000e+01    6.7151735510e+02
    3.3040000000e+01    8.7021897018e+02
    3.3045000000e+01    1.0820506675e+03
    3.3050000000e+01    1.2998355614e+03
    3.3055000000e+01    1.5161883461e+03
    3.3060000000e+01    1.7237637880e+03
    3.3065000000e+01    1.9155044760e+03
    3.3070000000e+01    2.0848794732e+03
    3.3075000000e+01    2.2261057954e+03
    3.3080000000e+01    2.3343451901e+03
    3.3085000000e+01    2.4058695057e+03
    3.3090000000e+01    2.4381889753e+03
    3.3095000000e+01    2.4301389747e+03
    3.3100000000e+01    2.3819222058e+03
    3.3105000000e+01    2.2951047479e+03
    3.3110000000e+01    2.1725659803e+03
    3.3115000000e+01    2.0184039321e+03
    3.3120000000e+01    1.8377991325e+03
    3.3125000000e+01    1.6368414460e+03
    3.3130000000e+01    1.4223256421e+03
    3.3135000000e+01    1.2015225285e+03
    3.3140000000e+01    9.8193332175e+02
    3.3145000000e+01    7.7103552484e+02
    3.3150000000e+01    5.7602889357e+02
    3.3155000000e+01    4.0359009918e+02
    3.3160000000e+01    2.5964442908e+02
    3.3165000000e+01    1.4916231801e+02
    3.3170000000e+01    7.5987687395e+01
    3.3175000000e+01    4.2704017279e+01
    3.3180000000e+01    5.0542817072e+01
    3.3185000000e+01    9.9337741875e+01
    3.3190000000e+01    1.8752606587e+02
    3.3195000000e+01    3.1219762625e+02
    3.3200000000e+01    4.6918974333e+02
    3.3205000000e+01    6.5322505937e+02
    3.3210000000e+01    8.5808777354e+02
    3.3215000000e+01    1.0768324325e+03
    3.3220000000e+01    1.3020183115e+03
    3.3225000000e+01    1.5259615267e+03
    3.3230000000e+01    1.7409963888e+03
    3.3235000000e+01    1.9397371615e+03
    3.3240000000e+01    2.1153313388e+03
    3.3245000000e+01    2.2616958062e+03
    3.3250000000e+01    2.3737277975e+03
    3.3255000000e+01    2.4474833726e+03
    3.3260000000e+01    2.4803172189e+03
    3.3265000000e+01    2.4709788525e+03
    3.3270000000e+01    2.4196617567e+03
    3.3275000000e+01    2.3280035686e+03
    3.3280000000e+01    2.1990370733e+03
    3.3285000000e+01    2.0370934286e+03
    3.3290000000e+01    1.8476606652e+03
    3.3295000000e+01    1.6372020340e+03
    3.3300000000e+01    1.4129401519e+03
    3.3305000000e+01    1.1826140840e+03
    3.3310000000e+01    9.5421744855e+02
    3.3315000000e+01    7.3572631630e+02
    3.3320000000e+01    5.3482606548e+02
    3.3325000000e+01    3.5864643938e+02
    3.3330000000e+01    2.1351382811e+02
    3.3335000000e+01    1.0472926689e+02
    3.3340000000e+01    3.6379826762e+01
    3.3345000000e+01    1.1189995235e+01
    3.3350000000e+01    3.0418340292e+01
    3.3355000000e+01    9.3803262616e+01
    3.3360000000e+01    1.9956001816e+02
    3.3365000000e+01    3.4442948895e+02
    3.3370000000e+01    5.2377745117e+02
    3.3375000000e+01    7.3174139372e+02
    3.3380000000e+01    9.6142033395e+02
    3.3385000000e+01    1.2051016141e+03
    3.3390000000e+01    1.4545173916e+03
    3.3395000000e+01    1.7011225008e+03
    3.3400000000e+01    1.9363846000e+03
    3.3405000000e+01    2.1520770504e+03
    3.3410000000e+01    2.3405648200e+03
    3.3415000000e+01    2.4950738720e+03
    3.3420000000e+01    2.6099349820e+03
    3.3425000000e+01    2.6807937068e+03
    3.3430000000e+01    2.7047792942e+03
    3.3435000000e+01    2.6806266166e+03
    3.3440000000e+01    2.6087467206e+03
    3.3445000000e+01    2.4912432325e+03
    3.3450000000e+01    2.3318736118e+03
    3.3455000000e+01    2.1359560353e+03
    3.3460000000e+01    1.9102244661e+03
    3.3465000000e+01    1.6626361580e+03
    3.3470000000e+01    1.4021374071e+03
    3.3475000000e+01    1.1383947446e+03
    3.3480000000e+01    8.8149991211e+02
    3.3485000000e+01    6.4165784706e+02
    3.3490000000e+01    4.2886748922e+02
    3.3495000000e+01    2.5260549264e+02
    3.3500000000e+01    1.2152287144e+02
    3.3505000000e+01    4.3164230111e+01
    3.3510000000e+01    2.3718538752e+01
    3.3515000000e+01    6.7809434390e+01
    3.3520000000e+01    1.7833179233e+02
    3.3525000000e+01    3.5633985652e+02
    3.3530000000e+01    6.0099059289e+02
    3.3535000000e+01    9.0954418662e+02
    3.3540000000e+01    1.2774218006e+03
    3.3545000000e+01    1.6983189056e+03
    3.3550000000e+01    2.1643707428e+03
    3.3555000000e+01    2.6663648394e+03
    3.3560000000e+01    3.1939940285e+03
    3.3565000000e+01    3.7361421595e+03
    3.3570000000e+01    4.2811936824e+03
    3.3575000000e+01    4.8173575630e+03
    3.3580000000e+01    5.3329955707e+03
    3.3585000000e+01    5.8169448866e+03
    3.3590000000e+01    6.2588252008e+03
    3.3595000000e+01    6.6493210089e+03
    3.3600000000e+01    6.9804306477e+03
    3.3605000000e+01    7.2456747092e+03
    3.3610000000e+01    7.4402577964e+03
    3.3615000000e+01    7.5611790986e+03
    3.3620000000e+01    7.6072889073e+03
    3.3625000000e+01    7.5792899208e+03
    3.3630000000e+01    7.4796839358e+03
    3.3635000000e+01    7.3126662424e+03
    3.3640000000e+01    7.0839716650e+03
    3.3645000000e+01    6.8006776802e+03
    3.3650000000e+01    6.4709713411e+03
    3.3655000000e+01    6.1038878072e+03
    3.3660000000e+01    5.7090290824e+03
    3.3665000000e+01    5.2962720882e+03
    3.3670000000e+01    4.8754754125e+03
    3.3675000000e+01    4.4561939892e+03
    3.3680000000e+01    4.0474105747e+03
    3.3685000000e+01    3.6572922148e+03
    3.3690000000e+01    3.2929789609e+03
    3.3695000000e+01    2.9604109340e+03
    3.3700000000e+01    2.6641984924e+03
    3.3705000000e+01    2.4075387659e+03
    3.3710000000e+01    2.1921802504e+03
    3.3715000000e+01    2.0184355417e+03
    3.3720000000e+01    1.8852406941e+03
    3.3725000000e+01    1.7902581703e+03
    3.3730000000e+01    1.7300189435e+03
    3.3735000000e+01    1.7000980844e+03
    3.3740000000e+01    1.6953171331e+03
    3.3745000000e+01    1.7099657729e+03
    3.3750000000e+01    1.7380347931e+03
    3.3755000000e+01    1.7734520857e+03
    3.3760000000e+01    1.8103134533e+03
    3.3765000000e+01    1.8431003243e+03
    3.3770000000e+01    1.8668770517e+03
    3.3775000000e+01    1.8774612966e+03
    3.3780000000e+01    1.8715620358e+03
    3.3785000000e+01    1.8468809433e+03
    3.3790000000e+01    1.8021742416e+03
    3.3795000000e+01    1.7372735452e+03
    3.3800000000e+01    1.6530656815e+03
    3.3805000000e+01    1.5514329215e+03
    3.3810000000e+01    1.4351564328e+03
    3.3815000000e+01    1.3077870317e+03
    3.3820000000e+01    1.1734884279e+03
    3.3825000000e+01    1.0368590668e+03
    3.3830000000e+01    9.0273937475e+02
    3.3835000000e+01    7.7601165755e+02
    3.3840000000e+01    6.6140009483e+02
    3.3845000000e+01    5.6327819726e+02
    3.3850000000e+01    4.8549076082e+02
    3.3855000000e+01    4.3119677256e+02
    3.3860000000e+01    4.0273891931e+02
    3.3865000000e+01    4.0154435296e+02
    3.3870000000e+01    4.2806021042e+02
    3.3875000000e+01    4.8172611387e+02
    3.3880000000e+01    5.6098453325e+02
    3.3885000000e+01    6.6332852507e+02
    3.3890000000e+01    7.8538501848e+02
    3.3895000000e+01    9.2303054738e+02
    3.3900000000e+01    1.0715351708e+03
    3.3905000000e+01    1.2257293238e+03
    3.3910000000e+01    1.3801875293e+03
    3.3915000000e+01    1.5294223117e+03
    3.3920000000e+01    1.6680812950e+03
    3.3925000000e+01    1.7911403687e+03
    3.3930000000e+01    1.8940859465e+03
    3.3935000000e+01    1.9730797447e+03
    3.3940000000e+01    2.0251001266e+03
    3.3945000000e+01    2.0480549027e+03
    3.3950000000e+01    2.0408614857e+03
    3.3955000000e+01    2.0034914647e+03
    3.3960000000e+01    1.9369779202e+03
    3.3965000000e+01    1.8433851261e+03
    3.3970000000e+01    1.7257416140e+03
    3.3975000000e+01    1.5879388733e+03
    3.3980000000e+01    1.4345991767e+03
    3.3985000000e+01    1.2709171164e+03
    3.3990000000e+01    1.1024803663e+03
    3.3995000000e+01    9.3507592502e+02
    3.4000000000e+01    7.7448861718e+02
    3.4005000000e+01    6.2629890709e+02
    3.4010000000e+01    4.9568711932e+02
    3.4015000000e+01    3.8725094362e+02
    3.4020000000e+01    3.0484264911e+02
    3.4025000000e+01    2.5143175291e+02
    3.4030000000e+01    2.2899800802e+02
    3.4035000000e+01    2.3845852422e+02
    3.4040000000e+01    2.7963165065e+02
    3.4045000000e+01    3.5123897102e+02
    3.4050000000e+01    4.5094543635e+02
    3.4055000000e+01    5.7543633178e+02
    3.4060000000e+01    7.2052848989e+02
    3.4065000000e+01    8.8131196741e+02
    3.4070000000e+01    1.0523173367e+03
    3.4075000000e+01    1.2277028456e+03
    3.4080000000e+01    1.4014549998e+03
    3.4085000000e+01    1.5675956448e+03
    3.4090000000e+01    1.7203883883e+03
    3.4095000000e+01    1.8545372145e+03
    3.4100000000e+01    1.9653703997e+03
    3.4105000000e+01    2.0490033389e+03
    3.4110000000e+01    2.1024746078e+03
    3.4115000000e+01    2.1238505068e+03
    3.4120000000e+01    2.1122944115e+03
    3.4125000000e+01    2.0680984665e+03
    3.4130000000e+01    1.9926764567e+03
    3.4135000000e+01    1.8885180261e+03
    3.4140000000e+01    1.7591057535e+03
    3.4145000000e+01    1.6087978726e+03
    3.4150000000e+01    1.4426806170e+03
    3.4155000000e+01    1.2663952210e+03
    3.4160000000e+01    1.0859454900e+03
    3.4165000000e+01    9.0749252842e+02
    3.4170000000e+01    7.3714366893e+02
    3.4175000000e+01    5.8074285099e+02
    3.4180000000e+01    4.4366966026e+02
    3.4185000000e+01    3.3065394936e+02
    3.4190000000e+01    2.4561243410e+02
    3.4195000000e+01    1.9151291132e+02
    3.4200000000e+01    1.7027080164e+02
    3.4205000000e+01    1.8268161504e+02
    3.4210000000e+01    2.2839170669e+02
    3.4215000000e+01    3.0590837804e+02
    3.4220000000e+01    4.1264902773e+02
    3.4225000000e+01    5.4502771584e+02
    3.4230000000e+01    6.9857621867e+02
    3.4235000000e+01    8.6809546477e+02
    3.4240000000e+01    1.0478321960e+03
    3.4245000000e+01    1.2316748271e+03
    3.4250000000e+01    1.4133618136e+03
    3.4255000000e+01    1.5866954020e+03
    3.4260000000e+01    1.7457534460e+03
    3.4265000000e+01    1.8850920332e+03
    3.4270000000e+01    1.9999319750e+03
    3.4275000000e+01    2.0863227609e+03
    3.4280000000e+01    2.1412783448e+03
    3.4285000000e+01    2.1628800949e+03
    3.4290000000e+01    2.1503433562e+03
    3.4295000000e+01    2.1040453237e+03
    3.4300000000e+01    2.0255132443e+03
    3.4305000000e+01    1.9173733263e+03
    3.4310000000e+01    1.7832620784e+03
    3.4315000000e+01    1.6277030910e+03
    3.4320000000e+01    1.4559534541e+03
    3.4325000000e+01    1.2738250480e+03
    3.4330000000e+01    1.0874868076e+03
    3.4335000000e+01    9.0325471085e+02
    3.4340000000e+01    7.2737666769e+02
    3.4345000000e+01    5.6581965917e+02
    3.4350000000e+01    4.2406640408e+02
    3.4355000000e+01    3.0692850326e+02
    3.4360000000e+01    2.1838245005e+02
    3.4365000000e+01    1.6143411293e+02
    3.4370000000e+01    1.3801632205e+02
    3.4375000000e+01    1.4892305829e+02
    3.4380000000e+01    1.9378249028e+02
    3.4385000000e+01    2.7106977442e+02
    3.4390000000e+01    3.7815917143e+02
    3.4395000000e+01    5.1141368635e+02
    3.4400000000e+01    6.6630915413e+02
    3.4405000000e+01    8.3758851336e+02
    3.4410000000e+01    1.0194409777e+03
    3.4415000000e+01    1.2056999621e+03
    3.4420000000e+01    1.3900529810e+03
    3.4425000000e+01    1.5662563266e+03
    3.4430000000e+01    1.7283471737e+03
    3.4435000000e+01    1.8708458506e+03
    3.4440000000e+01    1.9889413533e+03
    3.4445000000e+01    2.0786537608e+03
    3.4450000000e+01    2.1369680034e+03
    3.4455000000e+01    2.1619344232e+03
    3.4460000000e+01    2.1527327093e+03
    3.4465000000e+01    2.1096970498e+03
    3.4470000000e+01    2.0343016769e+03
    3.4475000000e+01    1.9291073462e+03
    3.4480000000e+01    1.7976706320e+03
    3.4485000000e+01    1.6444192022e+03
    3.4490000000e+01    1.4744974053e+03
    3.4495000000e+01    1.2935875220e+03
    3.4500000000e+01    1.1077128733e+03
    3.4505000000e+01    9.2302959659e+02
    3.4510000000e+01    7.4561429223e+02
    3.4515000000e+01    5.8125488282e+02
    3.4520000000e+01    4.3525191352e+02
    3.4525000000e+01    3.1223716049e+02
    3.4530000000e+01    2.1601581434e+02
    3.4535000000e+01    1.4943768993e+02
    3.4540000000e+01    1.1430190931e+02
    3.4545000000e+01    1.1129834573e+02
    3.4550000000e+01    1.3998784462e+02
    3.4555000000e+01    1.9882189357e+02
    3.4560000000e+01    2.8520104686e+02
    3.4565000000e+01    3.9557006518e+02
    3.4570000000e+01    5.2554645706e+02
    3.4575000000e+01    6.7007794665e+02
    3.4580000000e+01    8.2362338513e+02
    3.4585000000e+01    9.8035080377e+02
    3.4590000000e+01    1.1343457050e+03
    3.4595000000e+01    1.2798223232e+03
    3.4600000000e+01    1.4113304759e+03
    3.4605000000e+01    1.5239507662e+03
    3.4610000000e+01    1.6134712922e+03
    3.4615000000e+01    1.6765396504e+03
    3.4620000000e+01    1.7107848653e+03
    3.4625000000e+01    1.7149049138e+03
    3.4630000000e+01    1.6887166985e+03
    3.4635000000e+01    1.6331666215e+03
    3.4640000000e+01    1.5503012769e+03
    3.4645000000e+01    1.4431991616e+03
    3.4650000000e+01    1.3158656639e+03
    3.4655000000e+01    1.1730948692e+03
    3.4660000000e+01    1.0203028864e+03
    3.4665000000e+01    8.6333840114e+02
    3.4670000000e+01    7.0827697216e+02
    3.4675000000e+01    5.6120617298e+02
    3.4680000000e+01    4.2800902409e+02
    3.4685000000e+01    3.1415324777e+02
    3.4690000000e+01    2.2449370521e+02
    3.4695000000e+01    1.6309494821e+02
    3.4700000000e+01    1.3308015036e+02
    3.4705000000e+01    1.3651179688e+02
    3.4710000000e+01    1.7430843807e+02
    3.4715000000e+01    2.4620058568e+02
    3.4720000000e+01    3.5072749449e+02
    3.4725000000e+01    4.8527517079e+02
    3.4730000000e+01    6.4615453110e+02
    3.4735000000e+01    8.2871724800e+02
    3.4740000000e+01    1.0275055133e+03
    3.4745000000e+01    1.2364307661e+03
    3.4750000000e+01    1.4489754152e+03
    3.4755000000e+01    1.6584107713e+03
    3.4760000000e+01    1.8580238138e+03
    3.4765000000e+01    2.0413450832e+03
    3.4770000000e+01    2.2023699133e+03
    3.4775000000e+01    2.3357654115e+03
    3.4780000000e+01    2.4370560440e+03
    3.4785000000e+01    2.5027813834e+03
    3.4790000000e+01    2.5306204939e+03
    3.4795000000e+01    2.5194785440e+03
    3.4800000000e+01    2.4695325004e+03
    3.4805000000e+01    2.3822341390e+03
    3.4810000000e+01    2.2602700512e+03
    3.4815000000e+01    2.1074797838e+03
    3.4820000000e+01    1.9287346816e+03
    3.4825000000e+01    1.7297813422e+03
    3.4830000000e+01    1.5170548138e+03
    3.4835000000e+01    1.2974677116e+03
    3.4840000000e+01    1.0781822712e+03
    3.4845000000e+01    8.6637296201e+02
    3.4850000000e+01    6.6898763362e+02
    3.4855000000e+01    4.9251524778e+02
    3.4860000000e+01    3.4276805599e+02
    3.4865000000e+01    2.2468562222e+02
    3.4870000000e+01    1.4216737826e+02
    3.4875000000e+01    9.7939457955e+01
    3.4880000000e+01    9.3460417499e+01
    3.4885000000e+01    1.2886915096e+02
    3.4890000000e+01    2.0297689535e+02
    3.4895000000e+01    3.1330373698e+02
    3.4900000000e+01    4.5615852976e+02
    3.4905000000e+01    6.2675966705e+02
    3.4910000000e+01    8.1939276280e+02
    3.4915000000e+01    1.0276000402e+03
    3.4920000000e+01    1.2443951423e+03
    3.4925000000e+01    1.4624962028e+03
    3.4930000000e+01    1.6745693812e+03
    3.4935000000e+01    1.8734746924e+03
    3.4940000000e+01    2.0525058617e+03
    3.4945000000e+01    2.2056161171e+03
    3.4950000000e+01    2.3276222860e+03
    3.4955000000e+01    2.4143802752e+03
    3.4960000000e+01    2.4629259612e+03
    3.4965000000e+01    2.4715766726e+03
    3.4970000000e+01    2.4399897619e+03
    3.4975000000e+01    2.3691762044e+03
    3.4980000000e+01    2.2614686731e+03
    3.4985000000e+01    2.1204450728e+03
    3.4990000000e+01    1.9508100217e+03
    3.4995000000e+01    1.7582381891e+03
    3.5000000000e+01    1.5491846959e+03
    3.5005000000e+01    1.3306689031e+03
    3.5010000000e+01    1.1100388252e+03
    3.5015000000e+01    8.9472407153e+02
    3.5020000000e+01    6.9198562322e+02
    3.5025000000e+01    5.0867087392e+02
    3.5030000000e+01    3.5098220201e+02
    3.5035000000e+01    2.2426690110e+02
    3.5040000000e+01    1.3283558980e+02
    3.5045000000e+01    7.9815273903e+01
    3.5050000000e+01    6.7042077057e+01
    3.5055000000e+01    9.4997326535e+01
    3.5060000000e+01    1.6278922503e+02
    3.5065000000e+01    2.6818080548e+02
    3.5070000000e+01    4.0766330573e+02
    3.5075000000e+01    5.7657256609e+02
    3.5080000000e+01    7.6924459690e+02
    3.5085000000e+01    9.7920513512e+02
    3.5090000000e+01    1.1993868531e+03
    3.5095000000e+01    1.4223669380e+03
    3.5100000000e+01    1.6406170622e+03
    3.5105000000e+01    1.8467573292e+03
    3.5110000000e+01    2.0338056367e+03
    3.5115000000e+01    2.1954140309e+03
    3.5120000000e+01    2.3260840573e+03
    3.5125000000e+01    2.4213538034e+03
    3.5130000000e+01    2.4779502726e+03
    3.5135000000e+01    2.4939018880e+03
    3.5140000000e+01    2.4686072589e+03
    3.5145000000e+01    2.4028578140e+03
    3.5150000000e+01    2.2988134567e+03
    3.5155000000e+01    2.1599319793e+03
    3.5160000000e+01    1.9908545379e+03
    3.5165000000e+01    1.7972509747e+03
    3.5170000000e+01    1.5856301326e+03
    3.5175000000e+01    1.3631215038e+03
    3.5180000000e+01    1.1372355257e+03
    3.5185000000e+01    9.1561057533e+02
    3.5190000000e+01    7.0575517489e+02
    3.5195000000e+01    5.1479409861e+02
    3.5200000000e+01    3.4922695537e+02
    3.5205000000e+01    2.1470741691e+02
    3.5210000000e+01    1.1585058006e+02
    3.5215000000e+01    5.6075017107e+01
    3.5220000000e+01    3.7484911065e+01
    3.5225000000e+01    6.0796331298e+01
    3.5230000000e+01    1.2531022475e+02
    3.5235000000e+01    2.2893312810e+02
    3.5240000000e+01    3.6824499950e+02
    3.5245000000e+01    5.3861197930e+02
    3.5250000000e+01    7.3434037047e+02
    3.5255000000e+01    9.4886673286e+02
    3.5260000000e+01    1.1749777583e+03
    3.5265000000e+01    1.4050525767e+03
    3.5270000000e+01    1.6313193734e+03
    3.5275000000e+01    1.8461176964e+03
    3.5280000000e+01    2.0421576257e+03
    3.5285000000e+01    2.2127670592e+03
    3.5290000000e+01    2.3521187540e+03
    3.5295000000e+01    2.4554294233e+03
    3.5300000000e+01    2.5191241104e+03
    3.5305000000e+01    2.5409602187e+03
    3.5310000000e+01    2.5201069149e+03
    3.5315000000e+01    2.4571771189e+03
    3.5320000000e+01    2.3542108778e+03
    3.5325000000e+01    2.2146105535e+03
    3.5330000000e+01    2.0430298768e+03
    3.5335000000e+01    1.8452204711e+03
    3.5340000000e+01    1.6278408916e+03
    3.5345000000e+01    1.3982344939e+03
    3.5350000000e+01    1.1641835116e+03
    3.5355000000e+01    9.3364753904e+02
    3.5360000000e+01    7.1449516188e+02
    3.5365000000e+01    5.1423773194e+02
    3.5370000000e+01    3.3977423726e+02
    3.5375000000e+01    1.9715587237e+02
    3.5380000000e+01    9.1378280270e+01
    3.5385000000e+01    2.6208536205e+01
    3.5390000000e+01    4.0528039766e+00
    3.5395000000e+01    2.5869255676e+01
    3.5400000000e+01    9.1129350050e+01
    3.5405000000e+01    1.9782896247e+02
    3.5410000000e+01    3.4254920413e+02
    3.5415000000e+01    5.2056511451e+02
    3.5420000000e+01    7.2599881440e+02
    3.5425000000e+01    9.5201222024e+02
    3.5430000000e+01    1.1910330931e+03
    3.5435000000e+01    1.4350070725e+03
    3.5440000000e+01    1.6756674633e+03
    3.5445000000e+01    1.9048139325e+03
    3.5450000000e+01    2.1145909530e+03
    3.5455000000e+01    2.2977568132e+03
    3.5460000000e+01    2.4479342988e+03
    3.5465000000e+01    2.5598347270e+03
    3.5470000000e+01    2.6294478738e+03
    3.5475000000e+01    2.6541914285e+03
    3.5480000000e+01    2.6330149246e+03
    3.5485000000e+01    2.5664545708e+03
    3.5490000000e+01    2.4566370034e+03
    3.5495000000e+01    2.3072316395e+03
    3.5500000000e+01    2.1233529856e+03
    3.5505000000e+01    1.9114158812e+03
    3.5510000000e+01    1.6789481876e+03
    3.5515000000e+01    1.4343668117e+03
    3.5520000000e+01    1.1867241464e+03
    3.5525000000e+01    9.4543296005e+02
    3.5530000000e+01    7.1997846216e+02
    3.5535000000e+01    5.1962668051e+02
    3.5540000000e+01    3.5313838997e+02
    3.5545000000e+01    2.2849764320e+02
    3.5550000000e+01    1.5266346512e+02
    3.5555000000e+01    1.3135250914e+02
    3.5560000000e+01    1.6885945764e+02
    3.5565000000e+01    2.6792071642e+02
    3.5570000000e+01    4.2962554444e+02
    3.5575000000e+01    6.5337722321e+02
    3.5580000000e+01    9.3690525496e+02
    3.5585000000e+01    1.2763279401e+03
    3.5590000000e+01    1.6662630749e+03
    3.5595000000e+01    2.0999829845e+03
    3.5600000000e+01    2.5696087124e+03
    3.5605000000e+01    3.0663369716e+03
    3.5610000000e+01    3.5806924650e+03
    3.5615000000e+01    4.1027974320e+03
    3.5620000000e+01    4.6226498010e+03
    3.5625000000e+01    5.1304011364e+03
    3.5630000000e+01    5.6166256678e+03
    3.5635000000e+01    6.0725720731e+03
    3.5640000000e+01    6.4903903450e+03
    3.5645000000e+01    6.8633269686e+03
    3.5650000000e+01    7.1858827586e+03
    3.5655000000e+01    7.4539289958e+03
    3.5660000000e+01    7.6647789262e+03
    3.5665000000e+01    7.8172131945e+03
    3.5670000000e+01    7.9114593213e+03
    3.5675000000e+01    7.9491268500e+03
    3.5680000000e+01    7.9331012351e+03
    3.5685000000e+01    7.8674008726e+03
    3.5690000000e+01    7.7570028282e+03
    3.5695000000e+01    7.6076437886e+03
    3.5700000000e+01    7.4256034802e+03
    3.5705000000e+01    7.2174782778e+03
    3.5710000000e+01    6.9899529254e+03
    3.5715000000e+01    6.7495782222e+03
    3.5720000000e+01    6.5025621863e+03
    3.5725000000e+01    6.2545816110e+03
    3.5730000000e+01    6.0106201063e+03
    3.5735000000e+01    5.7748376811e+03
    3.5740000000e+01    5.5504757350e+03
    3.5745000000e+01    5.3398000059e+03
    3.5750000000e+01    5.1440826321e+03
    3.5755000000e+01    4.9636230698e+03
    3.5760000000e+01    4.7978062117e+03
    3.5765000000e+01    4.6451947330e+03
    3.5770000000e+01    4.5036514872e+03
    3.5775000000e+01    4.3704867306e+03
    3.5780000000e+01    4.2426241080e+03
    3.5785000000e+01    4.1167787080e+03
    3.5790000000e+01    3.9896401181e+03
    3.5795000000e+01    3.8580532903e+03
    3.5800000000e+01    3.7191901666e+03
    3.5805000000e+01    3.5707054089e+03
    3.5810000000e+01    3.4108702121e+03
    3.5815000000e+01    3.2386790277e+03
    3.5820000000e+01    3.0539250610e+03
    3.5825000000e+01    2.8572415890e+03
    3.5830000000e+01    2.6501074322e+03
    3.5835000000e+01    2.4348162634e+03
    3.5840000000e+01    2.2144107906e+03
    3.5845000000e+01    1.9925841772e+03
    3.5850000000e+01    1.7735522921e+03
    3.5855000000e+01    1.5619014928e+03
    3.5860000000e+01    1.3624175802e+03
    3.5865000000e+01    1.1799022968e+03
    3.5870000000e+01    1.0189842480e+03
    3.5875000000e+01    8.8393138205e+02
    3.5880000000e+01    7.7847216234e+02
    3.5885000000e+01    7.0563230928e+02
    3.5890000000e+01    6.6759347779e+02
    3.5895000000e+01    6.6557949523e+02
    3.5900000000e+01    6.9977483427e+02
    3.5905000000e+01    7.6927887134e+02
    3.5910000000e+01    8.7209822084e+02
    3.5915000000e+01    1.0051780843e+03
    3.5920000000e+01    1.1644721575e+03
    3.5925000000e+01    1.3450492491e+03
    3.5930000000e+01    1.5412334259e+03
    3.5935000000e+01    1.7467732685e+03
    3.5940000000e+01    1.9550347289e+03
    3.5945000000e+01    2.1592111812e+03
    3.5950000000e+01    2.3525435690e+03
    3.5955000000e+01    2.5285431130e+03
    3.5960000000e+01    2.6812088619e+03
    3.5965000000e+01    2.8052324557e+03
    3.5970000000e+01    2.8961828303e+03
    3.5975000000e+01    2.9506642040e+03
    3.5980000000e+01    2.9664415373e+03
    3.5985000000e+01    2.9425287219e+03
    3.5990000000e+01    2.8792359890e+03
    3.5995000000e+01    2.7781743960e+03
    3.6000000000e+01    2.6422167094e+03
    3.6005000000e+01    2.4754154906e+03
    3.6010000000e+01    2.2828806746e+03
    3.6015000000e+01    2.0706203387e+03
    3.6020000000e+01    1.8453496610e+03
    3.6025000000e+01    1.6142742030e+03
    3.6030000000e+01    1.3848545887e+03
    3.6035000000e+01    1.1645603524e+03
    3.6040000000e+01    9.6062117365e+02
    3.6045000000e+01    7.7978387631e+02
    3.6050000000e+01    6.2808345345e+02
    3.6055000000e+01    5.1063597250e+02
    3.6060000000e+01    4.3146054184e+02
    3.6065000000e+01    3.9333659450e+02
    3.6070000000e+01    3.9770159915e+02
    3.6075000000e+01    4.4459298075e+02
    3.6080000000e+01    5.3263656587e+02
    3.6085000000e+01    6.5908231125e+02
    3.6090000000e+01    8.1988647992e+02
    3.6095000000e+01    1.0098378517e+03
    3.6100000000e+01    1.2227240479e+03
    3.6105000000e+01    1.4515326648e+03
    3.6110000000e+01    1.6886806950e+03
    3.6115000000e+01    1.9262647147e+03
    3.6120000000e+01    2.1563235566e+03
    3.6125000000e+01    2.3711047113e+03
    3.6130000000e+01    2.5633255118e+03
    3.6135000000e+01    2.7264202694e+03
    3.6140000000e+01    2.8547649436e+03
    3.6145000000e+01    2.9438716292e+03
    3.6150000000e+01    2.9905461114e+03
    3.6155000000e+01    2.9930029376e+03
    3.6160000000e+01    2.9509338528e+03
    3.6165000000e+01    2.8655269904e+03
    3.6170000000e+01    2.7394358521e+03
    3.6175000000e+01    2.5766987983e+03
    3.6180000000e+01    2.3826114414e+03
    3.6185000000e+01    2.1635559396e+03
    3.6190000000e+01    1.9267926630e+03
    3.6195000000e+01    1.6802210103e+03
    3.6200000000e+01    1.4321172340e+03
    3.6205000000e+01    1.1908579575e+03
    3.6210000000e+01    9.6463860490e+02
    3.6215000000e+01    7.6119619287e+02
    3.6220000000e+01    5.8754584733e+02
    3.6225000000e+01    4.4974000538e+02
    3.6230000000e+01    3.5265855472e+02
    3.6235000000e+01    2.9983717452e+02
    3.6240000000e+01    2.9333990136e+02
    3.6245000000e+01    3.3368049397e+02
    3.6250000000e+01    4.1979555740e+02
    3.6255000000e+01    5.4907066453e+02
    3.6260000000e+01    7.1741893791e+02
    3.6265000000e+01    9.1940978673e+02
    3.6270000000e+01    1.1484437919e+03
    3.6275000000e+01    1.3969681547e+03
    3.6280000000e+01    1.6567257232e+03
    3.6285000000e+01    1.9190294384e+03
    3.6290000000e+01    2.1750531300e+03
    3.6295000000e+01    2.4161289866e+03
    3.6300000000e+01    2.6340417325e+03
    3.6305000000e+01    2.8213095892e+03
    3.6310000000e+01    2.9714424752e+03
    3.6315000000e+01    3.0791685962e+03
    3.6320000000e+01    3.1406215797e+03
    3.6325000000e+01    3.1534815759e+03
    3.6330000000e+01    3.1170652448e+03
    3.6335000000e+01    3.0323612290e+03
    3.6340000000e+01    2.9020095145e+03
    3.6345000000e+01    2.7302249501e+03
    3.6350000000e+01    2.5226670696e+03
    3.6355000000e+01    2.2862601750e+03
    3.6360000000e+01    2.0289693333e+03
    3.6365000000e+01    1.7595394558e+03
    3.6370000000e+01    1.4872059210e+03
    3.6375000000e+01    1.2213862148e+03
    3.6380000000e+01    9.7136277299e+02
    3.6385000000e+01    7.4596758186e+02
    3.6390000000e+01    5.5327912086e+02
    3.6395000000e+01    4.0034190301e+02
    3.6400000000e+01    2.9291820047e+02
    3.6405000000e+01    2.3528054981e+02
    3.6410000000e+01    2.3005234668e+02
    3.6415000000e+01    2.7810230299e+02
    3.6420000000e+01    3.7849680030e+02
    3.6425000000e+01    5.2851228776e+02
    3.6430000000e+01    7.2370790177e+02
    3.6435000000e+01    9.5805649337e+02
    3.6440000000e+01    1.2241303025e+03
    3.6445000000e+01    1.5133356809e+03
    3.6450000000e+01    1.8161895986e+03
    3.6455000000e+01    2.1226292273e+03
    3.6460000000e+01    2.4223447297e+03
    3.6465000000e+01    2.7051245310e+03
    3.6470000000e+01    2.9612018442e+03
    3.6475000000e+01    3.1815910779e+03
    3.6480000000e+01    3.3584029834e+03
    3.6485000000e+01    3.4851279906e+03
    3.6490000000e+01    3.5568781237e+03
    3.6495000000e+01    3.5705791492e+03
    3.6500000000e+01    3.5251061481e+03
    3.6505000000e+01    3.4213574789e+03
    3.6510000000e+01    3.2622640440e+03
    3.6515000000e+01    3.0527328361e+03
    3.6520000000e+01    2.7995258468e+03
    3.6525000000e+01    2.5110775095e+03
    3.6530000000e+01    2.1972558459e+03
    3.6535000000e+01    1.8690743298e+03
    3.6540000000e+01    1.5383631159e+03
    3.6545000000e+01    1.2174096393e+03
    3.6550000000e+01    9.1857964886e+02
    3.6555000000e+01    6.5393043304e+02
    3.6560000000e+01    4.3482833438e+02
    3.6565000000e+01    2.7158259045e+02
    3.6570000000e+01    1.7310710538e+02
    3.6575000000e+01    1.4662094663e+02
    3.6580000000e+01    1.9739720772e+02
    3.6585000000e+01    3.2856841275e+02
    3.6590000000e+01    5.4099490833e+02
    3.6595000000e+01    8.3320074966e+02
    3.6600000000e+01    1.2013794981e+03
    3.6605000000e+01    1.6394701777e+03
    3.6610000000e+01    2.1393014529e+03
    3.6615000000e+01    2.6907999624e+03
    3.6620000000e+01    3.2822567394e+03
    3.6625000000e+01    3.9006438327e+03
    3.6630000000e+01    4.5319716718e+03
    3.6635000000e+01    5.1616764445e+03
    3.6640000000e+01    5.7750258175e+03
    3.6645000000e+01    6.3575307572e+03
    3.6650000000e+01    6.8953510199e+03
    3.6655000000e+01    7.3756820820e+03
    3.6660000000e+01    7.7871118652e+03
    3.6665000000e+01    8.1199365604e+03
    3.6670000000e+01    8.3664261361e+03
    3.6675000000e+01    8.5210316904e+03
    3.6680000000e+01    8.5805286227e+03
    3.6685000000e+01    8.5440915978e+03
    3.6690000000e+01    8.4132993968e+03
    3.6695000000e+01    8.1920699143e+03
    3.6700000000e+01    7.8865277206e+03
    3.6705000000e+01    7.5048086673e+03
    3.6710000000e+01    7.0568079376e+03
    3.6715000000e+01    6.5538796431e+03
    3.6720000000e+01    6.0084975095e+03
    3.6725000000e+01    5.4338873278e+03
    3.6730000000e+01    4.8436426310e+03
    3.6735000000e+01    4.2513354798e+03
    3.6740000000e+01    3.6701342820e+03
    3.6745000000e+01    3.1124402356e+03
    3.6750000000e+01    2.5895532871e+03
    3.6755000000e+01    2.1113774559e+03
    3.6760000000e+01    1.6861740363e+03
    3.6765000000e+01    1.3203695819e+03
    3.6770000000e+01    1.0184237762e+03
    3.6775000000e+01    7.8276033441e+02
    3.6780000000e+01    6.1376205100e+02
    3.6785000000e+01    5.0982905327e+02
    3.6790000000e+01    4.6749732452e+02
    3.6795000000e+01    4.8161267293e+02
    3.6800000000e+01    5.4555361418e+02
    3.6805000000e+01    6.5149515411e+02
    3.6810000000e+01    7.9070425302e+02
    3.6815000000e+01    9.5385685946e+02
    3.6820000000e+01    1.1313658469e+03
    3.6825000000e+01    1.3137089859e+03
    3.6830000000e+01    1.4917462391e+03
    3.6835000000e+01    1.6570161737e+03
    3.6840000000e+01    1.8020021170e+03
    3.6845000000e+01    1.9203598154e+03
    3.6850000000e+01    2.0070997464e+03
    3.6855000000e+01    2.0587188373e+03
    3.6860000000e+01    2.0732780983e+03
    3.6865000000e+01    2.0504245330e+03
    3.6870000000e+01    1.9913575745e+03
    3.6875000000e+01    1.8987421546e+03
    3.6880000000e+01    1.7765722777e+03
    3.6885000000e+01    1.6299905906e+03
    3.6890000000e+01    1.4650708546e+03
    3.6895000000e+01    1.2885713966e+03
    3.6900000000e+01    1.1076684987e+03
    3.6905000000e+01    9.2967926192e+02
    3.6910000000e+01    7.6178372466e+02
    3.6915000000e+01    6.1075592742e+02
    3.6920000000e+01    4.8271320229e+02
    3.6925000000e+01    3.8289223754e+02
    3.6930000000e+01    3.1545945754e+02
    3.6935000000e+01    2.8336199968e+02
    3.6940000000e+01    2.8822410851e+02
    3.6945000000e+01    3.3029215283e+02
    3.6950000000e+01    4.0842976131e+02
    3.6955000000e+01    5.2016282389e+02
    3.6960000000e+01    6.6177237974e+02
    3.6965000000e+01    8.2843176694e+02
    3.6970000000e+01    1.0143828989e+03
    3.6975000000e+01    1.2131452091e+03
    3.6980000000e+01    1.4177497133e+03
    3.6985000000e+01    1.6209898109e+03
    3.6990000000e+01    1.8156799146e+03
    3.6995000000e+01    1.9949127726e+03
    3.7000000000e+01    2.1523064411e+03
    3.7005000000e+01    2.2822322648e+03
    3.7010000000e+01    2.3800159252e+03
    3.7015000000e+01    2.4421045803e+03
    3.7020000000e+01    2.4661943294e+03
    3.7025000000e+01    2.4513136298e+03
    3.7030000000e+01    2.3978598386e+03
    3.7035000000e+01    2.3075876873e+03
    3.7040000000e+01    2.1835501656e+03
    3.7045000000e+01    2.0299939410e+03
    3.7050000000e+01    1.8522130092e+03
    3.7055000000e+01    1.6563657095e+03
    3.7060000000e+01    1.4492614947e+03
    3.7065000000e+01    1.2381248829e+03
    3.7070000000e+01    1.0303447911e+03
    3.7075000000e+01    8.3321794516e+02
    3.7080000000e+01    6.5369525362e+02
    3.7085000000e+01    4.9813991902e+02
    3.7090000000e+01    3.7210564665e+02
    3.7095000000e+01    2.8014261056e+02
    3.7100000000e+01    2.2563787432e+02
    3.7105000000e+01    2.1069577388e+02
    3.7110000000e+01    2.3606239239e+02
    3.7115000000e+01    3.0109673944e+02
    3.7120000000e+01    4.0378964261e+02
    3.7125000000e+01    5.4082972137e+02
    3.7130000000e+01    7.0771419909e+02
    3.7135000000e+01    8.9890077306e+02
    3.7140000000e+01    1.1079953568e+03
    3.7145000000e+01    1.3279692819e+03
    3.7150000000e+01    1.5513985406e+03
    3.7155000000e+01    1.7707168951e+03
    3.7160000000e+01    1.9784742089e+03
    3.7165000000e+01    2.1675911759e+03
    3.7170000000e+01    2.3316017447e+03
    3.7175000000e+01    2.4648749570e+03
    3.7180000000e+01    2.5628086195e+03
    3.7185000000e+01    2.6219881863e+03
    3.7190000000e+01    2.6403054160e+03
    3.7195000000e+01    2.6170327338e+03
    3.7200000000e+01    2.5528507364e+03
    3.7205000000e+01    2.4498278708e+03
    3.7210000000e+01    2.3113529444e+03
    3.7215000000e+01    2.1420227239e+03
    3.7220000000e+01    1.9474884089e+03
    3.7225000000e+01    1.7342661611e+03
    3.7230000000e+01    1.5095180899e+03
    3.7235000000e+01    1.2808110986e+03
    3.7240000000e+01    1.0558617477e+03
    3.7245000000e+01    8.4227576362e+02
    3.7250000000e+01    6.4729100641e+02
    3.7255000000e+01    4.7753259216e+02
    3.7260000000e+01    3.3878845506e+02
    3.7265000000e+01    2.3581294373e+02
    3.7270000000e+01    1.7216509811e+02
    3.7275000000e+01    1.5008708176e+02
    3.7280000000e+01    1.7042688720e+02
    3.7285000000e+01    2.3260793704e+02
    3.7290000000e+01    3.3464662048e+02
    3.7295000000e+01    4.7321718689e+02
    3.7300000000e+01    6.4376182162e+02
    3.7305000000e+01    8.4064220587e+02
    3.7310000000e+01    1.0573274656e+03
    3.7315000000e+01    1.2866121901e+03
    3.7320000000e+01    1.5208571900e+03
    3.7325000000e+01    1.7522449023e+03
    3.7330000000e+01    1.9730408614e+03
    3.7335000000e+01    2.1758524528e+03
    3.7340000000e+01    2.3538762666e+03
    3.7345000000e+01    2.5011257522e+03
    3.7350000000e+01    2.6126315466e+03
    3.7355000000e+01    2.6846077710e+03
    3.7360000000e+01    2.7145787391e+03
    3.7365000000e+01    2.7014618537e+03
    3.7370000000e+01    2.6456039455e+03
    3.7375000000e+01    2.5487698697e+03
    3.7380000000e+01    2.4140837804e+03
    3.7385000000e+01    2.2459250904e+03
    3.7390000000e+01    2.0497826383e+03
    3.7395000000e+01    1.8320719822e+03
    3.7400000000e+01    1.5999219679e+03
    3.7405000000e+01    1.3609377384e+03
    3.7410000000e+01    1.1229481294e+03
    3.7415000000e+01    8.9374590468e+02
    3.7420000000e+01    6.8082950895e+02
    3.7425000000e+01    4.9115494876e+02
    3.7430000000e+01    3.3090605545e+02
    3.7435000000e+01    2.0529075170e+02
    3.7440000000e+01    1.1837005650e+02
    3.7445000000e+01    7.2925452849e+01
    3.7450000000e+01    7.0368946456e+01
    3.7455000000e+01    1.1069870582e+02
    3.7460000000e+01    1.9250164359e+02
    3.7465000000e+01    3.1300272773e+02
    3.7470000000e+01    4.6815925160e+02
    3.7475000000e+01    6.5279679746e+02
    3.7480000000e+01    8.6078224817e+02
    3.7485000000e+01    1.0852279829e+03
    3.7490000000e+01    1.3187203756e+03
    3.7495000000e+01    1.5535649320e+03
    3.7500000000e+01    1.7820398808e+03
    3.7505000000e+01    1.9966497891e+03
    3.7510000000e+01    2.1903708121e+03
    3.7515000000e+01    2.3568795111e+03
    3.7520000000e+01    2.4907577622e+03
    3.7525000000e+01    2.5876671221e+03
    3.7530000000e+01    2.6444870738e+03
    3.7535000000e+01    2.6594128177e+03
    3.7540000000e+01    2.6320096542e+03
    3.7545000000e+01    2.5632224757e+03
    3.7550000000e+01    2.4553403983e+03
    3.7555000000e+01    2.3119180673e+03
    3.7560000000e+01    2.1376566103e+03
    3.7565000000e+01    1.9382485426e+03
    3.7570000000e+01    1.7201921039e+03
    3.7575000000e+01    1.4905814865e+03
    3.7580000000e+01    1.2568801677e+03
    3.7585000000e+01    1.0266850610e+03
    3.7590000000e+01    8.0748943566e+02
    3.7595000000e+01    6.0645251413e+02
    3.7600000000e+01    4.3018334689e+02
    3.7605000000e+01    2.8454599515e+02
    3.7610000000e+01    1.7449224647e+02
    3.7615000000e+01    1.0392707328e+02
    3.7620000000e+01    7.5610859344e+01
    3.7625000000e+01    9.1101103539e+01
    3.7630000000e+01    1.5073491265e+02
    3.7635000000e+01    2.5365216303e+02
    3.7640000000e+01    3.9785779617e+02
    3.7645000000e+01    5.8032036419e+02
    3.7650000000e+01    7.9710270538e+02
    3.7655000000e+01    1.0435195500e+03
    3.7660000000e+01    1.3143159700e+03
    3.7665000000e+01    1.6038599214e+03
    3.7670000000e+01    1.9063417145e+03
    3.7675000000e+01    2.2159730833e+03
    3.7680000000e+01    2.5271786371e+03
    3.7685000000e+01    2.8347728400e+03
    3.7690000000e+01    3.1341162735e+03
    3.7695000000e+01    3.4212457721e+03
    3.7700000000e+01    3.6929740463e+03
    3.7705000000e+01    3.9469555836e+03
    3.7710000000e+01    4.1817169135e+03
    3.7715000000e+01    4.3966506744e+03
    3.7720000000e+01    4.5919742918e+03
    3.7725000000e+01    4.7686554190e+03
    3.7730000000e+01    4.9283075390e+03
    3.7735000000e+01    5.0730602610e+03
    3.7740000000e+01    5.2054097974e+03
    3.7745000000e+01    5.3280558618e+03
    3.7750000000e+01    5.4437317520e+03
    3.7755000000e+01    5.5550346487e+03
    3.7760000000e+01    5.6642631681e+03
    3.7765000000e+01    5.7732689523e+03
    3.7770000000e+01    5.8833285649e+03
    3.7775000000e+01    5.9950412140e+03
    3.7780000000e+01    6.1082568565e+03
    3.7785000000e+01    6.2220381030e+03
    3.7790000000e+01    6.3346580593e+03
    3.7795000000e+01    6.4436348722e+03
    3.7800000000e+01    6.5458023342e+03
    3.7805000000e+01    6.6374144941e+03
    3.7810000000e+01    6.7142808773e+03
    3.7815000000e+01    6.7719276818e+03
    3.7820000000e+01    6.8057792327e+03
    3.7825000000e+01    6.8113530958e+03
    3.7830000000e+01    6.7844615925e+03
    3.7835000000e+01    6.7214120614e+03
    3.7840000000e+01    6.6191980879e+03
    3.7845000000e+01    6.4756740814e+03
    3.7850000000e+01    6.2897060182e+03
    3.7855000000e+01    6.0612918764e+03
    3.7860000000e+01    5.7916462424e+03
    3.7865000000e+01    5.4832447415e+03
    3.7870000000e+01    5.1398252910e+03
    3.7875000000e+01    4.7663446597e+03
    3.7880000000e+01    4.3688903775e+03
    3.7885000000e+01    3.9545496360e+03
    3.7890000000e+01    3.5312383808e+03
    3.7895000000e+01    3.1074952835e+03
    3.7900000000e+01    2.6922466245e+03
    3.7905000000e+01    2.2945492823e+03
    3.7910000000e+01    1.9233199549e+03
    3.7915000000e+01    1.5870594114e+03
    3.7920000000e+01    1.2935809465e+03
    3.7925000000e+01    1.0497522790e+03
    3.7930000000e+01    8.6125988763e+02
    3.7935000000e+01    7.3240421518e+02
    3.7940000000e+01    6.6593331122e+02
    3.7945000000e+01    6.6292135104e+02
    3.7950000000e+01    7.2269709467e+02
    3.7955000000e+01    8.4282578111e+02
    3.7960000000e+01    1.0191462381e+03
    3.7965000000e+01    1.2458631842e+03
    3.7970000000e+01    1.5156928649e+03
    3.7975000000e+01    1.8200583635e+03
    3.7980000000e+01    2.1493292180e+03
    3.7985000000e+01    2.4930984177e+03
    3.7990000000e+01    2.8404885031e+03
    3.7995000000e+01    3.1804773977e+03
    3.8000000000e+01    3.5022337976e+03
    3.8005000000e+01    3.7954514725e+03
    3.8010000000e+01    4.0506717003e+03
    3.8015000000e+01    4.2595832871e+03
    3.8020000000e+01    4.4152901991e+03
    3.8025000000e+01    4.5125377526e+03
    3.8030000000e+01    4.5478895320e+03
    3.8035000000e+01    4.5198487092e+03
    3.8040000000e+01    4.4289191670e+03
    3.8045000000e+01    4.2776037300e+03
    3.8050000000e+01    4.0703388231e+03
    3.8055000000e+01    3.8133669382e+03
    3.8060000000e+01    3.5145503309e+03
    3.8065000000e+01    3.1831313223e+03
    3.8070000000e+01    2.8294463769e+03
    3.8075000000e+01    2.4646027149e+03
    3.8080000000e+01    2.1001275268e+03
    3.8085000000e+01    1.7476008587e+03
    3.8090000000e+01    1.4182838816e+03
    3.8095000000e+01    1.1227545273e+03
    3.8100000000e+01    8.7056235080e+02
    3.8105000000e+01    6.6991397033e+02
    3.8110000000e+01    5.2739954747e+02
    3.8115000000e+01    4.4776953103e+02
    3.8120000000e+01    4.3376933555e+02
    3.8125000000e+01    4.8603780639e+02
    3.8130000000e+01    6.0307329578e+02
    3.8135000000e+01    7.8126900269e+02
    3.8140000000e+01    1.0150169836e+03
    3.8145000000e+01    1.2968779950e+03
    3.8150000000e+01    1.6178121543e+03
    3.8155000000e+01    1.9674633777e+03
    3.8160000000e+01    2.3344887370e+03
    3.8165000000e+01    2.7069223360e+03
    3.8170000000e+01    3.0725620926e+03
    3.8175000000e+01    3.4193669678e+03
    3.8180000000e+01    3.7358517415e+03
    3.8185000000e+01    4.0114664062e+03
    3.8190000000e+01    4.2369476536e+03
    3.8195000000e+01    4.4046307372e+03
    3.8200000000e+01    4.5087111990e+03
    3.8205000000e+01    4.5454475074e+03
    3.8210000000e+01    4.5132975119e+03
    3.8215000000e+01    4.4129837395e+03
    3.8220000000e+01    4.2474848418e+03
    3.8225000000e+01    4.0219529058e+03
    3.8230000000e+01    3.7435587686e+03
    3.8235000000e+01    3.4212698505e+03
    3.8240000000e+01    3.0655672755e+03
    3.8245000000e+01    2.6881110891e+03
    3.8250000000e+01    2.3013641598e+03
    3.8255000000e+01    1.9181867910e+03
    3.8260000000e+01    1.5514151289e+03
    3.8265000000e+01    1.2134370918e+03
    3.8270000000e+01    9.1577973847e+02
    3.8275000000e+01    6.6872173606e+02
    3.8280000000e+01    4.8094387596e+02
    3.8285000000e+01    3.5922944653e+02
    3.8290000000e+01    3.0822473606e+02
    3.8295000000e+01    3.3026805288e+02
    3.8300000000e+01    4.2529347325e+02
    3.8305000000e+01    5.9081312974e+02
    3.8310000000e+01    8.2197930888e+02
    3.8315000000e+01    1.1117250203e+03
    3.8320000000e+01    1.4509791134e+03
    3.8325000000e+01    1.8289495380e+03
    3.8330000000e+01    2.2334660529e+03
    3.8335000000e+01    2.6513716582e+03
    3.8340000000e+01    3.0689503319e+03
    3.8345000000e+01    3.4723773447e+03
    3.8350000000e+01    3.8481775601e+03
    3.8355000000e+01    4.1836767259e+03
    3.8360000000e+01    4.4674308477e+03
    3.8365000000e+01    4.6896193100e+03
    3.8370000000e+01    4.8423884533e+03
    3.8375000000e+01    4.9201338051e+03
    3.8380000000e+01    4.9197110498e+03
    3.8385000000e+01    4.8405680494e+03
    3.8390000000e+01    4.6847927261e+03
    3.8395000000e+01    4.4570743103e+03
    3.8400000000e+01    4.1645782587e+03
    3.8405000000e+01    3.8167379618e+03
    3.8410000000e+01    3.4249691091e+03
    3.8415000000e+01    3.0023151593e+03
    3.8420000000e+01    2.5630347010e+03
    3.8425000000e+01    2.1221434977e+03
    3.8430000000e+01    1.6949256316e+03
    3.8435000000e+01    1.2964293282e+03
    3.8440000000e+01    9.4096372630e+02
    3.8445000000e+01    6.4161301948e+02
    3.8450000000e+01    4.0978403406e+02
    3.8455000000e+01    2.5480242569e+02
    3.8460000000e+01    1.8357129770e+02
    3.8465000000e+01    2.0030420977e+02
    3.8470000000e+01    3.0634230663e+02
    3.8475000000e+01    5.0006272417e+02
    3.8480000000e+01    7.7688260118e+02
    3.8485000000e+01    1.1293600270e+03
    3.8490000000e+01    1.5473901834e+03
    3.8495000000e+01    2.0184918862e+03
    3.8500000000e+01    2.5281768026e+03
    3.8505000000e+01    3.0603908955e+03
    3.8510000000e+01    3.5980152285e+03
    3.8515000000e+01    4.1234112199e+03
    3.8520000000e+01    4.6189938406e+03
    3.8525000000e+01    5.0678151518e+03
    3.8530000000e+01    5.4541400204e+03
    3.8535000000e+01    5.7639958551e+03
    3.8540000000e+01    5.9856787703e+03
    3.8545000000e+01    6.1101997058e+03
    3.8550000000e+01    6.1316556711e+03
    3.8555000000e+01    6.0475133961e+03
    3.8560000000e+01    5.8587952000e+03
    3.8565000000e+01    5.5701597515e+03
    3.8570000000e+01    5.1898735112e+03
    3.8575000000e+01    4.7296719181e+03
    3.8580000000e+01    4.2045127125e+03
    3.8585000000e+01    3.6322270699e+03
    3.8590000000e+01    3.0330773625e+03
    3.8595000000e+01    2.4292332576e+03
    3.8600000000e+01    1.8441804281e+03
    3.8605000000e+01    1.3020783005e+03
    3.8610000000e+01    8.2708493680e+02
    3.8615000000e+01    4.4266828672e+02
    3.8620000000e+01    1.7092361358e+02
    3.8625000000e+01    3.1916879682e+01
    3.8630000000e+01    4.3073265481e+01
    3.8635000000e+01    2.1862881435e+02
    3.8640000000e+01    5.6916147186e+02
    3.8645000000e+01    1.1012155777e+03
    3.8650000000e+01    1.8170312344e+03
    3.8655000000e+01    2.7143870003e+03
    3.8660000000e+01    3.7865611202e+03
    3.8665000000e+01    5.0224131183e+03
    3.8670000000e+01    6.4065841294e+03
    3.8675000000e+01    7.9198109457e+03
    3.8680000000e+01    9.5393455043e+03
    3.8685000000e+01    1.1239468533e+04
    3.8690000000e+01    1.2992083402e+04
    3.8695000000e+01    1.4767373973e+04
    3.8700000000e+01    1.6534508447e+04
    3.8705000000e+01    1.8262369989e+04
    3.8710000000e+01    1.9920294187e+04
    3.8715000000e+01    2.1478793356e+04
    3.8720000000e+01    2.2910248120e+04
    3.8725000000e+01    2.4189547819e+04
    3.8730000000e+01    2.5294662818e+04
    3.8735000000e+01    2.6207133881e+04
    3.8740000000e+01    2.6912466240e+04
    3.8745000000e+01    2.7400418811e+04
    3.8750000000e+01    2.7665182053e+04
    3.8755000000e+01    2.7705441203e+04
    3.8760000000e+01    2.7524324893e+04
    3.8765000000e+01    2.7129242389e+04
    3.8770000000e+01    2.6531615809e+04
    3.8775000000e+01    2.5746516533e+04
    3.8780000000e+01    2.4792217595e+04
    3.8785000000e+01    2.3689676026e+04
    3.8790000000e+01    2.2461960839e+04
    3.8795000000e+01    2.1133643605e+04
    3.8800000000e+01    1.9730169281e+04
    3.8805000000e+01    1.8277225129e+04
    3.8810000000e+01    1.6800125230e+04
    3.8815000000e+01    1.5323227220e+04
    3.8820000000e+01    1.3869396544e+04
    3.8825000000e+01    1.2459531731e+04
    3.8830000000e+01    1.1112162065e+04
    3.8835000000e+01    9.8431265864e+03
    3.8840000000e+01    8.6653406910e+03
    3.8845000000e+01    7.5886538123e+03
    3.8850000000e+01    6.6197988562e+03
    3.8855000000e+01    5.7624312638e+03
    3.8860000000e+01    5.0172529386e+03
    3.8865000000e+01    4.3822138467e+03
    3.8870000000e+01    3.8527819459e+03
    3.8875000000e+01    3.4222703080e+03
    3.8880000000e+01    3.0822088960e+03
    3.8885000000e+01    2.8227474905e+03
    3.8890000000e+01    2.6330757497e+03
    3.8895000000e+01    2.5018463383e+03
    3.8900000000e+01    2.4175874598e+03
    3.8905000000e+01    2.3690919657e+03
    3.8910000000e+01    2.3457714369e+03
    3.8915000000e+01    2.3379652071e+03
    3.8920000000e+01    2.3371961547e+03
    3.8925000000e+01    2.3363671633e+03
    3.8930000000e+01    2.3298943737e+03
    3.8935000000e+01    2.3137756348e+03
    3.8940000000e+01    2.2855948404e+03
    3.8945000000e+01    2.2444650308e+03
    3.8950000000e+01    2.1909151697e+03
    3.8955000000e+01    2.1267273191e+03
    3.8960000000e+01    2.0547324648e+03
    3.8965000000e+01    1.9785744504e+03
    3.8970000000e+01    1.9024523193e+03
    3.8975000000e+01    1.8308518286e+03
    3.8980000000e+01    1.7682769682e+03
    3.8985000000e+01    1.7189920044e+03
    3.8990000000e+01    1.6867838867e+03
    3.8995000000e+01    1.6747538368e+03
    3.9000000000e+01    1.6851456289e+03
    3.9005000000e+01    1.7192165108e+03
    3.9010000000e+01    1.7771549762e+03
    3.9015000000e+01    1.8580477368e+03
    3.9020000000e+01    1.9598963285e+03
    3.9025000000e+01    2.0796818886e+03
    3.9030000000e+01    2.2134748258e+03
    3.9035000000e+01    2.3565844399e+03
    3.9040000000e+01    2.5037420820e+03
    3.9045000000e+01    2.6493102419e+03
    3.9050000000e+01    2.7875090314e+03
    3.9055000000e+01    2.9126509476e+03
    3.9060000000e+01    3.0193745500e+03
    3.9065000000e+01    3.1028677862e+03
    3.9070000000e+01    3.1590721456e+03
    3.9075000000e+01    3.1848595785e+03
    3.9080000000e+01    3.1781751811e+03
    3.9085000000e+01    3.1381399495e+03
    3.9090000000e+01    3.0651094210e+03
    3.9095000000e+01    2.9606856807e+03
    3.9100000000e+01    2.8276819554e+03
    3.9105000000e+01    2.6700407944e+03
    3.9110000000e+01    2.4927085614e+03
    3.9115000000e+01    2.3014705975e+03
    3.9120000000e+01    2.1027528806e+03
    3.9125000000e+01    1.9033972687e+03
    3.9130000000e+01    1.7104184096e+03
    3.9135000000e+01    1.5307511117e+03
    3.9140000000e+01    1.3709973597e+03
    3.9145000000e+01    1.2371822157e+03
    3.9150000000e+01    1.1345275765e+03
    3.9155000000e+01    1.0672521557e+03
    3.9160000000e+01    1.0384051624e+03
    3.9165000000e+01    1.0497399765e+03
    3.9170000000e+01    1.1016327201e+03
    3.9175000000e+01    1.1930490476e+03
    3.9180000000e+01    1.3215607707e+03
    3.9185000000e+01    1.4834121679e+03
    3.9190000000e+01    1.6736340596e+03
    3.9195000000e+01    1.8862020196e+03
    3.9200000000e+01    2.1142335075e+03
    3.9205000000e+01    2.3502172952e+03
    3.9210000000e+01    2.5862673789e+03
    3.9215000000e+01    2.8143926530e+03
    3.9220000000e+01    3.0267730119e+03
    3.9225000000e+01    3.2160322599e+03
    3.9230000000e+01    3.3754982574e+03
    3.9235000000e+01    3.4994411167e+03
    3.9240000000e+01    3.5832809674e+03
    3.9245000000e+01    3.6237578194e+03
    3.9250000000e+01    3.6190573224e+03
    3.9255000000e+01    3.5688877140e+03
    3.9260000000e+01    3.4745049179e+03
    3.9265000000e+01    3.3386845264e+03
    3.9270000000e+01    3.1656412407e+03
    3.9275000000e+01    2.9608981570e+03
    3.9280000000e+01    2.7311100398e+03
    3.9285000000e+01    2.4838463329e+03
    3.9290000000e+01    2.2273410854e+03
    3.9295000000e+01    1.9702181488e+03
    3.9300000000e+01    1.7212009062e+03
    3.9305000000e+01    1.4888163762e+03
    3.9310000000e+01    1.2811037890e+03
    3.9315000000e+01    1.1053376339e+03
    3.9320000000e+01    9.6777474097e+02
    3.9325000000e+01    8.7343418954e+02
    3.9330000000e+01    8.2591776198e+02
    3.9335000000e+01    8.2727731930e+02
    3.9340000000e+01    8.7793390542e+02
    3.9345000000e+01    9.7665164853e+02
    3.9350000000e+01    1.1205676746e+03
    3.9355000000e+01    1.3052773459e+03
    3.9360000000e+01    1.5249722485e+03
    3.9365000000e+01    1.7726265462e+03
    3.9370000000e+01    2.0402256475e+03
    3.9375000000e+01    2.3190296677e+03
    3.9380000000e+01    2.5998629459e+03
    3.9385000000e+01    2.8734199505e+03
    3.9390000000e+01    3.1305773072e+03
    3.9395000000e+01    3.3627014218e+03
    3.9400000000e+01    3.5619412785e+03
    3.9405000000e+01    3.7214964417e+03
    3.9410000000e+01    3.8358510912e+03
    3.9415000000e+01    3.9009660257e+03
    3.9420000000e+01    3.9144219589e+03
    3.9425000000e+01    3.8755090529e+03
    3.9430000000e+01    3.7852594283e+03
    3.9435000000e+01    3.6464213057e+03
    3.9440000000e+01    3.4633754004e+03
    3.9445000000e+01    3.2419961448e+03
    3.9450000000e+01    2.9894621854e+03
    3.9455000000e+01    2.7140223313e+03
    3.9460000000e+01    2.4247246575e+03
    3.9465000000e+01    2.1311177347e+03
    3.9470000000e+01    1.8429339323e+03
    3.9475000000e+01    1.5697653783e+03
    3.9480000000e+01    1.3207434405e+03
    3.9485000000e+01    1.1042325141e+03
    3.9490000000e+01    9.2754844793e+02
    3.9495000000e+01    7.9671114563e+02
    3.9500000000e+01    7.1623975195e+02
    3.9505000000e+01    6.8899742444e+02
    3.9510000000e+01    7.1609103775e+02
    3.9515000000e+01    7.9682933066e+02
    3.9520000000e+01    9.2874104427e+02
    3.9525000000e+01    1.1076525813e+03
    3.9530000000e+01    1.3278227072e+03
    3.9535000000e+01    1.5821298853e+03
    3.9540000000e+01    1.8623060500e+03
    3.9545000000e+01    2.1592090454e+03
    3.9550000000e+01    2.4631246304e+03
    3.9555000000e+01    2.7640879395e+03
    3.9560000000e+01    3.0522136077e+03
    3.9565000000e+01    3.3180234587e+03
    3.9570000000e+01    3.5527607150e+03
    3.9575000000e+01    3.7486801275e+03
    3.9580000000e+01    3.8993042200e+03
    3.9585000000e+01    3.9996369745e+03
    3.9590000000e+01    4.0463277123e+03
    3.9595000000e+01    4.0377796070e+03
    3.9600000000e+01    3.9741991322e+03
    3.9605000000e+01    3.8575847508e+03
    3.9610000000e+01    3.6916552146e+03
    3.9615000000e+01    3.4817198993e+03
    3.9620000000e+01    3.2344955760e+03
    3.9625000000e+01    2.9578758528e+03
    3.9630000000e+01    2.6606611462e+03
    3.9635000000e+01    2.3522583987e+03
    3.9640000000e+01    2.0423608105e+03
    3.9645000000e+01    1.7406185504e+03
    3.9650000000e+01    1.4563117436e+03
    3.9655000000e+01    1.1980369698e+03
    3.9660000000e+01    9.7341806759e+02
    3.9665000000e+01    7.8885122321e+02
    3.9670000000e+01    6.4929316557e+02
    3.9675000000e+01    5.5809982330e+02
    3.9680000000e+01    5.1692107727e+02
    3.9685000000e+01    5.2565532054e+02
    3.9690000000e+01    5.8246548072e+02
    3.9695000000e+01    6.8385603880e+02
    3.9700000000e+01    8.2480846444e+02
    3.9705000000e+01    9.9897045426e+02
    3.9710000000e+01    1.1988924758e+03
    3.9715000000e+01    1.4163034511e+03
    3.9720000000e+01    1.6424160201e+03
    3.9725000000e+01    1.8682507495e+03
    3.9730000000e+01    2.0849679446e+03
    3.9735000000e+01    2.2841953960e+03
    3.9740000000e+01    2.4583404717e+03
    3.9745000000e+01    2.6008754408e+03
    3.9750000000e+01    2.7065857837e+03
    3.9755000000e+01    2.7717724609e+03
    3.9760000000e+01    2.7944006614e+03
    3.9765000000e+01    2.7741893606e+03
    3.9770000000e+01    2.7126380372e+03
    3.9775000000e+01    2.6129890621e+03
    3.9780000000e+01    2.4801264992e+03
    3.9785000000e+01    2.3204142780e+03
    3.9790000000e+01    2.1414788369e+03
    3.9795000000e+01    1.9519433114e+03
    3.9800000000e+01    1.7611220950e+03
    3.9805000000e+01    1.5786860644e+03
    3.9810000000e+01    1.4143098811e+03
    3.9815000000e+01    1.2773135252e+03
    3.9820000000e+01    1.1763105448e+03
    3.9825000000e+01    1.1188754138e+03
    3.9830000000e+01    1.1112418674e+03
    3.9835000000e+01    1.1580431559e+03
    3.9840000000e+01    1.2621038419e+03
    3.9845000000e+01    1.4242911106e+03
    3.9850000000e+01    1.6434316136e+03
    3.9855000000e+01    1.9162977008e+03
    3.9860000000e+01    2.2376645633e+03
    3.9865000000e+01    2.6004374142e+03
    3.9870000000e+01    2.9958454291e+03
    3.9875000000e+01    3.4136968610e+03
    3.9880000000e+01    3.8426875899e+03
    3.9885000000e+01    4.2707534580e+03
    3.9890000000e+01    4.6854551338e+03
    3.9895000000e+01    5.0743830042e+03
    3.9900000000e+01    5.4255687562e+03
    3.9905000000e+01    5.7278899096e+03
    3.9910000000e+01    5.9714536267e+03
    3.9915000000e+01    6.1479466371e+03
    3.9920000000e+01    6.2509390881e+03
    3.9925000000e+01    6.2761315132e+03
    3.9930000000e+01    6.2215358739e+03
    3.9935000000e+01    6.0875837131e+03
    3.9940000000e+01    5.8771568007e+03
    3.9945000000e+01    5.5955381665e+03
    3.9950000000e+01    5.2502840357e+03
    3.9955000000e+01    4.8510198091e+03
    3.9960000000e+01    4.4091657822e+03
    3.9965000000e+01    3.9376006893e+03
    3.9970000000e+01    3.4502733055e+03
    3.9975000000e+01    2.9617741730e+03
    3.9980000000e+01    2.4868809709e+03
    3.9985000000e+01    2.0400920656e+03
    3.9990000000e+01    1.6351633337e+03
    3.9995000000e+01    1.2846634055e+03
    4.0000000000e+01    9.9956203679e+02
    4.0005000000e+01    7.8886538902e+02
    4.0010000000e+01    6.5931060408e+02
    4.0015000000e+01    6.1513024719e+02
    4.0020000000e+01    6.5789501216e+02
    4.0025000000e+01    7.8644060741e+02
    4.0030000000e+01    9.9688204736e+02
    4.0035000000e+01    1.2827157486e+03
    4.0040000000e+01    1.6350069654e+03
    4.0045000000e+01    2.0426572883e+03
    4.0050000000e+01    2.4927442676e+03
    4.0055000000e+01    2.9709227939e+03
    4.0060000000e+01    3.4618757606e+03
    4.0065000000e+01    3.9497998111e+03
    4.0070000000e+01    4.4189107060e+03
    4.0075000000e+01    4.8539520656e+03
    4.0080000000e+01    5.2406909970e+03
    4.0085000000e+01    5.5663843975e+03
    4.0090000000e+01    5.8202005461e+03
    4.0095000000e+01    5.9935819234e+03
    4.0100000000e+01    6.0805369983e+03
    4.0105000000e+01    6.0778509340e+03
    4.0110000000e+01    5.9852077279e+03
    4.0115000000e+01    5.8052191244e+03
    4.0120000000e+01    5.5433586414e+03
    4.0125000000e+01    5.2078021309e+03
    4.0130000000e+01    4.8091793514e+03
    4.0135000000e+01    4.3602439655e+03
    4.0140000000e+01    3.8754720936e+03
    4.0145000000e+01    3.3706019606e+03
    4.0150000000e+01    2.8621291929e+03
    4.0155000000e+01    2.3667738774e+03
    4.0160000000e+01    1.9009365410e+03
    4.0165000000e+01    1.4801607011e+03
    4.0170000000e+01    1.1186195568e+03
    4.0175000000e+01    8.2864373952e+02
    4.0180000000e+01    6.2030582911e+02
    4.0185000000e+01    5.0107561071e+02
    4.0190000000e+01    4.7555784643e+02
    4.0195000000e+01    5.4532173378e+02
    4.0200000000e+01    7.0882830149e+02
    4.0205000000e+01    9.6145884657e+02
    4.0210000000e+01    1.2956442434e+03
    4.0215000000e+01    1.7010916638e+03
    4.0220000000e+01    2.1651020423e+03
    4.0225000000e+01    2.6729686093e+03
    4.0230000000e+01    3.2084440942e+03
    4.0235000000e+01    3.7542618671e+03
    4.0240000000e+01    4.2926944089e+03
    4.0245000000e+01    4.8061311569e+03
    4.0250000000e+01    5.2776569976e+03
    4.0255000000e+01    5.6916125098e+03
    4.0260000000e+01    6.0341175091e+03
    4.0265000000e+01    6.2935404920e+03
    4.0270000000e+01    6.4608982066e+03
    4.0275000000e+01    6.5301717268e+03
    4.0280000000e+01    6.4985280195e+03
    4.0285000000e+01    6.3664389903e+03
    4.0290000000e+01    6.1376932636e+03
    4.0295000000e+01    5.8192994192e+03
    4.0300000000e+01    5.4212829292e+03
    4.0305000000e+01    4.9563825264e+03
    4.0310000000e+01    4.4396550603e+03
    4.0315000000e+01    3.8880009575e+03
    4.0320000000e+01    3.3196250933e+03
    4.0325000000e+01    2.7534501145e+03
    4.0330000000e+01    2.2085009520e+03
    4.0335000000e+01    1.7032803648e+03
    4.0340000000e+01    1.2551558262e+03
    4.0345000000e+01    8.7977787793e+02
    4.0350000000e+01    5.9054923624e+02
    4.0355000000e+01    3.9816245994e+02
    4.0360000000e+01    3.1022192746e+02
    4.0365000000e+01    3.3096327553e+02
    4.0370000000e+01    4.6108040974e+02
    4.0375000000e+01    6.9766679914e+02
    4.0380000000e+01    1.0342741204e+03
    4.0385000000e+01    1.4610875373e+03
    4.0390000000e+01    1.9652131087e+03
    4.0395000000e+01    2.5310691370e+03
    4.0400000000e+01    3.1408698125e+03
    4.0405000000e+01    3.7751864034e+03
    4.0410000000e+01    4.4135685696e+03
    4.0415000000e+01    5.0352062535e+03
    4.0420000000e+01    5.6196110759e+03
    4.0425000000e+01    6.1472953079e+03
    4.0430000000e+01    6.6004263274e+03
    4.0435000000e+01    6.9634350141e+03
    4.0440000000e+01    7.2235577823e+03
    4.0445000000e+01    7.3712938560e+03
    4.0450000000e+01    7.4007619129e+03
    4.0455000000e+01    7.3099432720e+03
    4.0460000000e+01    7.1008023003e+03
    4.0465000000e+01    6.7792785435e+03
    4.0470000000e+01    6.3551491382e+03
    4.0475000000e+01    5.8417642027e+03
    4.0480000000e+01    5.2556620070e+03
    4.0485000000e+01    4.6160746562e+03
    4.0490000000e+01    3.9443386576e+03
    4.0495000000e+01    3.2632279677e+03
    4.0500000000e+01    2.5962298204e+03
    4.0505000000e+01    1.9667857351e+03
    4.0510000000e+01    1.3975215177e+03
    4.0515000000e+01    9.0949075239e+02
    4.0520000000e+01    5.2145620364e+02
    4.0525000000e+01    2.4923270563e+02
    4.0530000000e+01    1.0511352434e+02
    4.0535000000e+01    9.7399883681e+01
    4.0540000000e+01    2.3005040978e+02
    4.0545000000e+01    5.0246375653e+02
    4.0550000000e+01    9.0940373019e+02
    4.0555000000e+01    1.4410719505e+03
    4.0560000000e+01    2.0833285984e+03
    4.0565000000e+01    2.8180572421e+03
    4.0570000000e+01    3.6236652433e+03
    4.0575000000e+01    4.4757069604e+03
    4.0580000000e+01    5.3476130228e+03
    4.0585000000e+01    6.2115054624e+03
    4.0590000000e+01    7.0390755825e+03
    4.0595000000e+01    7.8024991901e+03
    4.0600000000e+01    8.4753623131e+03
    4.0605000000e+01    9.0335697995e+03
    4.0610000000e+01    9.4562092922e+03
    4.0615000000e+01    9.7263439877e+03
    4.0620000000e+01    9.8317093003e+03
    4.0625000000e+01    9.7652910166e+03
    4.0630000000e+01    9.5257656746e+03
    4.0635000000e+01    9.1177876423e+03
    4.0640000000e+01    8.5521115991e+03
    4.0645000000e+01    7.8455437154e+03
    4.0650000000e+01    7.0207196499e+03
    4.0655000000e+01    6.1057123917e+03
    4.0660000000e+01    5.1334778401e+03
    4.0665000000e+01    4.1411506692e+03
    4.0670000000e+01    3.1692073623e+03
    4.0675000000e+01    2.2605171657e+03
    4.0680000000e+01    1.4593050129e+03
    4.0685000000e+01    8.1005310326e+02
    4.0690000000e+01    3.5636969812e+02
    4.0695000000e+01    1.3985479291e+02
    4.0700000000e+01    1.9899257489e+02
    4.0705000000e+01    5.6810000196e+02
    4.0710000000e+01    1.2763594415e+03
    4.0715000000e+01    2.3469611382e+03
    4.0720000000e+01    3.7963783986e+03
    4.0725000000e+01    5.6337948746e+03
    4.0730000000e+01    7.8606992986e+03
    4.0735000000e+01    1.0470658588e+04
    4.0740000000e+01    1.3449275531e+04
    4.0745000000e+01    1.6774332398e+04
    4.0750000000e+01    2.0416116994e+04
    4.0755000000e+01    2.4337922916e+04
    4.0760000000e+01    2.8496711341e+04
    4.0765000000e+01    3.2843917601e+04
    4.0770000000e+01    3.7326382229e+04
    4.0775000000e+01    4.1887383184e+04
    4.0780000000e+01    4.6467743654e+04
    4.0785000000e+01    5.1006988261e+04
    4.0790000000e+01    5.5444519643e+04
    4.0795000000e+01    5.9720787356e+04
    4.0800000000e+01    6.3778421701e+04
    4.0805000000e+01    6.7563306522e+04
    4.0810000000e+01    7.1025567097e+04
    4.0815000000e+01    7.4120451908e+04
    4.0820000000e+01    7.6809090277e+04
    4.0825000000e+01    7.9059111433e+04
    4.0830000000e+01    8.0845114450e+04
    4.0835000000e+01    8.2148982551e+04
    4.0840000000e+01    8.2960039384e+04
    4.0845000000e+01    8.3275048920e+04
    4.0850000000e+01    8.3098064471e+04
    4.0855000000e+01    8.2440135936e+04
    4.0860000000e+01    8.1318887558e+04
    4.0865000000e+01    7.9757981244e+04
    4.0870000000e+01    7.7786482718e+04
    4.0875000000e+01    7.5438149420e+04
    4.0880000000e+01    7.2750660165e+04
    4.0885000000e+01    6.9764806989e+04
    4.0890000000e+01    6.6523669527e+04
    4.0895000000e+01    6.3071791531e+04
    4.0900000000e+01    5.9454377960e+04
    4.0905000000e+01    5.5716529391e+04
    4.0910000000e+01    5.1902528436e+04
    4.0915000000e+01    4.8055190511e+04
    4.0920000000e+01    4.4215288730e+04
    4.0925000000e+01    4.0421059984e+04
    4.0930000000e+01    3.6707796571e+04
    4.0935000000e+01    3.3107525035e+04
    4.0940000000e+01    2.9648771399e+04
    4.0945000000e+01    2.6356409621e+04
    4.0950000000e+01    2.3251588111e+04
    4.0955000000e+01    2.0351727452e+04
    4.0960000000e+01    1.7670581126e+04
    4.0965000000e+01    1.5218350160e+04
    4.0970000000e+01    1.3001842054e+04
    4.0975000000e+01    1.1024664245e+04
    4.0980000000e+01    9.2874426009e+03
    4.0985000000e+01    7.7880560348e+03
    4.0990000000e+01    6.5218791903e+03
    4.0995000000e+01    5.4820262880e+03
    4.1000000000e+01    4.6595905005e+03
    4.1005000000e+01    4.0438746263e+03
    4.1010000000e+01    3.6226102744e+03
    4.1015000000e+01    3.3821641820e+03
    4.1020000000e+01    3.3077316058e+03
    4.1025000000e+01    3.3835178990e+03
    4.1030000000e+01    3.5929103557e+03
    4.1035000000e+01    3.9186431352e+03
    4.1040000000e+01    4.3429585410e+03
    4.1045000000e+01    4.8477681127e+03
    4.1050000000e+01    5.4148168791e+03
    4.1055000000e+01    6.0258537424e+03
    4.1060000000e+01    6.6628103273e+03
    4.1065000000e+01    7.3079897726e+03
    4.1070000000e+01    7.9442659171e+03
    4.1075000000e+01    8.5552921732e+03
    4.1080000000e+01    9.1257181660e+03
    4.1085000000e+01    9.6414109941e+03
    4.1090000000e+01    1.0089676801e+04
    4.1095000000e+01    1.0459477311e+04
    4.1100000000e+01    1.0741635106e+04
    4.1105000000e+01    1.0929020807e+04
    4.1110000000e+01    1.1016714926e+04
    4.1115000000e+01    1.1002137140e+04
    4.1120000000e+01    1.0885135942e+04
    4.1125000000e+01    1.0668032282e+04
    4.1130000000e+01    1.0355611670e+04
    4.1135000000e+01    9.9550604830e+03
    4.1140000000e+01    9.4758436593e+03
    4.1145000000e+01    8.9295227363e+03
    4.1150000000e+01    8.3295150256e+03
    4.1155000000e+01    7.6907967406e+03
    4.1160000000e+01    7.0295549053e+03
    4.1165000000e+01    6.3627948605e+03
    4.1170000000e+01    5.7079120465e+03
    4.1175000000e+01    5.0822384134e+03
    4.1180000000e+01    4.5025752225e+03
    4.1185000000e+01    3.9847250752e+03
    4.1190000000e+01    3.5430367146e+03
    4.1195000000e+01    3.1899764138e+03
    4.1200000000e+01    2.9357395952e+03
    4.1205000000e+01    2.7879156844e+03
    4.1210000000e+01    2.7512181041e+03
    4.1215000000e+01    2.8272897702e+03
    4.1220000000e+01    3.0145925080e+03
    4.1225000000e+01    3.3083865049e+03
    4.1230000000e+01    3.7008033237e+03
    4.1235000000e+01    4.1810131997e+03
    4.1240000000e+01    4.7354844165e+03
    4.1245000000e+01    5.3483295945e+03
    4.1250000000e+01    6.0017308352e+03
    4.1255000000e+01    6.6764329339e+03
    4.1260000000e+01    7.3522914090e+03
    4.1265000000e+01    8.0088599762e+03
    4.1270000000e+01    8.6260004116e+03
    4.1275000000e+01    9.1844965605e+03
    4.1280000000e+01    9.6666536143e+03
    4.1285000000e+01    1.0056863731e+04
    4.1290000000e+01    1.0342119637e+04
    4.1295000000e+01    1.0512459018e+04
    4.1300000000e+01    1.0561324241e+04
    4.1305000000e+01    1.0485824257e+04
    4.1310000000e+01    1.0286888294e+04
    4.1315000000e+01    9.9693041185e+03
    4.1320000000e+01    9.5416371243e+03
    4.1325000000e+01    9.0160302101e+03
    4.1330000000e+01    8.4078881504e+03
    4.1335000000e+01    7.7354539324e+03
    4.1340000000e+01    7.0192881111e+03
    4.1345000000e+01    6.2816655535e+03
    4.1350000000e+01    5.5459068798e+03
    4.1355000000e+01    4.8356643505e+03
    4.1360000000e+01    4.1741838183e+03
    4.1365000000e+01    3.5835655781e+03
    4.1370000000e+01    3.0840474623e+03
    4.1375000000e+01    2.6933333075e+03
    4.1380000000e+01    2.4259889496e+03
    4.1385000000e+01    2.2929262176e+03
    4.1390000000e+01    2.3009930077e+03
    4.1395000000e+01    2.4526845181e+03
    4.1400000000e+01    2.7459871721e+03
    4.1405000000e+01    3.1743627683e+03
    4.1410000000e+01    3.7268760896e+03
    4.1415000000e+01    4.3884647020e+03
    4.1420000000e+01    5.1403451282e+03
    4.1425000000e+01    5.9605451310e+03
    4.1430000000e+01    6.8245476275e+03
    4.1435000000e+01    7.7060279228e+03
    4.1440000000e+01    8.5776626269e+03
    4.1445000000e+01    9.4119859177e+03
    4.1450000000e+01    1.0182266829e+04
    4.1455000000e+01    1.0863380068e+04
    4.1460000000e+01    1.1432642520e+04
    4.1465000000e+01    1.1870588169e+04
    4.1470000000e+01    1.2161655559e+04
    4.1475000000e+01    1.2294764194e+04
    4.1480000000e+01    1.2263759359e+04
    4.1485000000e+01    1.2067708577e+04
    4.1490000000e+01    1.1711037311e+04
    4.1495000000e+01    1.1203496368e+04
    4.1500000000e+01    1.0559958614e+04
    4.1505000000e+01    9.8000479996e+03
    4.1510000000e+01    8.9476092236e+03
    4.1515000000e+01    8.0300315707e+03
    4.1520000000e+01    7.0774453443e+03
    4.1525000000e+01    6.1218136864e+03
    4.1530000000e+01    5.1959463460e+03
    4.1535000000e+01    4.3324649455e+03
    4.1540000000e+01    3.5627514270e+03
    4.1545000000e+01    2.9159125364e+03
    4.1550000000e+01    2.4177933786e+03
    4.1555000000e+01    2.0900722257e+03
    4.1560000000e+01    1.9494668896e+03
    4.1565000000e+01    2.0070801229e+03
    4.1570000000e+01    2.2679077577e+03
    4.1575000000e+01    2.7305287308e+03
    4.1580000000e+01    3.3869909059e+03
    4.1585000000e+01    4.2229008317e+03
    4.1590000000e+01    5.2177194500e+03
    4.1595000000e+01    6.3452594588e+03
    4.1600000000e+01    7.5743737408e+03
    4.1605000000e+01    8.8698181850e+03
    4.1610000000e+01    1.0193266530e+04
    4.1615000000e+01    1.1504449749e+04
    4.1620000000e+01    1.2762388116e+04
    4.1625000000e+01    1.3926680616e+04
    4.1630000000e+01    1.4958813856e+04
    4.1635000000e+01    1.5823451294e+04
    4.1640000000e+01    1.6489663326e+04
    4.1645000000e+01    1.6932059773e+04
    4.1650000000e+01    1.7131788394e+04
    4.1655000000e+01    1.7077366348e+04
    4.1660000000e+01    1.6765315773e+04
    4.1665000000e+01    1.6200579912e+04
    4.1670000000e+01    1.5396702212e+04
    4.1675000000e+01    1.4375757445e+04
    4.1680000000e+01    1.3168030970e+04
    4.1685000000e+01    1.1811449542e+04
    4.1690000000e+01    1.0350774351e+04
    4.1695000000e+01    8.8365741030e+03
    4.1700000000e+01    7.3240025878e+03
    4.1705000000e+01    5.8714112878e+03
    4.1710000000e+01    4.5388328018e+03
    4.1715000000e+01    3.3863751689e+03
    4.1720000000e+01    2.4725703598e+03
    4.1725000000e+01    1.8527221809e+03
    4.1730000000e+01    1.5772995401e+03
    4.1735000000e+01    1.6904204090e+03
    4.1740000000e+01    2.2284699006e+03
    4.1745000000e+01    3.2188927000e+03
    4.1750000000e+01    4.6791957263e+03
    4.1755000000e+01    6.6161914753e+03
    4.1760000000e+01    9.0255061550e+03
    4.1765000000e+01    1.1891369643e+04
    4.1770000000e+01    1.5186696680e+04
    4.1775000000e+01    1.8873460757e+04
    4.1780000000e+01    2.2903354146e+04
    4.1785000000e+01    2.7218719568e+04
    4.1790000000e+01    3.1753731507e+04
    4.1795000000e+01    3.6435798165e+04
    4.1800000000e+01    4.1187148897e+04
    4.1805000000e+01    4.5926566747e+04
    4.1810000000e+01    5.0571221574e+04
    4.1815000000e+01    5.5038556406e+04
    4.1820000000e+01    5.9248178103e+04
    4.1825000000e+01    6.3123703180e+04
    4.1830000000e+01    6.6594510878e+04
    4.1835000000e+01    6.9597358020e+04
    4.1840000000e+01    7.2077814004e+04
    4.1845000000e+01    7.3991479203e+04
    4.1850000000e+01    7.5304955969e+04
    4.1855000000e+01    7.5996548246e+04
    4.1860000000e+01    7.6056673190e+04
    4.1865000000e+01    7.5487976068e+04
    4.1870000000e+01    7.4305147760e+04
    4.1875000000e+01    7.2534452204e+04
    4.1880000000e+01    7.0212978920e+04
    4.1885000000e+01    6.7387643007e+04
    4.1890000000e+01    6.4113961645e+04
    4.1895000000e+01    6.0454641858e+04
    4.1900000000e+01    5.6478018997e+04
    4.1905000000e+01    5.2256388977e+04
    4.1910000000e+01    4.7864279586e+04
    4.1915000000e+01    4.3376707203e+04
    4.1920000000e+01    3.8867464945e+04
    4.1925000000e+01    3.4407486647e+04
    4.1930000000e+01    3.0063328219e+04
    4.1935000000e+01    2.5895803967e+04
    4.1940000000e+01    2.1958810428e+04
    4.1945000000e+01    1.8298364432e+04
    4.1950000000e+01    1.4951875590e+04
    4.1955000000e+01    1.1947666395e+04
    4.1960000000e+01    9.3047458769e+03
    4.1965000000e+01    7.0328354541e+03
    4.1970000000e+01    5.1326385061e+03
    4.1975000000e+01    3.5963384450e+03
    4.1980000000e+01    2.4083039033e+03
    4.1985000000e+01    1.5459742428e+03
    4.1990000000e+01    9.8089407584e+02
    4.1995000000e+01    6.7986199821e+02
    4.2000000000e+01    6.0615635267e+02
    4.2005000000e+01    7.2079961894e+02
    4.2010000000e+01    9.8382298556e+02
    4.2015000000e+01    1.3554937756e+03
    4.2020000000e+01    1.7974706194e+03
    4.2025000000e+01    2.2738545066e+03
    4.2030000000e+01    2.7521079837e+03
    4.2035000000e+01    3.2038196572e+03
    4.2040000000e+01    3.6052966387e+03
    4.2045000000e+01    3.9379734582e+03
    4.2050000000e+01    4.1886320727e+03
    4.2055000000e+01    4.3494337243e+03
    4.2060000000e+01    4.4177693534e+03
    4.2065000000e+01    4.3959408695e+03
    4.2070000000e+01    4.2906906532e+03
    4.2075000000e+01    4.1126010528e+03
    4.2080000000e+01    3.8753892261e+03
    4.2085000000e+01    3.5951253599e+03
    4.2090000000e+01    3.2894040031e+03
    4.2095000000e+01    2.9764989466e+03
    4.2100000000e+01    2.6745317592e+03
    4.2105000000e+01    2.4006827816e+03
    4.2110000000e+01    2.1704711431e+03
    4.2115000000e+01    1.9971272964e+03
    4.2120000000e+01    1.8910777679e+03
    4.2125000000e+01    1.8595574451e+03
    4.2130000000e+01    1.9063599149e+03
    4.2135000000e+01    2.0317312943e+03
    4.2140000000e+01    2.2324078362e+03
    4.2145000000e+01    2.5017925184e+03
    4.2150000000e+01    2.8302609994e+03
    4.2155000000e+01    3.2055829152e+03
    4.2160000000e+01    3.6134406360e+03
    4.2165000000e+01    4.0380244230e+03
    4.2170000000e+01    4.4626805235e+03
    4.2175000000e+01    4.8705871907e+03
    4.2180000000e+01    5.2454329504e+03
    4.2185000000e+01    5.5720716809e+03
    4.2190000000e+01    5.8371301984e+03
    4.2195000000e+01    6.0295460046e+03
    4.2200000000e+01    6.1410155842e+03
    4.2205000000e+01    6.1663370272e+03
    4.2210000000e+01    6.1036346841e+03
    4.2215000000e+01    5.9544578927e+03
    4.2220000000e+01    5.7237503950e+03
    4.2225000000e+01    5.4196917352e+03
    4.2230000000e+01    5.0534165277e+03
    4.2235000000e+01    4.6386218515e+03
    4.2240000000e+01    4.1910770216e+03
    4.2245000000e+01    3.7280534597e+03
    4.2250000000e+01    3.2676952328e+03
    4.2255000000e+01    2.8283529428e+03
    4.2260000000e+01    2.4279049668e+03
    4.2265000000e+01    2.0830905235e+03
    4.2270000000e+01    1.8088786608e+03
    4.2275000000e+01    1.6178960351e+03
    4.2280000000e+01    1.5199343339e+03
    4.2285000000e+01    1.5215554416e+03
    4.2290000000e+01    1.6258090667e+03
    4.2295000000e+01    1.8320736482e+03
    4.2300000000e+01    2.1360270728e+03
    4.2305000000e+01    2.5297492172e+03
    4.2310000000e+01    3.0019537197e+03
    4.2315000000e+01    3.5383418640e+03
    4.2320000000e+01    4.1220671503e+03
    4.2325000000e+01    4.7342952136e+03
    4.2330000000e+01    5.3548403344e+03
    4.2335000000e+01    5.9628570071e+03
    4.2340000000e+01    6.5375629751e+03
    4.2345000000e+01    7.0589688867e+03
    4.2350000000e+01    7.5085893099e+03
    4.2355000000e+01    7.8701102929e+03
    4.2360000000e+01    8.1299899535e+03
    4.2365000000e+01    8.2779706877e+03
    4.2370000000e+01    8.3074844334e+03
    4.2375000000e+01    8.2159359230e+03
    4.2380000000e+01    8.0048528909e+03
    4.2385000000e+01    7.6798966317e+03
    4.2390000000e+01    7.2507309976e+03
    4.2395000000e+01    6.7307527048e+03
    4.2400000000e+01    6.1366905496e+03
    4.2405000000e+01    5.4880856391e+03
    4.2410000000e+01    4.8066688775e+03
    4.2415000000e+01    4.1156555732e+03
    4.2420000000e+01    3.4389800210e+03
    4.2425000000e+01    2.8004951616e+03
    4.2430000000e+01    2.2231638544e+03
    4.2435000000e+01    1.7282688532e+03
    4.2440000000e+01    1.3346682442e+03
    4.2445000000e+01    1.0581218683e+03
    4.2450000000e+01    9.1071217030e+02
    4.2455000000e+01    9.0038003075e+02
    4.2460000000e+01    1.0305925509e+03
    4.2465000000e+01    1.3001555781e+03
    4.2470000000e+01    1.7031791176e+03
    4.2475000000e+01    2.2291988186e+03
    4.2480000000e+01    2.8634516162e+03
    4.2485000000e+01    3.5872985108e+03
    4.2490000000e+01    4.3787825503e+03
    4.2495000000e+01    5.2133054983e+03
    4.2500000000e+01    6.0644025829e+03
    4.2505000000e+01    6.9045912602e+03
    4.2510000000e+01    7.7062672052e+03
    4.2515000000e+01    8.4426188659e+03
    4.2520000000e+01    9.0885309407e+03
    4.2525000000e+01    9.6214471085e+03
    4.2530000000e+01    1.0022163267e+04
    4.2535000000e+01    1.0275524390e+04
    4.2540000000e+01    1.0371000853e+04
    4.2545000000e+01    1.0303123622e+04
    4.2550000000e+01    1.0071761926e+04
    4.2555000000e+01    9.6822318651e+03
    4.2560000000e+01    9.1452296041e+03
    4.2565000000e+01    8.4765883342e+03
    4.2570000000e+01    7.6968637364e+03
    4.2575000000e+01    6.8307582103e+03
    4.2580000000e+01    5.9063993742e+03
    4.2585000000e+01    4.9544931800e+03
    4.2590000000e+01    4.0073762529e+03
    4.2595000000e+01    3.0979956193e+03
    4.2600000000e+01    2.2588467259e+03
    4.2605000000e+01    1.5209024724e+03
    4.2610000000e+01    9.1256682937e+02
    4.2615000000e+01    4.5868645171e+02
    4.2620000000e+01    1.7965252311e+02
    4.2625000000e+01    9.0622912565e+01
    4.2630000000e+01    2.0089163805e+02
    4.2635000000e+01    5.1342870884e+02
    4.2640000000e+01    1.0246087619e+03
    4.2645000000e+01    1.7241416551e+03
    4.2650000000e+01    2.5952124788e+03
    4.2655000000e+01    3.6148324651e+03
    4.2660000000e+01    4.7543961785e+03
    4.2665000000e+01    5.9804343422e+03
    4.2670000000e+01    7.2555458641e+03
    4.2675000000e+01    8.5394872374e+03
    4.2680000000e+01    9.7903926660e+03
    4.2685000000e+01    1.0966094130e+04
    4.2690000000e+01    1.2025507294e+04
    4.2695000000e+01    1.2930046741e+04
    4.2700000000e+01    1.3645032600e+04
    4.2705000000e+01    1.4141050179e+04
    4.2710000000e+01    1.4395224864e+04
    4.2715000000e+01    1.4392376107e+04
    4.2720000000e+01    1.4126016925e+04
    4.2725000000e+01    1.3599168778e+04
    4.2730000000e+01    1.2824965944e+04
    4.2735000000e+01    1.1827028418e+04
    4.2740000000e+01    1.0639587844e+04
    4.2745000000e+01    9.3073568360e+03
    4.2750000000e+01    7.8851381369e+03
    4.2755000000e+01    6.4371762606e+03
    4.2760000000e+01    5.0362603503e+03
    4.2765000000e+01    3.7625928764e+03
    4.2770000000e+01    2.7024442969e+03
    4.2775000000e+01    1.9466188150e+03
    4.2780000000e+01    1.5887607602e+03
    4.2785000000e+01    1.7235348046e+03
    4.2790000000e+01    2.4447161335e+03
    4.2795000000e+01    3.8432287598e+03
    4.2800000000e+01    6.0051713844e+03
    4.2805000000e+01    9.0098705492e+03
    4.2810000000e+01    1.2928000330e+04
    4.2815000000e+01    1.7819806488e+04
    4.2820000000e+01    2.3733470941e+04
    4.2825000000e+01    3.0703649621e+04
    4.2830000000e+01    3.8750213450e+04
    4.2835000000e+01    4.7877218261e+04
    4.2840000000e+01    5.8072125205e+04
    4.2845000000e+01    6.9305288593e+04
    4.2850000000e+01    8.1529723311e+04
    4.2855000000e+01    9.4681159050e+04
    4.2860000000e+01    1.0867838367e+05
    4.2865000000e+01    1.2342387318e+05
    4.2870000000e+01    1.3880470120e+05
    4.2875000000e+01    1.5469371624e+05
    4.2880000000e+01    1.7095097102e+05
    4.2885000000e+01    1.8742538435e+05
    4.2890000000e+01    2.0395661232e+05
    4.2895000000e+01    2.2037710293e+05
    4.2900000000e+01    2.3651430524e+05
    4.2905000000e+01    2.5219300204e+05
    4.2910000000e+01    2.6723773336e+05
    4.2915000000e+01    2.8147527635e+05
    4.2920000000e+01    2.9473714647e+05
    4.2925000000e+01    3.0686208400e+05
    4.2930000000e+01    3.1769848976e+05
    4.2935000000e+01    3.2710677414e+05
    4.2940000000e+01    3.3496158394e+05
    4.2945000000e+01    3.4115387253e+05
    4.2950000000e+01    3.4559278014e+05
    4.2955000000e+01    3.4820729269e+05
    4.2960000000e+01    3.4894764971e+05
    4.2965000000e+01    3.4778647445e+05
    4.2970000000e+01    3.4471960217e+05
    4.2975000000e+01    3.3976658583e+05
    4.2980000000e+01    3.3297086246e+05
    4.2985000000e+01    3.2439956742e+05
    4.2990000000e+01    3.1414298865e+05
    4.2995000000e+01    3.0231365790e+05
    4.3000000000e+01    2.8904508140e+05
    4.3005000000e+01    2.7449011811e+05
    4.3010000000e+01    2.5881901977e+05
    4.3015000000e+01    2.4221715297e+05
    4.3020000000e+01    2.2488242973e+05
    4.3025000000e+01    2.0702247936e+05
    4.3030000000e+01    1.8885160007e+05
    4.3035000000e+01    1.7058753488e+05
    4.3040000000e+01    1.5244812127e+05
    4.3045000000e+01    1.3464786885e+05
    4.3050000000e+01    1.1739452310e+05
    4.3055000000e+01    1.0088567625e+05
    4.3060000000e+01    8.5305488232e+04
    4.3065000000e+01    7.0821581374e+04
    4.3070000000e+01    5.7582172005e+04
    4.3075000000e+01    4.5713500193e+04
    4.3080000000e+01    3.5317615528e+04
    4.3085000000e+01    2.6470572070e+04
    4.3090000000e+01    1.9221079447e+04
    4.3095000000e+01    1.3589649476e+04
    4.3100000000e+01    9.5682689001e+03
    4.3105000000e+01    7.1206188340e+03
    4.3110000000e+01    6.1828506177e+03
    4.3115000000e+01    6.6649160752e+03
    4.3120000000e+01    8.4524380143e+03
    4.3125000000e+01    1.1409094389e+04
    4.3130000000e+01    1.5379477204e+04
    4.3135000000e+01    2.0192375294e+04
    4.3140000000e+01    2.5664418839e+04
    4.3145000000e+01    3.1604013245e+04
    4.3150000000e+01    3.7815481138e+04
    4.3155000000e+01    4.4103323878e+04
    4.3160000000e+01    5.0276508667e+04
    4.3165000000e+01    5.6152683941e+04
    4.3170000000e+01    6.1562224775e+04
    4.3175000000e+01    6.6352011357e+04
    4.3180000000e+01    7.0388847452e+04
    4.3185000000e+01    7.3562432042e+04
    4.3190000000e+01    7.5787806072e+04
    4.3195000000e+01    7.7007207117e+04
    4.3200000000e+01    7.7191277856e+04
    4.3205000000e+01    7.6339588963e+04
    4.3210000000e+01    7.4480453345e+04
    4.3215000000e+01    7.1670025909e+04
    4.3220000000e+01    6.7990701092e+04
    4.3225000000e+01    6.3548838499e+04
    4.3230000000e+01    5.8471864939e+04
    4.3235000000e+01    5.2904818212e+04
    4.3240000000e+01    4.7006413896e+04
    4.3245000000e+01    4.0944730477e+04
    4.3250000000e+01    3.4892620130e+04
    4.3255000000e+01    2.9022961869e+04
    4.3260000000e+01    2.3503880288e+04
    4.3265000000e+01    1.8494056493e+04
    4.3270000000e+01    1.4138257852e+04
    4.3275000000e+01    1.0563209796e+04
    4.3280000000e+01    7.8739260875e+03
    4.3285000000e+01    6.1506038055e+03
    4.3290000000e+01    5.4461759961e+03
    4.3295000000e+01    5.7845987606e+03
    4.3300000000e+01    7.1599308970e+03
    4.3305000000e+01    9.5362435109e+03
    4.3310000000e+01    1.2848374798e+04
    4.3315000000e+01    1.7003522060e+04
    4.3320000000e+01    2.1883639562e+04
    4.3325000000e+01    2.7348587721e+04
    4.3330000000e+01    3.3239957030e+04
    4.3335000000e+01    3.9385469621e+04
    4.3340000000e+01    4.5603843217e+04
    4.3345000000e+01    5.1709986827e+04
    4.3350000000e+01    5.7520385554e+04
    4.3355000000e+01    6.2858523613e+04
    4.3360000000e+01    6.7560190520e+04
    4.3365000000e+01    7.1478515545e+04
    4.3370000000e+01    7.4488580126e+04
    4.3375000000e+01    7.6491466879e+04
    4.3380000000e+01    7.7417617050e+04
    4.3385000000e+01    7.7229385468e+04
    4.3390000000e+01    7.5922702758e+04
    4.3395000000e+01    7.3527778465e+04
    4.3400000000e+01    7.0108804990e+04
    4.3405000000e+01    6.5762650329e+04
    4.3410000000e+01    6.0616556652e+04
    4.3415000000e+01    5.4824891055e+04
    4.3420000000e+01    4.8565023432e+04
    4.3425000000e+01    4.2032433560e+04
    4.3430000000e+01    3.5435174358e+04
    4.3435000000e+01    2.8987840044e+04
    4.3440000000e+01    2.2905205934e+04
    4.3445000000e+01    1.7395720226e+04
    4.3450000000e+01    1.2655036848e+04
    4.3455000000e+01    8.8597818830e+03
    4.3460000000e+01    6.1617440487e+03
    4.3465000000e+01    4.6826720434e+03
    4.3470000000e+01    4.5098484479e+03
    4.3475000000e+01    5.6925914296e+03
    4.3480000000e+01    8.2398122049e+03
    4.3485000000e+01    1.2118728575e+04
    4.3490000000e+01    1.7254803568e+04
    4.3495000000e+01    2.3532944081e+04
    4.3500000000e+01    3.0799958358e+04
    4.3505000000e+01    3.8868234096e+04
    4.3510000000e+01    4.7520562075e+04
    4.3515000000e+01    5.6515994390e+04
    4.3520000000e+01    6.5596592832e+04
    4.3525000000e+01    7.4494892650e+04
    4.3530000000e+01    8.2941880759e+04
    4.3535000000e+01    9.0675266478e+04
    4.3540000000e+01    9.7447807581e+04
    4.3545000000e+01    1.0303544565e+05
    4.3550000000e+01    1.0724500273e+05
    4.3555000000e+01    1.0992119642e+05
    4.3560000000e+01    1.1095274277e+05
    4.3565000000e+01    1.1027733567e+05
    4.3570000000e+01    1.0788531753e+05
    4.3575000000e+01    1.0382188773e+05
    4.3580000000e+01    9.8187733372e+04
    4.3585000000e+01    9.1138008415e+04
    4.3590000000e+01    8.2879632991e+04
    4.3595000000e+01    7.3666932271e+04
    4.3600000000e+01    6.3795683103e+04
    4.3605000000e+01    5.3595684975e+04
    4.3610000000e+01    4.3422018582e+04
    4.3615000000e+01    3.3645198957e+04
    4.3620000000e+01    2.4640469417e+04
    4.3625000000e+01    1.6776516305e+04
    4.3630000000e+01    1.0403911576e+04
    4.3635000000e+01    5.8436096845e+03
    4.3640000000e+01    3.3758362304e+03
    4.3645000000e+01    3.2297079092e+03
    4.3650000000e+01    5.5739160268e+03
    4.3655000000e+01    1.0508789232e+04
    4.3660000000e+01    1.8060025251e+04
    4.3665000000e+01    2.8174346723e+04
    4.3670000000e+01    4.0717293423e+04
    4.3675000000e+01    5.5473313061e+04
    4.3680000000e+01    7.2148256613e+04
    4.3685000000e+01    9.0374323102e+04
    4.3690000000e+01    1.0971743430e+05
    4.3695000000e+01    1.2968695364e+05
    4.3700000000e+01    1.4974759743e+05
    4.3705000000e+01    1.6933332174e+05
    4.3710000000e+01    1.8786290732e+05
    4.3715000000e+01    2.0475690850e+05
    4.3720000000e+01    2.1945558312e+05
    4.3725000000e+01    2.3143737858e+05
    4.3730000000e+01    2.4023751805e+05
    4.3735000000e+01    2.4546620908e+05
    4.3740000000e+01    2.4682598731e+05
    4.3745000000e+01    2.4412771003e+05
    4.3750000000e+01    2.3730472869e+05
    4.3755000000e+01    2.2642479608e+05
    4.3760000000e+01    2.1169930242e+05
    4.3765000000e+01    1.9348948445e+05
    4.3770000000e+01    1.7230931152e+05
    4.3775000000e+01    1.4882482212e+05
    4.3780000000e+01    1.2384976112e+05
    4.3785000000e+01    9.8337450804e+04
    4.3790000000e+01    7.3368915765e+04
    4.3795000000e+01    5.0137370922e+04
    4.3800000000e+01    2.9929270794e+04
    4.3805000000e+01    1.4102205249e+04
    4.3810000000e+01    4.0600095072e+03
    4.3815000000e+01    1.2255325222e+03
    4.3820000000e+01    7.0115758541e+03
    4.3825000000e+01    2.2790573089e+04
    4.3830000000e+01    4.9863626107e+04
    4.3835000000e+01    8.9429547796e+04
    4.3840000000e+01    1.4255458003e+05
    4.3845000000e+01    2.1014346029e+05
    4.3850000000e+01    2.9291249958e+05
    4.3855000000e+01    3.9136530858e+05
    4.3860000000e+01    5.0577176839e+05
    4.3865000000e+01    6.3615078726e+05
    4.3870000000e+01    7.8225731681e+05
    4.3875000000e+01    9.4357402171e+05
    4.3880000000e+01    1.1193079065e+06
    4.3885000000e+01    1.3083921051e+06
    4.3890000000e+01    1.5094929344e+06
    4.3895000000e+01    1.7210222043e+06
    4.3900000000e+01    1.9411546675e+06
    4.3905000000e+01    2.1678503816e+06
    4.3910000000e+01    2.3988816529e+06
    4.3915000000e+01    2.6318641277e+06
    4.3920000000e+01    2.8642915086e+06
    4.3925000000e+01    3.0935732865e+06
    4.3930000000e+01    3.3170748138e+06
    4.3935000000e+01    3.5321589841e+06
    4.3940000000e+01    3.7362287421e+06
    4.3945000000e+01    3.9267696252e+06
    4.3950000000e+01    4.1013915235e+06
    4.3955000000e+01    4.2578688586e+06
    4.3960000000e+01    4.3941784002e+06
    4.3965000000e+01    4.5085339870e+06
    4.3970000000e+01    4.5994174675e+06
    4.3975000000e+01    4.6656052539e+06
    4.3980000000e+01    4.7061899614e+06
    4.3985000000e+01    4.7205967018e+06
    4.3990000000e+01    4.7085937055e+06
    4.3995000000e+01    4.6702970529e+06
    4.4000000000e+01    4.6061694173e+06
    4.4005000000e+01    4.5170128336e+06
    4.4010000000e+01    4.4039556278e+06
    4.4015000000e+01    4.2684337550e+06
    4.4020000000e+01    4.1121669027e+06
    4.4025000000e+01    3.9371298184e+06
    4.4030000000e+01    3.7455194120e+06
    4.4035000000e+01    3.5397182627e+06
    4.4040000000e+01    3.3222552287e+06
    4.4045000000e+01    3.0957639098e+06
    4.4050000000e+01    2.8629397501e+06
    4.4055000000e+01    2.6264965877e+06
    4.4060000000e+01    2.3891234658e+06
    4.4065000000e+01    2.1534425027e+06
    4.4070000000e+01    1.9219685938e+06
    4.4075000000e+01    1.6970716732e+06
    4.4080000000e+01    1.4809422043e+06
    4.4085000000e+01    1.2755604987e+06
    4.4090000000e+01    1.0826703797e+06
    4.4095000000e+01    9.0375761432e+05
    4.4100000000e+01    7.4003343967e+05
    4.4105000000e+01    5.9242340307e+05
    4.4110000000e+01    4.6156162844e+05
    4.4115000000e+01    3.4779051215e+05
    4.4120000000e+01    2.5116574429e+05
    4.4125000000e+01    1.7146644758e+05
    4.4130000000e+01    1.0821012782e+05
    4.4135000000e+01    6.0672039945e+04
    4.4140000000e+01    2.7908492305e+04
    4.4145000000e+01    8.7835424373e+03
    4.4150000000e+01    1.9984796531e+03
    4.4155000000e+01    6.1234457663e+03
    4.4160000000e+01    1.9630514972e+04
    4.4165000000e+01    4.0927538176e+04
    4.4170000000e+01    6.8392055897e+04
    4.4175000000e+01    1.0040459702e+05
    4.4180000000e+01    1.3538070777e+05
    4.4185000000e+01    1.7180109534e+05
    4.4190000000e+01    2.0823932288e+05
    4.4195000000e+01    2.4338655537e+05
    4.4200000000e+01    2.7607292822e+05
    4.4205000000e+01    3.0528519019e+05
    4.4210000000e+01    3.3018035803e+05
    4.4215000000e+01    3.5009520968e+05
    4.4220000000e+01    3.6455153459e+05
    4.4225000000e+01    3.7325715153e+05
    4.4230000000e+01    3.7610279368e+05
    4.4235000000e+01    3.7315504738e+05
    4.4240000000e+01    3.6464561110e+05
    4.4245000000e+01    3.5095721472e+05
    4.4250000000e+01    3.3260660449e+05
    4.4255000000e+01    3.1022505356e+05
    4.4260000000e+01    2.8453690291e+05
    4.4265000000e+01    2.5633666958e+05
    4.4270000000e+01    2.2646528026e+05
    4.4275000000e+01    1.9578599562e+05
    4.4280000000e+01    1.6516058731e+05
    4.4285000000e+01    1.3542631210e+05
    4.4290000000e+01    1.0737420011e+05
    4.4295000000e+01    8.1729134521e+04
    4.4300000000e+01    5.9132150943e+04
    4.4305000000e+01    4.0125326908e+04
    4.4310000000e+01    2.5139566134e+04
    4.4315000000e+01    1.4485510943e+04
    4.4320000000e+01    8.3477403083e+03
    4.4325000000e+01    6.7823324341e+03
    4.4330000000e+01    9.7177912878e+03
    4.4335000000e+01    1.6959257792e+04
    4.4340000000e+01    2.8195850168e+04
    4.4345000000e+01    4.3010905919e+04
    4.4350000000e+01    6.0894831648e+04
    4.4355000000e+01    8.1260207848e+04
    4.4360000000e+01    1.0345874518e+05
    4.4365000000e+01    1.2679964772e+05
    4.4370000000e+01    1.5056890823e+05
    4.4375000000e+01    1.7404904090e+05
    4.4380000000e+01    1.9653874938e+05
    4.4385000000e+01    2.1737203191e+05
    4.4390000000e+01    2.3593624078e+05
    4.4395000000e+01    2.5168864042e+05
    4.4400000000e+01    2.6417104630e+05
    4.4405000000e+01    2.7302217431e+05
    4.4410000000e+01    2.7798738684e+05
    4.4415000000e+01    2.7892558605e+05
    4.4420000000e+01    2.7581307518e+05
    4.4425000000e+01    2.6874428355e+05
    4.4430000000e+01    2.5792932895e+05
    4.4435000000e+01    2.4368846989e+05
    4.4440000000e+01    2.2644357849e+05
    4.4445000000e+01    2.0670684035e+05
    4.4450000000e+01    1.8506695908e+05
    4.4455000000e+01    1.6217320813e+05
    4.4460000000e+01    1.3871773012e+05
    4.4465000000e+01    1.1541653209e+05
    4.4470000000e+01    9.2989662650e+04
    4.4475000000e+01    7.2141083564e+04
    4.4480000000e+01    5.3538761988e+04
    4.4485000000e+01    3.7795510876e+04
    4.4490000000e+01    2.5451093037e+04
    4.4495000000e+01    1.6956079429e+04
    4.4500000000e+01    1.2657914701e+04
    4.4505000000e+01    1.2789593488e+04
    4.4510000000e+01    1.7461290525e+04
    4.4515000000e+01    2.6655217440e+04
    4.4520000000e+01    4.0223900780e+04
    4.4525000000e+01    5.7891991006e+04
    4.4530000000e+01    7.9261622910e+04
    4.4535000000e+01    1.0382125625e+05
    4.4540000000e+01    1.3095783351e+05
    4.4545000000e+01    1.5997200185e+05
    4.4550000000e+01    1.9009606090e+05
    4.4555000000e+01    2.2051421918e+05
    4.4560000000e+01    2.5038467140e+05
    4.4565000000e+01    2.7886294984e+05
    4.4570000000e+01    3.0512595525e+05
    4.4575000000e+01    3.2839603980e+05
    4.4580000000e+01    3.4796449633e+05
    4.4585000000e+01    3.6321380585e+05
    4.4590000000e+01    3.7363800968e+05
    4.4595000000e+01    3.7886060340e+05
    4.4600000000e+01    3.7864939697e+05
    4.4605000000e+01    3.7292784815e+05
    4.4610000000e+01    3.6178245357e+05
    4.4615000000e+01    3.4546587224e+05
    4.4620000000e+01    3.2439555743e+05
    4.4625000000e+01    2.9914778333e+05
    4.4630000000e+01    2.7044706990e+05
    4.4635000000e+01    2.3915112940e+05
    4.4640000000e+01    2.0623158015e+05
    4.4645000000e+01    1.7275079175e+05
    4.4650000000e+01    1.3983534062e+05
    4.4655000000e+01    1.0864666017e+05
    4.4660000000e+01    8.0349564972e+04
    4.4665000000e+01    5.6079409177e+04
    4.4670000000e+01    3.6908703879e+04
    4.4675000000e+01    2.3814064487e+04
    4.4680000000e+01    1.7644384846e+04
    4.4685000000e+01    1.9091139208e+04
    4.4690000000e+01    2.8661694998e+04
    4.4695000000e+01    4.6656478341e+04
    4.4700000000e+01    7.3150770876e+04
    4.4705000000e+01    1.0798183109e+05
    4.4710000000e+01    1.5074192767e+05
    4.4715000000e+01    2.0077774816e+05
    4.4720000000e+01    2.5719650552e+05
    4.4725000000e+01    3.1887891158e+05
    4.4730000000e+01    3.8449902230e+05
    4.4735000000e+01    4.5255078930e+05
    4.4740000000e+01    5.2138097949e+05
    4.4745000000e+01    5.8922795267e+05
    4.4750000000e+01    6.5426562180e+05
    4.4755000000e+01    7.1465176420e+05
    4.4760000000e+01    7.6857971040e+05
    4.4765000000e+01    8.1433231274e+05
    4.4770000000e+01    8.5033699346e+05
    4.4775000000e+01    8.7522059314e+05
    4.4780000000e+01    8.8786268979e+05
    4.4785000000e+01    8.8744603658e+05
    4.4790000000e+01    8.7350277564e+05
    4.4795000000e+01    8.4595512567e+05
    4.4800000000e+01    8.0514931380e+05
    4.4805000000e+01    7.5188162530e+05
    4.4810000000e+01    6.8741557830e+05
    4.4815000000e+01    6.1348939104e+05
    4.4820000000e+01    5.3231309493e+05
    4.4825000000e+01    4.4655485345e+05
    4.4830000000e+01    3.5931627070e+05
    4.4835000000e+01    2.7409671018e+05
    4.4840000000e+01    1.9474688854e+05
    4.4845000000e+01    1.2541225517e+05
    4.4850000000e+01    7.0466912302e+04
    4.4855000000e+01    3.4439064294e+04
    4.4860000000e+01    2.1929205077e+04
    4.4865000000e+01    3.7522453292e+04
    4.4870000000e+01    8.5696620379e+04
    4.4875000000e+01    1.7072774349e+05
    4.4880000000e+01    2.9659492833e+05
    4.4885000000e+01    4.6688642376e+05
    4.4890000000e+01    6.8470888702e+05
    4.4895000000e+01    9.5260179502e+05
    4.4900000000e+01    1.2724589109e+06
    4.4905000000e+01    1.6454586278e+06
    4.4910000000e+01    2.0720048812e+06
    4.4915000000e+01    2.5516801568e+06
    4.4920000000e+01    3.0832119105e+06
    4.4925000000e+01    3.6644534854e+06
    4.4930000000e+01    4.2923803418e+06
    4.4935000000e+01    4.9631021282e+06
    4.4940000000e+01    5.6718908144e+06
    4.4945000000e+01    6.4132247923e+06
    4.4950000000e+01    7.1808485261e+06
    4.4955000000e+01    7.9678470145e+06
    4.4960000000e+01    8.7667340184e+06
    4.4965000000e+01    9.5695527112e+06
    4.4970000000e+01    1.0367987138e+07
    4.4975000000e+01    1.1153482630e+07
    4.4980000000e+01    1.1917373095e+07
    4.4985000000e+01    1.2651012975e+07
    4.4990000000e+01    1.3345911469e+07
    4.4995000000e+01    1.3993866620e+07
    4.5000000000e+01    1.4587096760e+07
    4.5005000000e+01    1.5118366872e+07
    4.5010000000e+01    1.5581107485e+07
    4.5015000000e+01    1.5969523828e+07
    4.5020000000e+01    1.6278693136e+07
    4.5025000000e+01    1.6504648235e+07
    4.5030000000e+01    1.6644445735e+07
    4.5035000000e+01    1.6696217497e+07
    4.5040000000e+01    1.6659204320e+07
    4.5045000000e+01    1.6533771140e+07
    4.5050000000e+01    1.6321403395e+07
    4.5055000000e+01    1.6024684565e+07
    4.5060000000e+01    1.5647255260e+07
    4.5065000000e+01    1.5193754582e+07
    4.5070000000e+01    1.4669744851e+07
    4.5075000000e+01    1.4081621073e+07
    4.5080000000e+01    1.3436506855e+07
    4.5085000000e+01    1.2742138714e+07
    4.5090000000e+01    1.2006740942e+07
    4.5095000000e+01    1.1238893397e+07
    4.5100000000e+01    1.0447394664e+07
    4.5105000000e+01    9.6411231661e+06
    4.5110000000e+01    8.8288987875e+06
    4.5115000000e+01    8.0193475605e+06
    4.5120000000e+01    7.2207718918e+06
    4.5125000000e+01    6.4410286634e+06
    4.5130000000e+01    5.6874173769e+06
    4.5135000000e+01    4.9665802828e+06
    4.5140000000e+01    4.2844161849e+06
    4.5145000000e+01    3.6460093142e+06
    4.5150000000e+01    3.0555743538e+06
    4.5155000000e+01    2.5164183596e+06
    4.5160000000e+01    2.0309199726e+06
    4.5165000000e+01    1.6005259680e+06
    4.5170000000e+01    1.2257648371e+06
    4.5175000000e+01    9.0627675922e+05
    4.5180000000e+01    6.4085899979e+05
    4.5185000000e+01    4.2752547663e+05
    4.5190000000e+01    2.6357896854e+05
    4.5195000000e+01    1.4569421253e+05
    4.5200000000e+01    7.0009946730e+04
    4.5205000000e+01    3.2227811158e+04
    4.5210000000e+01    2.7715921030e+04
    4.5215000000e+01    5.1614877585e+04
    4.5220000000e+01    9.8943980816e+04
    4.5225000000e+01    1.6470545591e+05
    4.5230000000e+01    2.4398459906e+05
    4.5235000000e+01    3.3204388587e+05
    4.5240000000e+01    4.2440926309e+05
    4.5245000000e+01    5.1694705754e+05
    4.5250000000e+01    6.0593017898e+05
    4.5255000000e+01    6.8809256147e+05
    4.5260000000e+01    7.6067107276e+05
    4.5265000000e+01    8.2143441793e+05
    4.5270000000e+01    8.6869886432e+05
    4.5275000000e+01    9.0133091299e+05
    4.5280000000e+01    9.1873733096e+05
    4.5285000000e+01    9.2084323202e+05
    4.5290000000e+01    9.0805914511e+05
    4.5295000000e+01    8.8123823461e+05
    4.5300000000e+01    8.4162502900e+05
    4.5305000000e+01    7.9079717250e+05
    4.5310000000e+01    7.3060183251e+05
    4.5315000000e+01    6.6308847400e+05
    4.5320000000e+01    5.9043974856e+05
    4.5325000000e+01    5.1490224002e+05
    4.5330000000e+01    4.3871876271e+05
    4.5335000000e+01    3.6406382270e+05
    4.5340000000e+01    2.9298373061e+05
    4.5345000000e+01    2.2734270034e+05
    4.5350000000e+01    1.6877608452e+05
    4.5355000000e+01    1.1865169119e+05
    4.5360000000e+01    7.8039900698e+04
    4.5365000000e+01    4.7693064738e+04
    4.5370000000e+01    2.8034424709e+04
    4.5375000000e+01    1.9156542095e+04
    4.5380000000e+01    2.0828993846e+04
    4.5385000000e+01    3.2514857354e+04
    4.5390000000e+01    5.3395297506e+04
    4.5395000000e+01    8.2401377583e+04
    4.5400000000e+01    1.1825205067e+05
    4.5405000000e+01    1.5949715240e+05
    4.5410000000e+01    2.0456411223e+05
    4.5415000000e+01    2.5180703092e+05
    4.5420000000e+01    2.9955673788e+05
    4.5425000000e+01    3.4617044382e+05
    4.5430000000e+01    3.9007964065e+05
    4.5435000000e+01    4.2983497171e+05
    4.5440000000e+01    4.6414689694e+05
    4.5445000000e+01    4.9192110876e+05
    4.5450000000e+01    5.1228780974e+05
    4.5455000000e+01    5.2462413956e+05
    4.5460000000e+01    5.2856923110e+05
    4.5465000000e+01    5.2403157880e+05
    4.5470000000e+01    5.1118861155e+05
    4.5475000000e+01    4.9047857199e+05
    4.5480000000e+01    4.6258500855e+05
    4.5485000000e+01    4.2841438154e+05
    4.5490000000e+01    3.8906746420e+05
    4.5495000000e+01    3.4580538024e+05
    4.5500000000e+01    3.0001125707e+05
    4.5505000000e+01    2.5314858433e+05
    4.5510000000e+01    2.0671744971e+05
    4.5515000000e+01    1.6220987445e+05
    4.5520000000e+01    1.2106548969e+05
    4.5525000000e+01    8.4628781072e+04
    4.5530000000e+01    5.4109083418e+04
    4.5535000000e+01    3.0544430724e+04
    4.5540000000e+01    1.4770262005e+04
    4.5545000000e+01    7.3938526295e+03
    4.5550000000e+01    8.7751875241e+03
    4.5555000000e+01    1.9014820855e+04
    4.5560000000e+01    3.7949080764e+04
    4.5565000000e+01    6.5152782310e+04
    4.5570000000e+01    9.9949411780e+04
    4.5575000000e+01    1.4142854610e+05
    4.5580000000e+01    1.8847007722e+05
    4.5585000000e+01    2.3977462783e+05
    4.5590000000e+01    2.9389937657e+05
    4.5595000000e+01    3.4929836187e+05
    4.5600000000e+01    4.0436620768e+05
    4.5605000000e+01    4.5748411514e+05
    4.5610000000e+01    5.0706689358e+05
    4.5615000000e+01    5.5160976519e+05
    4.5620000000e+01    5.8973366970e+05
    4.5625000000e+01    6.2022782104e+05
    4.5630000000e+01    6.4208832432e+05
    4.5635000000e+01    6.5455174999e+05
    4.5640000000e+01    6.5712267823e+05
    4.5645000000e+01    6.4959436983e+05
    4.5650000000e+01    6.3206188590e+05
    4.5655000000e+01    6.0492716340e+05
    4.5660000000e+01    5.6889575364e+05
    4.5665000000e+01    5.2496514036e+05
    4.5670000000e+01    4.7440476910e+05
    4.5675000000e+01    4.1872813398e+05
    4.5680000000e+01    3.5965747763e+05
    4.5685000000e+01    2.9908185883e+05
    4.5690000000e+01    2.3900952621e+05
    4.5695000000e+01    1.8151569992e+05
    4.5700000000e+01    1.2868700327e+05
    4.5705000000e+01    8.2563898008e+04
    4.5710000000e+01    4.5082558681e+04
    4.5715000000e+01    1.8017669530e+04
    4.5720000000e+01    2.9276413765e+03
    4.5725000000e+01    1.1037241175e+03
    4.5730000000e+01    1.3524433342e+04
    4.5735000000e+01    4.0816617802e+04
    4.5740000000e+01    8.3224369616e+04
    4.5745000000e+01    1.4058682359e+05
    4.5750000000e+01    2.1232570888e+05
    4.5755000000e+01    2.9744330934e+05
    4.5760000000e+01    3.9453126225e+05
    4.5765000000e+01    5.0179038398e+05
    4.5770000000e+01    6.1706146037e+05
    4.5775000000e+01    7.3786668449e+05
    4.5780000000e+01    8.6146117131e+05
    4.5785000000e+01    9.8489373234e+05
    4.5790000000e+01    1.1050758598e+06
    4.5795000000e+01    1.2188576542e+06
    4.5800000000e+01    1.3231092370e+06
    4.5805000000e+01    1.4148060240e+06
    4.5810000000e+01    1.4911161033e+06
    4.5815000000e+01    1.5494878609e+06
    4.5820000000e+01    1.5877359386e+06
    4.5825000000e+01    1.6041235850e+06
    4.5830000000e+01    1.5974394809e+06
    4.5835000000e+01    1.5670671799e+06
    4.5840000000e+01    1.5130454046e+06
    4.5845000000e+01    1.4361175782e+06
    4.5850000000e+01    1.3377691448e+06
    4.5855000000e+01    1.2202514417e+06
    4.5860000000e+01    1.0865911235e+06
    4.5865000000e+01    9.4058440006e+05
    4.5870000000e+01    7.8677563419e+05
    4.5875000000e+01    6.3042014143e+05
    4.5880000000e+01    4.7743133995e+05
    4.5885000000e+01    3.3431270748e+05
    4.5890000000e+01    2.0807530753e+05
    4.5895000000e+01    1.0614194239e+05
    4.5900000000e+01    3.6239270779e+04
    4.5905000000e+01    6.2794872177e+03
    4.5910000000e+01    2.4233392357e+04
    4.5915000000e+01    9.7996885191e+04
    4.5920000000e+01    2.3525307373e+05
    4.5925000000e+01    4.4333232762e+05
    4.5930000000e+01    7.2907268137e+05
    4.5935000000e+01    1.0986830381e+06
    4.5940000000e+01    1.5576116201e+06
    4.5945000000e+01    2.1104220649e+06
    4.5950000000e+01    2.7606794703e+06
    4.5955000000e+01    3.5108485584e+06
    4.5960000000e+01    4.3622059497e+06
    4.5965000000e+01    5.3147683259e+06
    4.5970000000e+01    6.3672380100e+06
    4.5975000000e+01    7.5169672161e+06
    4.5980000000e+01    8.7599419204e+06
    4.5985000000e+01    1.0090785982e+07
    4.5990000000e+01    1.1502785813e+07
    4.5995000000e+01    1.2987935546e+07
    4.6000000000e+01    1.4537002333e+07
    4.6005000000e+01    1.6139611028e+07
    4.6010000000e+01    1.7784347233e+07
    4.6015000000e+01    1.9458877344e+07
    4.6020000000e+01    2.1150083961e+07
    4.6025000000e+01    2.2844214771e+07
    4.6030000000e+01    2.4527042784e+07
    4.6035000000e+01    2.6184035615e+07
    4.6040000000e+01    2.7800531362e+07
    4.6045000000e+01    2.9361918497e+07
    4.6050000000e+01    3.0853817156e+07
    4.6055000000e+01    3.2262259158e+07
    4.6060000000e+01    3.3573864141e+07
    4.6065000000e+01    3.4776009218e+07
    4.6070000000e+01    3.5856989714e+07
    4.6075000000e+01    3.6806168659e+07
    4.6080000000e+01    3.7614112898e+07
    4.6085000000e+01    3.8272713888e+07
    4.6090000000e+01    3.8775291519e+07
    4.6095000000e+01    3.9116679528e+07
    4.6100000000e+01    3.9293291376e+07
    4.6105000000e+01    3.9303165771e+07
    4.6110000000e+01    3.9145991295e+07
    4.6115000000e+01    3.8823109946e+07
    4.6120000000e+01    3.8337499672e+07
    4.6125000000e+01    3.7693736326e+07
    4.6130000000e+01    3.6897935709e+07
    4.6135000000e+01    3.5957676702e+07
    4.6140000000e+01    3.4881906699e+07
    4.6145000000e+01    3.3680830800e+07
    4.6150000000e+01    3.2365786450e+07
    4.6155000000e+01    3.0949105349e+07
    4.6160000000e+01    2.9443964633e+07
    4.6165000000e+01    2.7864229427e+07
    4.6170000000e+01    2.6224288957e+07
    4.6175000000e+01    2.4538888437e+07
    4.6180000000e+01    2.2822958986e+07
    4.6185000000e+01    2.1091447784e+07
    4.6190000000e+01    1.9359150641e+07
    4.6195000000e+01    1.7640549075e+07
    4.6200000000e+01    1.5949653865e+07
    4.6205000000e+01    1.4299856950e+07
    4.6210000000e+01    1.2703793355e+07
    4.6215000000e+01    1.1173214691e+07
    4.6220000000e+01    9.7188755541e+06
    4.6225000000e+01    8.3504339787e+06
    4.6230000000e+01    7.0763668818e+06
    4.6235000000e+01    5.9039012271e+06
    4.6240000000e+01    4.8389614234e+06
    4.6245000000e+01    3.8861332612e+06
    4.6250000000e+01    3.0486444845e+06
    4.6255000000e+01    2.3283618918e+06
    4.6260000000e+01    1.7258046711e+06
    4.6265000000e+01    1.2401734900e+06
    4.6270000000e+01    8.6939469866e+05
    4.6275000000e+01    6.1017884782e+05
    4.6280000000e+01    4.5809258939e+05
    4.6285000000e+01    4.0764290943e+05
    4.6290000000e+01    4.5237254193e+05
    4.6295000000e+01    5.8496533228e+05
    4.6300000000e+01    7.9736025838e+05
    4.6305000000e+01    1.0808727777e+06
    4.6310000000e+01    1.4263221505e+06
    4.6315000000e+01    1.8241633933e+06
    4.6320000000e+01    2.2646225449e+06
    4.6325000000e+01    2.7378339787e+06
    4.6330000000e+01    3.2339785766e+06
    4.6335000000e+01    3.7434216876e+06
    4.6340000000e+01    4.2568499412e+06
    4.6345000000e+01    4.7654061687e+06
    4.6350000000e+01    5.2608219211e+06
    4.6355000000e+01    5.7355473681e+06
    4.6360000000e+01    6.1828787386e+06
    4.6365000000e+01    6.5970839378e+06
    4.6370000000e+01    6.9735275984e+06
    4.6375000000e+01    7.3087976221e+06
    4.6380000000e+01    7.6008363421e+06
    4.6385000000e+01    7.8490808690e+06
    4.6390000000e+01    8.0546191511e+06
    4.6395000000e+01    8.2203710122e+06
    4.6400000000e+01    8.3513072891e+06
    4.6405000000e+01    8.4547257386e+06
    4.6410000000e+01    8.5406104814e+06
    4.6415000000e+01    8.6221137905e+06
    4.6420000000e+01    8.7162172319e+06
    4.6425000000e+01    8.8446572073e+06
    4.6430000000e+01    9.0352439900e+06
    4.6435000000e+01    9.3237739337e+06
    4.6440000000e+01    9.7568501915e+06
    4.6445000000e+01    1.0396121208e+07
    4.6450000000e+01    1.1324779588e+07
    4.6455000000e+01    1.2657752164e+07
    4.6460000000e+01    1.4558078879e+07
    4.6465000000e+01    1.7263967293e+07
    4.6470000000e+01    2.1134816608e+07
    4.6475000000e+01    2.6731938077e+07
    4.6480000000e+01    3.4964246616e+07
    4.6485000000e+01    4.7356342183e+07
    4.6490000000e+01    6.6536308852e+07
    4.6495000000e+01    9.7026563271e+07
    4.6500000000e+01    1.4585099152e+08
    4.6505000000e+01    2.1891442232e+08
    4.6510000000e+01    2.9959047854e+08
    4.6515000000e+01    3.2402324043e+08
    4.6520000000e+01    2.6552582445e+08
    4.6525000000e+01    1.8626447839e+08
    4.6530000000e+01    1.2617057084e+08
    4.6535000000e+01    8.6867259942e+07
    4.6540000000e+01    6.1555000856e+07
    4.6545000000e+01    4.4861077110e+07
    4.6550000000e+01    3.3495100553e+07
    4.6555000000e+01    2.5522448819e+07
    4.6560000000e+01    1.9789421887e+07
    4.6565000000e+01    1.5586750227e+07
    4.6570000000e+01    1.2463121648e+07
    4.6575000000e+01    1.0121377357e+07
    4.6580000000e+01    8.3593759117e+06
    4.6585000000e+01    7.0353281882e+06
    4.6590000000e+01    6.0468791546e+06
    4.6595000000e+01    5.3181337690e+06
    4.6600000000e+01    4.7914053498e+06
    4.6605000000e+01    4.4218476863e+06
    4.6610000000e+01    4.1738923682e+06
    4.6615000000e+01    4.0188419465e+06
    4.6620000000e+01    3.9332181654e+06
    4.6625000000e+01    3.8976121730e+06
    4.6630000000e+01    3.8958734103e+06
    4.6635000000e+01    3.9145296980e+06
    4.6640000000e+01    3.9423664730e+06
    4.6645000000e+01    3.9701160715e+06
    4.6650000000e+01    3.9902230971e+06
    4.6655000000e+01    3.9966620874e+06
    4.6660000000e+01    3.9847906611e+06
    4.6665000000e+01    3.9512261766e+06
    4.6670000000e+01    3.8937373742e+06
    4.6675000000e+01    3.8111449540e+06
    4.6680000000e+01    3.7032268617e+06
    4.6685000000e+01    3.5706254098e+06
    4.6690000000e+01    3.4147543872e+06
    4.6695000000e+01    3.2377050945e+06
    4.6700000000e+01    3.0421508455e+06
    4.6705000000e+01    2.8312499478e+06
    4.6710000000e+01    2.6085475324e+06
    4.6715000000e+01    2.3778768835e+06
    4.6720000000e+01    2.1432611215e+06
    4.6725000000e+01    1.9088162439e+06
    4.6730000000e+01    1.6786566213e+06
    4.6735000000e+01    1.4568040995e+06
    4.6740000000e+01    1.2471018701e+06
    4.6745000000e+01    1.0531342532e+06
    4.6750000000e+01    8.7815347760e+05
    4.6755000000e+01    7.2501446899e+05
    4.6760000000e+01    5.9611855016e+05
    4.6765000000e+01    4.9336683292e+05
    4.6770000000e+01    4.1812394078e+05
    4.6775000000e+01    3.7119254571e+05
    4.6780000000e+01    3.5279903633e+05
    4.6785000000e+01    3.6259046176e+05
    4.6790000000e+01    3.9964271823e+05
    4.6795000000e+01    4.6247976748e+05
    4.6800000000e+01    5.4910350008e+05
    4.6805000000e+01    6.5703368658e+05
    4.6810000000e+01    7.8335729667e+05
    4.6815000000e+01    9.2478631530e+05
    4.6820000000e+01    1.0777230458e+06
    4.6825000000e+01    1.2383317680e+06
    4.6830000000e+01    1.4026155119e+06
    4.6835000000e+01    1.5664966248e+06
    4.6840000000e+01    1.7258997380e+06
    4.6845000000e+01    1.8768357008e+06
    4.6850000000e+01    2.0154850231e+06
    4.6855000000e+01    2.1382793706e+06
    4.6860000000e+01    2.2419796777e+06
    4.6865000000e+01    2.3237494917e+06
    4.6870000000e+01    2.3812222271e+06
    4.6875000000e+01    2.4125610986e+06
    4.6880000000e+01    2.4165106093e+06
    4.6885000000e+01    2.3924385981e+06
    4.6890000000e+01    2.3403679928e+06
    4.6895000000e+01    2.2609975738e+06
    4.6900000000e+01    2.1557112235e+06
    4.6905000000e+01    2.0265753164e+06
    4.6910000000e+01    1.8763240926e+06
    4.6915000000e+01    1.7083330493e+06
    4.6920000000e+01    1.5265805785e+06
    4.6925000000e+01    1.3355982717e+06
    4.6930000000e+01    1.1404105023e+06
    4.6935000000e+01    9.4646407459e+05
    4.6940000000e+01    7.5954890463e+05
    4.6945000000e+01    5.8571085304e+05
    4.6950000000e+01    4.3115797705e+05
    4.6955000000e+01    3.0216159324e+05
    4.6960000000e+01    2.0495364995e+05
    4.6965000000e+01    1.4562199242e+05
    4.6970000000e+01    1.3000516444e+05
    4.6975000000e+01    1.6358842663e+05
    4.6980000000e+01    2.5140268093e+05
    4.6985000000e+01    3.9792797421e+05
    4.6990000000e+01    6.0700321049e+05
    4.6995000000e+01    8.8174363043e+05
    4.7000000000e+01    1.2244675205e+06
    4.7005000000e+01    1.6366334922e+06
    4.7010000000e+01    2.1187895268e+06
    4.7015000000e+01    2.6705348135e+06
    4.7020000000e+01    3.2904952216e+06
    4.7025000000e+01    3.9763130455e+06
    4.7030000000e+01    4.7246514411e+06
    4.7035000000e+01    5.5312137467e+06
    4.7040000000e+01    6.3907776446e+06
    4.7045000000e+01    7.2972438808e+06
    4.7050000000e+01    8.2436990243e+06
    4.7055000000e+01    9.2224915124e+06
    4.7060000000e+01    1.0225320004e+07
    4.7065000000e+01    1.1243332851e+07
    4.7070000000e+01    1.2267237303e+07
    4.7075000000e+01    1.3287416884e+07
    4.7080000000e+01    1.4294055225e+07
    4.7085000000e+01    1.5277264519e+07
    4.7090000000e+01    1.6227216652e+07
    4.7095000000e+01    1.7134275018e+07
    4.7100000000e+01    1.7989124975e+07
    4.7105000000e+01    1.8782900916e+07
    4.7110000000e+01    1.9507307943e+07
    4.7115000000e+01    2.0154736227e+07
    4.7120000000e+01    2.0718366221e+07
    4.7125000000e+01    2.1192263035e+07
    4.7130000000e+01    2.1571458452e+07
    4.7135000000e+01    2.1852019239e+07
    4.7140000000e+01    2.2031100661e+07
    4.7145000000e+01    2.2106984293e+07
    4.7150000000e+01    2.2079099530e+07
    4.7155000000e+01    2.1948028432e+07
    4.7160000000e+01    2.1715493821e+07
    4.7165000000e+01    2.1384330844e+07
    4.7170000000e+01    2.0958442456e+07
    4.7175000000e+01    2.0442739589e+07
    4.7180000000e+01    1.9843066987e+07
    4.7185000000e+01    1.9166115957e+07
    4.7190000000e+01    1.8419325493e+07
    4.7195000000e+01    1.7610773419e+07
    4.7200000000e+01    1.6749059356e+07
    4.7205000000e+01    1.5843181468e+07
    4.7210000000e+01    1.4902409016e+07
    4.7215000000e+01    1.3936152815e+07
    4.7220000000e+01    1.2953835718e+07
    4.7225000000e+01    1.1964765214e+07
    4.7230000000e+01    1.0978010202e+07
    4.7235000000e+01    1.0002283877e+07
    4.7240000000e+01    9.0458345571e+06
    4.7245000000e+01    8.1163461264e+06
    4.7250000000e+01    7.2208495527e+06
    4.7255000000e+01    6.3656467564e+06
    4.7260000000e+01    5.5562478487e+06
    4.7265000000e+01    4.7973225132e+06
    4.7270000000e+01    4.0926660399e+06
    4.7275000000e+01    3.4451802493e+06
    4.7280000000e+01    2.8568692720e+06
    4.7285000000e+01    2.3288498828e+06
    4.7290000000e+01    1.8613758276e+06
    4.7295000000e+01    1.4538753412e+06
    4.7300000000e+01    1.1050008255e+06
    4.7305000000e+01    8.1268945926e+05
    4.7310000000e+01    5.7423333449e+05
    4.7315000000e+01    3.8635757122e+05
    4.7320000000e+01    2.4530475122e+05
    4.7325000000e+01    1.4692393432e+05
    4.7330000000e+01    8.6762479815e+04
    4.7335000000e+01    6.0158890434e+04
    4.7340000000e+01    6.2334926485e+04
    4.7345000000e+01    8.8485302288e+04
    4.7350000000e+01    1.3386337385e+05
    4.7355000000e+01    1.9386135335e+05
    4.7360000000e+01    2.6408373919e+05
    4.7365000000e+01    3.4041282640e+05
    4.7370000000e+01    4.1906535724e+05
    4.7375000000e+01    4.9663958073e+05
    4.7380000000e+01    5.7015220882e+05
    4.7385000000e+01    6.3706498013e+05
    4.7390000000e+01    6.9530076581e+05
    4.7395000000e+01    7.4324936997e+05
    4.7400000000e+01    7.7976338652e+05
    4.7405000000e+01    8.0414466889e+05
    4.7410000000e+01    8.1612214642e+05
    4.7415000000e+01    8.1582187748e+05
    4.7420000000e+01    8.0373036121e+05
    4.7425000000e+01    7.8065223528e+05
    4.7430000000e+01    7.4766356471e+05
    4.7435000000e+01    7.0606197519e+05
    4.7440000000e+01    6.5731490299e+05
    4.7445000000e+01    6.0300722416e+05
    4.7450000000e+01    5.4478948683e+05
    4.7455000000e+01    4.8432790658e+05
    4.7460000000e+01    4.2325719571e+05
    4.7465000000e+01    3.6313718720e+05
    4.7470000000e+01    3.0541408563e+05
    4.7475000000e+01    2.5138703384e+05
    4.7480000000e+01    2.0218052973e+05
    4.7485000000e+01    1.5872306591e+05
    4.7490000000e+01    1.2173220055e+05
    4.7495000000e+01    9.1706103419e+04
    4.7500000000e+01    6.8921462554e+04
    4.7505000000e+01    5.3437486077e+04
    4.7510000000e+01    4.5105594826e+04
    4.7515000000e+01    4.3584277432e+04
    4.7520000000e+01    4.8358472651e+04
    4.7525000000e+01    5.8762756476e+04
    4.7530000000e+01    7.4007545161e+04
    4.7535000000e+01    9.3207480905e+04
    4.7540000000e+01    1.1541114501e+05
    4.7545000000e+01    1.3963124358e+05
    4.7550000000e+01    1.6487443274e+05
    4.7555000000e+01    1.9016999271e+05
    4.7560000000e+01    2.1459662102e+05
    4.7565000000e+01    2.3730669282e+05
    4.7570000000e+01    2.5754742811e+05
    4.7575000000e+01    2.7467850883e+05
    4.7580000000e+01    2.8818580039e+05
    4.7585000000e+01    2.9769094927e+05
    4.7590000000e+01    3.0295674723e+05
    4.7595000000e+01    3.0388827089e+05
    4.7600000000e+01    3.0052991954e+05
    4.7605000000e+01    2.9305858095e+05
    4.7610000000e+01    2.8177325308e+05
    4.7615000000e+01    2.6708153517e+05
    4.7620000000e+01    2.4948347394e+05
    4.7625000000e+01    2.2955330796e+05
    4.7630000000e+01    2.0791969341e+05
    4.7635000000e+01    1.8524501875e+05
    4.7640000000e+01    1.6220442194e+05
    4.7645000000e+01    1.3946511417e+05
    4.7650000000e+01    1.1766658711e+05
    4.7655000000e+01    9.7402240025e+04
    4.7660000000e+01    7.9202907785e+04
    4.7665000000e+01    6.3522704479e+04
    4.7670000000e+01    5.0727521338e+04
    4.7675000000e+01    4.1086434087e+04
    4.7680000000e+01    3.4766186733e+04
    4.7685000000e+01    3.1828828068e+04
    4.7690000000e+01    3.2232486748e+04
    4.7695000000e+01    3.5835182910e+04
    4.7700000000e+01    4.2401491370e+04
    4.7705000000e+01    5.1611795562e+04
    4.7710000000e+01    6.3073804550e+04
    4.7715000000e+01    7.6335949140e+04
    4.7720000000e+01    9.0902228807e+04
    4.7725000000e+01    1.0624804964e+05
    4.7730000000e+01    1.2183657551e+05
    4.7735000000e+01    1.3713511022e+05
    4.7740000000e+01    1.5163103767e+05
    4.7745000000e+01    1.6484686898e+05
    4.7750000000e+01    1.7635397982e+05
    4.7755000000e+01    1.8578466626e+05
    4.7760000000e+01    1.9284220217e+05
    4.7765000000e+01    1.9730864319e+05
    4.7770000000e+01    1.9905019117e+05
    4.7775000000e+01    1.9802000457e+05
    4.7780000000e+01    1.9425841498e+05
    4.7785000000e+01    1.8789058338e+05
    4.7790000000e+01    1.7912170190e+05
    4.7795000000e+01    1.6822991398e+05
    4.7800000000e+01    1.5555718794e+05
    4.7805000000e+01    1.4149843263e+05
    4.7810000000e+01    1.2648918961e+05
    4.7815000000e+01    1.1099227104e+05
    4.7820000000e+01    9.5483737684e+04
    4.7825000000e+01    8.0438624071e+04
    4.7830000000e+01    6.6316820211e+04
    4.7835000000e+01    5.3549509529e+04
    4.7840000000e+01    4.2526542466e+04
    4.7845000000e+01    3.3585094688e+04
    4.7850000000e+01    2.6999919205e+04
    4.7855000000e+01    2.2975454104e+04
    4.7860000000e+01    2.1639993475e+04
    4.7865000000e+01    2.3042069993e+04
    4.7870000000e+01    2.7149135231e+04
    4.7875000000e+01    3.3848559789e+04
    4.7880000000e+01    4.2950911568e+04
    4.7885000000e+01    5.4195408613e+04
    4.7890000000e+01    6.7257384639e+04
    4.7895000000e+01    8.1757552048e+04
    4.7900000000e+01    9.7272800403e+04
    4.7905000000e+01    1.1334822902e+05
    4.7910000000e+01    1.2951008160e+05
    4.7915000000e+01    1.4527922923e+05
    4.7920000000e+01    1.6018483631e+05
    4.7925000000e+01    1.7377784175e+05
    4.7930000000e+01    1.8564389574e+05
    4.7935000000e+01    1.9541540930e+05
    4.7940000000e+01    2.0278240002e+05
    4.7945000000e+01    2.0750185104e+05
    4.7950000000e+01    2.0940534187e+05
    4.7955000000e+01    2.0840475574e+05
    4.7960000000e+01    2.0449592023e+05
    4.7965000000e+01    1.9776009184e+05
    4.7970000000e+01    1.8836325155e+05
    4.7975000000e+01    1.7655323463e+05
    4.7980000000e+01    1.6265477268e+05
    4.7985000000e+01    1.4706257865e+05
    4.7990000000e+01    1.3023265313e+05
    4.7995000000e+01    1.1267203398e+05
    4.8000000000e+01    9.4927247614e+04
    4.8005000000e+01    7.7571750478e+04
    4.8010000000e+01    6.1192671070e+04
    4.8015000000e+01    4.6377177032e+04
    4.8020000000e+01    3.3698797350e+04
    4.8025000000e+01    2.3704027079e+04
    4.8030000000e+01    1.6899531174e+04
    4.8035000000e+01    1.3740245532e+04
    4.8040000000e+01    1.4618647802e+04
    4.8045000000e+01    1.9855438652e+04
    4.8050000000e+01    2.9691837011e+04
    4.8055000000e+01    4.4283651256e+04
    4.8060000000e+01    6.3697243627e+04
    4.8065000000e+01    8.7907458450e+04
    4.8070000000e+01    1.1679753725e+05
    4.8075000000e+01    1.5016099681e+05
    4.8080000000e+01    1.8770540061e+05
    4.8085000000e+01    2.2905791149e+05
    4.8090000000e+01    2.7377247394e+05
    4.8095000000e+01    3.2133844013e+05
    4.8100000000e+01    3.7119042413e+05
    4.8105000000e+01    4.2271914572e+05
    4.8110000000e+01    4.7528300782e+05
    4.8115000000e+01    5.2822014101e+05
    4.8120000000e+01    5.8086064478e+05
    4.8125000000e+01    6.3253875774e+05
    4.8130000000e+01    6.8260469782e+05
    4.8135000000e+01    7.3043592827e+05
    4.8140000000e+01    7.7544762560e+05
    4.8145000000e+01    8.1710215004e+05
    4.8150000000e+01    8.5491734808e+05
    4.8155000000e+01    8.8847354839e+05
    4.8160000000e+01    9.1741914621e+05
    4.8165000000e+01    9.4147470696e+05
    4.8170000000e+01    9.6043555523e+05
    4.8175000000e+01    9.7417285038e+05
    4.8180000000e+01    9.8263318412e+05
    4.8185000000e+01    9.8583676693e+05
    4.8190000000e+01    9.8387429875e+05
    4.8195000000e+01    9.7690264546e+05
    4.8200000000e+01    9.6513946326e+05
    4.8205000000e+01    9.4885693118e+05
    4.8210000000e+01    9.2837476383e+05
    4.8215000000e+01    9.0405268494e+05
    4.8220000000e+01    8.7628254551e+05
    4.8225000000e+01    8.4548026910e+05
    4.8230000000e+01    8.1207780138e+05
    4.8235000000e+01    7.7651523167e+05
    4.8240000000e+01    7.3923324105e+05
    4.8245000000e+01    7.0066601588e+05
    4.8250000000e+01    6.6123474673e+05
    4.8255000000e+01    6.2134181249e+05
    4.8260000000e+01    5.8136572786e+05
    4.8265000000e+01    5.4165690964e+05
    4.8270000000e+01    5.0253429522e+05
    4.8275000000e+01    4.6428282459e+05
    4.8280000000e+01    4.2715177613e+05
    4.8285000000e+01    3.9135392740e+05
    4.8290000000e+01    3.5706549454e+05
    4.8295000000e+01    3.2442678871e+05
    4.8300000000e+01    2.9354351559e+05
    4.8305000000e+01    2.6448863388e+05
    4.8310000000e+01    2.3730468183e+05
    4.8315000000e+01    2.1200647655e+05
    4.8320000000e+01    1.8858408927e+05
    4.8325000000e+01    1.6700600111e+05
    4.8330000000e+01    1.4722234735e+05
    4.8335000000e+01    1.2916816380e+05
    4.8340000000e+01    1.1276655701e+05
    4.8345000000e+01    9.7931728434e+04
    4.8350000000e+01    8.4571793837e+04
    4.8355000000e+01    7.2591349577e+04
    4.8360000000e+01    6.1893749522e+04
    4.8365000000e+01    5.2383067648e+04
    4.8370000000e+01    4.3965732838e+04
    4.8375000000e+01    3.6551833135e+04
    4.8380000000e+01    3.0056096614e+04
    4.8385000000e+01    2.4398564866e+04
    4.8390000000e+01    1.9504982640e+04
    4.8395000000e+01    1.5306933377e+04
    4.8400000000e+01    1.1741754998e+04
    4.8405000000e+01    8.7522735484e+03
    4.8410000000e+01    6.2863939291e+03
    4.8415000000e+01    4.2965872207e+03
    4.8420000000e+01    2.7393130314e+03
    4.8425000000e+01    1.5744130386e+03
    4.8430000000e+01    7.6450861790e+02
    4.8435000000e+01    2.7443134284e+02
    4.8440000000e+01    7.0710404332e+01
    4.8445000000e+01    1.2113584063e+02
    4.8450000000e+01    3.9441110300e+02
    4.8455000000e+01    8.5990310701e+02
    4.8460000000e+01    1.4874927232e+03
    4.8465000000e+01    2.2475238142e+03
    4.8470000000e+01    3.1108445737e+03
    4.8475000000e+01    4.0489311842e+03
    4.8480000000e+01    5.0340807793e+03
    4.8485000000e+01    6.0396584245e+03
    4.8490000000e+01    7.0403813594e+03
    4.8495000000e+01    8.0126230535e+03
    4.8500000000e+01    8.9347197130e+03
    4.8505000000e+01    9.7872626552e+03
    4.8510000000e+01    1.0553361388e+04
    4.8515000000e+01    1.1218864179e+04
    4.8520000000e+01    1.1772525273e+04
    4.8525000000e+01    1.2206110611e+04
    4.8530000000e+01    1.2514436755e+04
    4.8535000000e+01    1.2695340661e+04
    4.8540000000e+01    1.2749580826e+04
    4.8545000000e+01    1.2680673020e+04
    4.8550000000e+01    1.2494666285e+04
    4.8555000000e+01    1.2199866966e+04
    4.8560000000e+01    1.1806520254e+04
    4.8565000000e+01    1.1326459932e+04
    4.8570000000e+01    1.0772737826e+04
    4.8575000000e+01    1.0159244684e+04
    4.8580000000e+01    9.5003340620e+03
    4.8585000000e+01    8.8104601446e+03
    4.8590000000e+01    8.1038393910e+03
    4.8595000000e+01    7.3941445642e+03
    4.8600000000e+01    6.6942380571e+03
    4.8605000000e+01    6.0159496344e+03
    4.8610000000e+01    5.3699017915e+03
    4.8615000000e+01    4.7653840014e+03
    4.8620000000e+01    4.2102752393e+03
    4.8625000000e+01    3.7110124352e+03
    4.8630000000e+01    3.2726009480e+03
    4.8635000000e+01    2.8986618637e+03
    4.8640000000e+01    2.5915099101e+03
    4.8645000000e+01    2.3522551039e+03
    4.8650000000e+01    2.1809208992e+03
    4.8655000000e+01    2.0765716015e+03
    4.8660000000e+01    2.0374421274e+03
    4.8665000000e+01    2.0610638066e+03
    4.8670000000e+01    2.1443807906e+03
    4.8675000000e+01    2.2838527186e+03
    4.8680000000e+01    2.4755405219e+03
    4.8685000000e+01    2.7151735793e+03
    4.8690000000e+01    2.9981977917e+03
    4.8695000000e+01    3.3198054652e+03
    4.8700000000e+01    3.6749491215e+03
    4.8705000000e+01    4.0583424308e+03
    4.8710000000e+01    4.4644523377e+03
    4.8715000000e+01    4.8874870947e+03
    4.8720000000e+01    5.3213852865e+03
    4.8725000000e+01    5.7598110223e+03
    4.8730000000e+01    6.1961602767e+03
    4.8735000000e+01    6.6235828807e+03
    4.8740000000e+01    7.0350239355e+03
    4.8745000000e+01    7.4232874557e+03
    4.8750000000e+01    7.7811239035e+03
    4.8755000000e+01    8.1013419916e+03
    4.8760000000e+01    8.3769437648e+03
    4.8765000000e+01    8.6012805886e+03
    4.8770000000e+01    8.7682263213e+03
    4.8775000000e+01    8.8723627076e+03
    4.8780000000e+01    8.9091709361e+03
    4.8785000000e+01    8.8752224327e+03
    4.8790000000e+01    8.7683613317e+03
    4.8795000000e+01    8.5878707349e+03
    4.8800000000e+01    8.3346148445e+03
    4.8805000000e+01    8.0111493573e+03
    4.8810000000e+01    7.6217931344e+03
    4.8815000000e+01    7.1726550990e+03
    4.8820000000e+01    6.6716115373e+03
    4.8825000000e+01    6.1282304499e+03
    4.8830000000e+01    5.5536412777e+03
    4.8835000000e+01    4.9603501443e+03
    4.8840000000e+01    4.3620026635e+03
    4.8845000000e+01    3.7730982773e+03
    4.8850000000e+01    3.2086619594e+03
    4.8855000000e+01    2.6838808620e+03
    4.8860000000e+01    2.2137150398e+03
    4.8865000000e+01    1.8124926905e+03
    4.8870000000e+01    1.4935013545e+03
    4.8875000000e+01    1.2685871735e+03
    4.8880000000e+01    1.1477745821e+03
    4.8885000000e+01    1.1389186849e+03
    4.8890000000e+01    1.2474020418e+03
    4.8895000000e+01    1.4758866554e+03
    4.8900000000e+01    1.8241306505e+03
    4.8905000000e+01    2.2888774842e+03
    4.8910000000e+01    2.8638235818e+03
    4.8915000000e+01    3.5396681111e+03
    4.8920000000e+01    4.3042462493e+03
    4.8925000000e+01    5.1427448488e+03
    4.8930000000e+01    6.0379969293e+03
    4.8935000000e+01    6.9708490171e+03
    4.8940000000e+01    7.9205930743e+03
    4.8945000000e+01    8.8654527053e+03
    4.8950000000e+01    9.7831115530e+03
    4.8955000000e+01    1.0651270368e+04
    4.8960000000e+01    1.1448218204e+04
    4.8965000000e+01    1.2153402587e+04
    4.8970000000e+01    1.2747983378e+04
    4.8975000000e+01    1.3215355349e+04
    4.8980000000e+01    1.3541625304e+04
    4.8985000000e+01    1.3716030791e+04
    4.8990000000e+01    1.3731289054e+04
    4.8995000000e+01    1.3583866903e+04
    4.9000000000e+01    1.3274164398e+04
    4.9005000000e+01    1.2806607773e+04
    4.9010000000e+01    1.2189649637e+04
    4.9015000000e+01    1.1435677189e+04
    4.9020000000e+01    1.0560831819e+04
    4.9025000000e+01    9.5847460374e+03
    4.9030000000e+01    8.5302059820e+03
    4.9035000000e+01    7.4227498293e+03
    4.9040000000e+01    6.2902141466e+03
    4.9045000000e+01    5.1622415312e+03
    4.9050000000e+01    4.0697637540e+03
    4.9055000000e+01    3.0444750108e+03
    4.9060000000e+01    2.1183097928e+03
    4.9065000000e+01    1.3229393070e+03
    4.9070000000e+01    6.8929932980e+02
    4.9075000000e+01    2.4716091076e+02
    4.9080000000e+01    2.4753488041e+01
    4.9085000000e+01    4.8447818816e+01
    4.9090000000e+01    3.4250372474e+02
    4.9095000000e+01    9.2888509953e+02
    4.9100000000e+01    1.8271420075e+03
    4.9105000000e+01    3.0543571136e+03
    4.9110000000e+01    4.6251512216e+03
    4.9115000000e+01    6.5517404427e+03
    4.9120000000e+01    8.8440355640e+03
    4.9125000000e+01    1.1509772599e+04
    4.9130000000e+01    1.4554662352e+04
    4.9135000000e+01    1.7982546161e+04
    4.9140000000e+01    2.1795544818e+04
    4.9145000000e+01    2.5994188054e+04
    4.9150000000e+01    3.0577512856e+04
    4.9155000000e+01    3.5543120295e+04
    4.9160000000e+01    4.0887182403e+04
    4.9165000000e+01    4.6604392905e+04
    4.9170000000e+01    5.2687858223e+04
    4.9175000000e+01    5.9128928009e+04
    4.9180000000e+01    6.5916967483e+04
    4.9185000000e+01    7.3039076895e+04
    4.9190000000e+01    8.0479766427e+04
    4.9195000000e+01    8.8220597675e+04
    4.9200000000e+01    9.6239805399e+04
    4.9205000000e+01    1.0451191541e+05
    4.9210000000e+01    1.1300737615e+05
    4.9215000000e+01    1.2169222272e+05
    4.9220000000e+01    1.3052779260e+05
    4.9225000000e+01    1.3947051232e+05
    4.9230000000e+01    1.4847177341e+05
    4.9235000000e+01    1.5747791477e+05
    4.9240000000e+01    1.6643032612e+05
    4.9245000000e+01    1.7526568485e+05
    4.9250000000e+01    1.8391633509e+05
    4.9255000000e+01    1.9231081409e+05
    4.9260000000e+01    2.0037452697e+05
    4.9265000000e+01    2.0803056631e+05
    4.9270000000e+01    2.1520066881e+05
    4.9275000000e+01    2.2180629642e+05
    4.9280000000e+01    2.2776982508e+05
    4.9285000000e+01    2.3301582012e+05
    4.9290000000e+01    2.3747237353e+05
    4.9295000000e+01    2.4107247520e+05
    4.9300000000e+01    2.4375538759e+05
    4.9305000000e+01    2.4546799160e+05
    4.9310000000e+01    2.4616607027e+05
    4.9315000000e+01    2.4581549690e+05
    4.9320000000e+01    2.4439329507e+05
    4.9325000000e+01    2.4188853943e+05
    4.9330000000e+01    2.3830306918e+05
    4.9335000000e+01    2.3365198910e+05
    4.9340000000e+01    2.2796393781e+05
    4.9345000000e+01    2.2128110720e+05
    4.9350000000e+01    2.1365900313e+05
    4.9355000000e+01    2.0516594282e+05
    4.9360000000e+01    1.9588229106e+05
    4.9365000000e+01    1.8589944332e+05
    4.9370000000e+01    1.7531857047e+05
    4.9375000000e+01    1.6424914556e+05
    4.9380000000e+01    1.5280727913e+05
    4.9385000000e+01    1.4111389454e+05
    4.9390000000e+01    1.2929277917e+05
    4.9395000000e+01    1.1746855137e+05
    4.9400000000e+01    1.0576458535e+05
    4.9405000000e+01    9.4300938226e+04
    4.9410000000e+01    8.3192324005e+04
    4.9415000000e+01    7.2546178788e+04
    4.9420000000e+01    6.2460859979e+04
    4.9425000000e+01    5.3024019602e+04
    4.9430000000e+01    4.4311188173e+04
    4.9435000000e+01    3.6384600938e+04
    4.9440000000e+01    2.9292292880e+04
    4.9445000000e+01    2.3067482711e+04
    4.9450000000e+01    1.7728259412e+04
    4.9455000000e+01    1.3277577807e+04
    4.9460000000e+01    9.7035623983e+03
    4.9465000000e+01    6.9801114330e+03
    4.9470000000e+01    5.0677860888e+03
    4.9475000000e+01    3.9149629310e+03
    4.9480000000e+01    3.4592216268e+03
    4.9485000000e+01    3.6289344068e+03
    4.9490000000e+01    4.3450191258e+03
    4.9495000000e+01    5.5228140942e+03
    4.9500000000e+01    7.0740302243e+03
    4.9505000000e+01    8.9087345386e+03
    4.9510000000e+01    1.0937318744e+04
    4.9515000000e+01    1.3072407404e+04
    4.9520000000e+01    1.5230662204e+04
    4.9525000000e+01    1.7334441864e+04
    4.9530000000e+01    1.9313281290e+04
    4.9535000000e+01    2.1105158507e+04
    4.9540000000e+01    2.2657523618e+04
    4.9545000000e+01    2.3928070302e+04
    4.9550000000e+01    2.4885237121e+04
    4.9555000000e+01    2.5508432856e+04
    4.9560000000e+01    2.5787987155e+04
    4.9565000000e+01    2.5724834670e+04
    4.9570000000e+01    2.5329947494e+04
    4.9575000000e+01    2.4623536843e+04
    4.9580000000e+01    2.3634050409e+04
    4.9585000000e+01    2.2396996587e+04
    4.9590000000e+01    2.0953630549e+04
    4.9595000000e+01    1.9349540060e+04
    4.9600000000e+01    1.7633170679e+04
    4.9605000000e+01    1.5854330754e+04
    4.9610000000e+01    1.4062716207e+04
    4.9615000000e+01    1.2306493720e+04
    4.9620000000e+01    1.0630978450e+04
    4.9625000000e+01    9.0774390626e+03
    4.9630000000e+01    7.6820586399e+03
    4.9635000000e+01    6.4750751643e+03
    4.9640000000e+01    5.4801198031e+03
    4.9645000000e+01    4.7137653925e+03
    4.9650000000e+01    4.1852914477e+03
    4.9655000000e+01    3.8966659029e+03
    4.9660000000e+01    3.8427377783e+03
    4.9665000000e+01    4.0116292398e+03
    4.9670000000e+01    4.3853102295e+03
    4.9675000000e+01    4.9403341238e+03
    4.9680000000e+01    5.6487088628e+03
    4.9685000000e+01    6.4788747741e+03
    4.9690000000e+01    7.3967579764e+03
    4.9695000000e+01    8.3668668317e+03
    4.9700000000e+01    9.3533984615e+03
    4.9705000000e+01    1.0321322825e+04
    4.9710000000e+01    1.1237413265e+04
    4.9715000000e+01    1.2071194710e+04
    4.9720000000e+01    1.2795783745e+04
    4.9725000000e+01    1.3388598534e+04
    4.9730000000e+01    1.3831920841e+04
    4.9735000000e+01    1.4113297135e+04
    4.9740000000e+01    1.4225770778e+04
    4.9745000000e+01    1.4167942418e+04
    4.9750000000e+01    1.3943860864e+04
    4.9755000000e+01    1.3562751648e+04
    4.9760000000e+01    1.3038595149e+04
    4.9765000000e+01    1.2389570375e+04
    4.9770000000e+01    1.1637384137e+04
    4.9775000000e+01    1.0806508368e+04
    4.9780000000e+01    9.9233506314e+03
    4.9785000000e+01    9.0153843319e+03
    4.9790000000e+01    8.1102658369e+03
    4.9795000000e+01    7.2349655786e+03
    4.9800000000e+01    6.4149392497e+03
    4.9805000000e+01    5.6733635034e+03
    4.9810000000e+01    5.0304581627e+03
    4.9815000000e+01    4.5029139159e+03
    4.9820000000e+01    4.1034409386e+03
    4.9825000000e+01    3.8404499365e+03
    4.9830000000e+01    3.7178728827e+03
    4.9835000000e+01    3.7351263541e+03
    4.9840000000e+01    3.8872159817e+03
    4.9845000000e+01    4.1649762665e+03
    4.9850000000e+01    4.5554359824e+03
    4.9855000000e+01    5.0422957208e+03
    4.9860000000e+01    5.6065009341e+03
    4.9865000000e+01    6.2268911828e+03
    4.9870000000e+01    6.8809042721e+03
    4.9875000000e+01    7.5453126207e+03
    4.9880000000e+01    8.1969685656e+03
    4.9885000000e+01    8.8135353931e+03
    4.9890000000e+01    9.3741816701e+03
    4.9895000000e+01    9.8602179104e+03
    4.9900000000e+01    1.0255656686e+04
    4.9905000000e+01    1.0547679921e+04
    4.9910000000e+01    1.0727000178e+04
    4.9915000000e+01    1.0788106211e+04
    4.9920000000e+01    1.0729386728e+04
    4.9925000000e+01    1.0553130159e+04
    4.9930000000e+01    1.0265402059e+04
    4.9935000000e+01    9.8758055298e+03
    4.9940000000e+01    9.3971335848e+03
    4.9945000000e+01    8.8449255825e+03
    4.9950000000e+01    8.2369426854e+03
    4.9955000000e+01    7.5925796001e+03
    4.9960000000e+01    6.9322316197e+03
    4.9965000000e+01    6.2766371471e+03
    4.9970000000e+01    5.6462164019e+03
    4.9975000000e+01    5.0604268984e+03
    4.9980000000e+01    4.5371555405e+03
    4.9985000000e+01    4.0921658334e+03
    4.9990000000e+01    3.7386168204e+03
    4.9995000000e+01    3.4866679691e+03
    5.0000000000e+01    3.3431814384e+03
    5.0005000000e+01    3.3115300487e+03
    5.0010000000e+01    3.3915159388e+03
    5.0015000000e+01    3.5794014448e+03
    5.0020000000e+01    3.8680502698e+03
    5.0025000000e+01    4.2471736451e+03
    5.0030000000e+01    4.7036730072e+03
    5.0035000000e+01    5.2220678334e+03
    5.0040000000e+01    5.7849947668e+03
    5.0045000000e+01    6.3737621034e+03
    5.0050000000e+01    6.9689421536e+03
    5.0055000000e+01    7.5509829871e+03
    5.0060000000e+01    8.1008206307e+03
    5.0065000000e+01    8.6004729373e+03
    5.0070000000e+01    9.0335970570e+03
    5.0075000000e+01    9.3859937024e+03
    5.0080000000e+01    9.6460431547e+03
    5.0085000000e+01    9.8050601591e+03
    5.0090000000e+01    9.8575574235e+03
    5.0095000000e+01    9.8014102928e+03
    5.0100000000e+01    9.6379182277e+03
    5.0105000000e+01    9.3717618740e+03
    5.0110000000e+01    9.0108576787e+03
    5.0115000000e+01    8.5661150883e+03
    5.0120000000e+01    8.0511042615e+03
    5.0125000000e+01    7.4816448615e+03
    5.0130000000e+01    6.8753287828e+03
    5.0135000000e+01    6.2509915454e+03
    5.0140000000e+01    5.6281485057e+03
    5.0145000000e+01    5.0264129553e+03
    5.0150000000e+01    4.4649135696e+03
    5.0155000000e+01    3.9617285363e+03
    5.0160000000e+01    3.5333530422e+03
    5.0165000000e+01    3.1942156474e+03
    5.0170000000e+01    2.9562574748e+03
    5.0175000000e+01    2.8285861428e+03
    5.0180000000e+01    2.8172140253e+03
    5.0185000000e+01    2.9248878269e+03
    5.0190000000e+01    3.1510136771e+03
    5.0195000000e+01    3.4916790695e+03
    5.0200000000e+01    3.9397700887e+03
    5.0205000000e+01    4.4851795648e+03
    5.0210000000e+01    5.1150991514e+03
    5.0215000000e+01    5.8143859241e+03
    5.0220000000e+01    6.5659920076e+03
    5.0225000000e+01    7.3514440182e+03
    5.0230000000e+01    8.1513578046e+03
    5.0235000000e+01    8.9459731180e+03
    5.0240000000e+01    9.7156924619e+03
    5.0245000000e+01    1.0441608463e+04
    5.0250000000e+01    1.1106004669e+04
    5.0255000000e+01    1.1692815689e+04
    5.0260000000e+01    1.2188033987e+04
    5.0265000000e+01    1.2580052444e+04
    5.0270000000e+01    1.2859933843e+04
    5.0275000000e+01    1.3021600758e+04
    5.0280000000e+01    1.3061941789e+04
    5.0285000000e+01    1.2980832648e+04
    5.0290000000e+01    1.2781073120e+04
    5.0295000000e+01    1.2468243454e+04
    5.0300000000e+01    1.2050486034e+04
    5.0305000000e+01    1.1538220315e+04
    5.0310000000e+01    1.0943800841e+04
    5.0315000000e+01    1.0281129681e+04
    5.0320000000e+01    9.5652357506e+03
    5.0325000000e+01    8.8118342137e+03
    5.0330000000e+01    8.0368795148e+03
    5.0335000000e+01    7.2561254564e+03
    5.0340000000e+01    6.4847052546e+03
    5.0345000000e+01    5.7367436001e+03
    5.0350000000e+01    5.0250115080e+03
    5.0355000000e+01    4.3606331796e+03
    5.0360000000e+01    3.7528522874e+03
    5.0365000000e+01    3.2088630874e+03
    5.0370000000e+01    2.7337096238e+03
    5.0375000000e+01    2.3302540941e+03
    5.0380000000e+01    1.9992132551e+03
    5.0385000000e+01    1.7392596401e+03
    5.0390000000e+01    1.5471823891e+03
    5.0395000000e+01    1.4181007334e+03
    5.0400000000e+01    1.3457216624e+03
    5.0405000000e+01    1.3226320958e+03
    5.0410000000e+01    1.3406150028e+03
    5.0415000000e+01    1.3909783909e+03
    5.0420000000e+01    1.4648859298e+03
    5.0425000000e+01    1.5536781857e+03
    5.0430000000e+01    1.6491740051e+03
    5.0435000000e+01    1.7439424782e+03
    5.0440000000e+01    1.8315371017e+03
    5.0445000000e+01    1.9066852026e+03
    5.0450000000e+01    1.9654273283e+03
    5.0455000000e+01    2.0052031012e+03
    5.0460000000e+01    2.0248819123e+03
    5.0465000000e+01    2.0247387320e+03
    5.0470000000e+01    2.0063771787e+03
    5.0475000000e+01    1.9726037524e+03
    5.0480000000e+01    1.9272587498e+03
    5.0485000000e+01    1.8750107794e+03
    5.0490000000e+01    1.8211229519e+03
    5.0495000000e+01    1.7711996860e+03
    5.0500000000e+01    1.7309236286e+03
    5.0505000000e+01    1.7057924193e+03
    5.0510000000e+01    1.7008649277e+03
    5.0515000000e+01    1.7205261691e+03
    5.0520000000e+01    1.7682793715e+03
    5.0525000000e+01    1.8465726519e+03
    5.0530000000e+01    1.9566665039e+03
    5.0535000000e+01    2.0985468360e+03
    5.0540000000e+01    2.2708866875e+03
    5.0545000000e+01    2.4710580383e+03
    5.0550000000e+01    2.6951933798e+03
    5.0555000000e+01    2.9382949779e+03
    5.0560000000e+01    3.1943881029e+03
    5.0565000000e+01    3.4567129753e+03
    5.0570000000e+01    3.7179488253e+03
    5.0575000000e+01    3.9704623440e+03
    5.0580000000e+01    4.2065719410e+03
    5.0585000000e+01    4.4188186519e+03
    5.0590000000e+01    4.6002342724e+03
    5.0595000000e+01    4.7445973479e+03
    5.0600000000e+01    4.8466680148e+03
    5.0605000000e+01    4.9023933529e+03
    5.0610000000e+01    4.9090758616e+03
    5.0615000000e+01    4.8654988652e+03
    5.0620000000e+01    4.7720040611e+03
    5.0625000000e+01    4.6305179981e+03
    5.0630000000e+01    4.4445259525e+03
    5.0635000000e+01    4.2189934135e+03
    5.0640000000e+01    3.9602371351e+03
    5.0645000000e+01    3.6757493948e+03
    5.0650000000e+01    3.3739806814e+03
    5.0655000000e+01    3.0640874449e+03
    5.0660000000e+01    2.7556527506e+03
    5.0665000000e+01    2.4583886343e+03
    5.0670000000e+01    2.1818296346e+03
    5.0675000000e+01    1.9350273489e+03
    5.0680000000e+01    1.7262559203e+03
    5.0685000000e+01    1.5627380955e+03
    5.0690000000e+01    1.4504009202e+03
    5.0695000000e+01    1.3936692681e+03
    5.0700000000e+01    1.3953042549e+03
    5.0705000000e+01    1.4562922195e+03
    5.0710000000e+01    1.5757883851e+03
    5.0715000000e+01    1.7511176065e+03
    5.0720000000e+01    1.9778328143e+03
    5.0725000000e+01    2.2498299367e+03
    5.0730000000e+01    2.5595162801e+03
    5.0735000000e+01    2.8980276277e+03
    5.0740000000e+01    3.2554877347e+03
    5.0745000000e+01    3.6213025091e+03
    5.0750000000e+01    3.9844800022e+03
    5.0755000000e+01    4.3339664508e+03
    5.0760000000e+01    4.6589880204e+03
    5.0765000000e+01    4.9493876365e+03
    5.0770000000e+01    5.1959463513e+03
    5.0775000000e+01    5.3906790890e+03
    5.0780000000e+01    5.5270953278e+03
    5.0785000000e+01    5.6004162887e+03
    5.0790000000e+01    5.6077414866e+03
    5.0795000000e+01    5.5481590110e+03
    5.0800000000e+01    5.4227956048e+03
    5.0805000000e+01    5.2348044425e+03
    5.0810000000e+01    4.9892904174e+03
    5.0815000000e+01    4.6931746778e+03
    5.0820000000e+01    4.3550020410e+03
    5.0825000000e+01    3.9846966984e+03
    5.0830000000e+01    3.5932732633e+03
    5.0835000000e+01    3.1925116355e+03
    5.0840000000e+01    2.7946053364e+03
    5.0845000000e+01    2.4117938505e+03
    5.0850000000e+01    2.0559900845e+03
    5.0855000000e+01    1.7384142819e+03
    5.0860000000e+01    1.4692456236e+03
    5.0865000000e+01    1.2573022838e+03
    5.0870000000e+01    1.1097599271e+03
    5.0875000000e+01    1.0319175297e+03
    5.0880000000e+01    1.0270180383e+03
    5.0885000000e+01    1.0961297643e+03
    5.0890000000e+01    1.2380926107e+03
    5.0895000000e+01    1.4495312958e+03
    5.0900000000e+01    1.7249357197e+03
    5.0905000000e+01    2.0568065924e+03
    5.0910000000e+01    2.4358624571e+03
    5.0915000000e+01    2.8513023600e+03
    5.0920000000e+01    3.2911167026e+03
    5.0925000000e+01    3.7424373064e+03
    5.0930000000e+01    4.1919164832e+03
    5.0935000000e+01    4.6261239554e+03
    5.0940000000e+01    5.0319498658e+03
    5.0945000000e+01    5.3970018481e+03
    5.0950000000e+01    5.7099842275e+03
    5.0955000000e+01    5.9610478755e+03
    5.0960000000e+01    6.1421000384e+03
    5.0965000000e+01    6.2470645850e+03
    5.0970000000e+01    6.2720845307e+03
    5.0975000000e+01    6.2156603569e+03
    5.0980000000e+01    6.0787195114e+03
    5.0985000000e+01    5.8646144862e+03
    5.0990000000e+01    5.5790489673e+03
    5.0995000000e+01    5.2299336767e+03
    5.1000000000e+01    4.8271756141e+03
    5.1005000000e+01    4.3824063947e+03
    5.1010000000e+01    3.9086572068e+03
    5.1015000000e+01    3.4199895344e+03
    5.1020000000e+01    2.9310921429e+03
    5.1025000000e+01    2.4568558785e+03
    5.1030000000e+01    2.0119385563e+03
    5.1035000000e+01    1.6103325715e+03
    5.1040000000e+01    1.2649478651e+03
    5.1045000000e+01    9.8722250411e+02
    5.1050000000e+01    7.8677240226e+02
    5.1055000000e+01    6.7109063934e+02
    5.1060000000e+01    6.4530545814e+02
    5.1065000000e+01    7.1200437278e+02
    5.1070000000e+01    8.7112995494e+02
    5.1075000000e+01    1.1199508305e+03
    5.1080000000e+01    1.4531092769e+03
    5.1085000000e+01    1.8627446228e+03
    5.1090000000e+01    2.3386894794e+03
    5.1095000000e+01    2.8687337428e+03
    5.1100000000e+01    3.4389493513e+03
    5.1105000000e+01    4.0340670319e+03
    5.1110000000e+01    4.6378947564e+03
    5.1115000000e+01    5.2337664160e+03
    5.1120000000e+01    5.8050083270e+03
    5.1125000000e+01    6.3354106433e+03
    5.1130000000e+01    6.8096905756e+03
    5.1135000000e+01    7.2139345135e+03
    5.1140000000e+01    7.5360067107e+03
    5.1145000000e+01    7.7659131014e+03
    5.1150000000e+01    7.8961100505e+03
    5.1155000000e+01    7.9217493556e+03
    5.1160000000e+01    7.8408525824e+03
    5.1165000000e+01    7.6544097641e+03
    5.1170000000e+01    7.3663995844e+03
    5.1175000000e+01    6.9837303263e+03
    5.1180000000e+01    6.5161030455e+03
    5.1185000000e+01    5.9758005572e+03
    5.1190000000e+01    5.3774078465e+03
    5.1195000000e+01    4.7374713689e+03
    5.1200000000e+01    4.0741063497e+03
    5.1205000000e+01    3.4065625692e+03
    5.1210000000e+01    2.7547602002e+03
    5.1215000000e+01    2.1388080205e+03
    5.1220000000e+01    1.5785167244e+03
    5.1225000000e+01    1.0929201112e+03
    5.1230000000e+01    6.9981662372e+02
    5.1235000000e+01    4.1534306127e+02
    5.1240000000e+01    2.5359132353e+02
    5.1245000000e+01    2.2627778029e+02
    5.1250000000e+01    3.4247334691e+02
    5.1255000000e+01    6.0840062238e+02
    5.1260000000e+01    1.0273025662e+03
    5.1265000000e+01    1.5993852066e+03
    5.1270000000e+01    2.3218348439e+03
    5.1275000000e+01    3.1889081957e+03
    5.1280000000e+01    4.1920919848e+03
    5.1285000000e+01    5.3203266455e+03
    5.1290000000e+01    6.5602871787e+03
    5.1295000000e+01    7.8967127515e+03
    5.1300000000e+01    9.3127754678e+03
    5.1305000000e+01    1.0790477849e+04
    5.1310000000e+01    1.2311067984e+04
    5.1315000000e+01    1.3855461047e+04
    5.1320000000e+01    1.5404655958e+04
    5.1325000000e+01    1.6940136326e+04
    5.1330000000e+01    1.8444245499e+04
    5.1335000000e+01    1.9900526525e+04
    5.1340000000e+01    2.1294018981e+04
    5.1345000000e+01    2.2611506097e+04
    5.1350000000e+01    2.3841707100e+04
    5.1355000000e+01    2.4975411447e+04
    5.1360000000e+01    2.6005553312e+04
    5.1365000000e+01    2.6927226464e+04
    5.1370000000e+01    2.7737641372e+04
    5.1375000000e+01    2.8436028014e+04
    5.1380000000e+01    2.9023489310e+04
    5.1385000000e+01    2.9502811433e+04
    5.1390000000e+01    2.9878238330e+04
    5.1395000000e+01    3.0155218623e+04
    5.1400000000e+01    3.0340133647e+04
    5.1405000000e+01    3.0440015700e+04
    5.1410000000e+01    3.0462265580e+04
    5.1415000000e+01    3.0414378256e+04
    5.1420000000e+01    3.0303685007e+04
    5.1425000000e+01    3.0137119581e+04
    5.1430000000e+01    2.9921014996e+04
    5.1435000000e+01    2.9660936411e+04
    5.1440000000e+01    2.9361554232e+04
    5.1445000000e+01    2.9026560187e+04
    5.1450000000e+01    2.8658627687e+04
    5.1455000000e+01    2.8259416280e+04
    5.1460000000e+01    2.7829618610e+04
    5.1465000000e+01    2.7369046934e+04
    5.1470000000e+01    2.6876754983e+04
    5.1475000000e+01    2.6351189918e+04
    5.1480000000e+01    2.5790368222e+04
    5.1485000000e+01    2.5192068663e+04
    5.1490000000e+01    2.4554035057e+04
    5.1495000000e+01    2.3874181314e+04
    5.1500000000e+01    2.3150791288e+04
    5.1505000000e+01    2.2382706235e+04
    5.1510000000e+01    2.1569493170e+04
    5.1515000000e+01    2.0711588119e+04
    5.1520000000e+01    1.9810409170e+04
    5.1525000000e+01    1.8868435242e+04
    5.1530000000e+01    1.7889247686e+04
    5.1535000000e+01    1.6877533057e+04
    5.1540000000e+01    1.5839046675e+04
    5.1545000000e+01    1.4780537912e+04
    5.1550000000e+01    1.3709639334e+04
    5.1555000000e+01    1.2634723046e+04
    5.1560000000e+01    1.1564728599e+04
    5.1565000000e+01    1.0508967747e+04
    5.1570000000e+01    9.4769120564e+03
    5.1575000000e+01    8.4779699152e+03
    5.1580000000e+01    7.5212598075e+03
    5.1585000000e+01    6.6153868344e+03
    5.1590000000e+01    5.7682293417e+03
    5.1595000000e+01    4.9867421936e+03
    5.1600000000e+01    4.2767826993e+03
    5.1605000000e+01    3.6429644898e+03
    5.1610000000e+01    3.0885437681e+03
    5.1615000000e+01    2.6153413512e+03
    5.1620000000e+01    2.2237028208e+03
    5.1625000000e+01    1.9124979305e+03
    5.1630000000e+01    1.6791592231e+03
    5.1635000000e+01    1.5197586292e+03
    5.1640000000e+01    1.4291196761e+03
    5.1645000000e+01    1.4009618852e+03
    5.1650000000e+01    1.4280729884e+03
    5.1655000000e+01    1.5025037979e+03
    5.1660000000e+01    1.6157799236e+03
    5.1665000000e+01    1.7591240841e+03
    5.1670000000e+01    1.9236824974e+03
    5.1675000000e+01    2.1007487853e+03
    5.1680000000e+01    2.2819789696e+03
    5.1685000000e+01    2.4595914812e+03
    5.1690000000e+01    2.6265466269e+03
    5.1695000000e+01    2.7767006474e+03
    5.1700000000e+01    2.9049303274e+03
    5.1705000000e+01    3.0072250670e+03
    5.1710000000e+01    3.0807443460e+03
    5.1715000000e+01    3.1238395960e+03
    5.1720000000e+01    3.1360405866e+03
    5.1725000000e+01    3.1180075139e+03
    5.1730000000e+01    3.0714510029e+03
    5.1735000000e+01    2.9990231852e+03
    5.1740000000e+01    2.9041838440e+03
    5.1745000000e+01    2.7910463208e+03
    5.1750000000e+01    2.6642084199e+03
    5.1755000000e+01    2.5285739208e+03
    5.1760000000e+01    2.3891704993e+03
    5.1765000000e+01    2.2509698673e+03
    5.1770000000e+01    2.1187157644e+03
    5.1775000000e+01    1.9967650870e+03
    5.1780000000e+01    1.8889469249e+03
    5.1785000000e+01    1.7984436244e+03
    5.1790000000e+01    1.7276972161e+03
    5.1795000000e+01    1.6783436757e+03
    5.1800000000e+01    1.6511765466e+03
    5.1805000000e+01    1.6461404777e+03
    5.1810000000e+01    1.6623542528e+03
    5.1815000000e+01    1.6981619334e+03
    5.1820000000e+01    1.7512098443e+03
    5.1825000000e+01    1.8185463190e+03
    5.1830000000e+01    1.8967404233e+03
    5.1835000000e+01    1.9820153079e+03
    5.1840000000e+01    2.0703914198e+03
    5.1845000000e+01    2.1578345431e+03
    5.1850000000e+01    2.2404035476e+03
    5.1855000000e+01    2.3143928012e+03
    5.1860000000e+01    2.3764644412e+03
    5.1865000000e+01    2.4237660968e+03
    5.1870000000e+01    2.4540301917e+03
    5.1875000000e+01    2.4656516151e+03
    5.1880000000e+01    2.4577413091e+03
    5.1885000000e+01    2.4301541520e+03
    5.1890000000e+01    2.3834903983e+03
    5.1895000000e+01    2.3190708325e+03
    5.1900000000e+01    2.2388866797e+03
    5.1905000000e+01    2.1455261580e+03
    5.1910000000e+01    2.0420803359e+03
    5.1915000000e+01    1.9320316385e+03
    5.1920000000e+01    1.8191289140e+03
    5.1925000000e+01    1.7072534074e+03
    5.1930000000e+01    1.6002802727e+03
    5.1935000000e+01    1.5019403906e+03
    5.1940000000e+01    1.4156872285e+03
    5.1945000000e+01    1.3445732967e+03
    5.1950000000e+01    1.2911404191e+03
    5.1955000000e+01    1.2573275604e+03
    5.1960000000e+01    1.2443993570e+03
    5.1965000000e+01    1.2528977930e+03
    5.1970000000e+01    1.2826186869e+03
    5.1975000000e+01    1.3326138136e+03
    5.1980000000e+01    1.4012186302e+03
    5.1985000000e+01    1.4861047094e+03
    5.1990000000e+01    1.5843551591e+03
    5.1995000000e+01    1.6925605294e+03
    5.2000000000e+01    1.8069320247e+03
    5.2005000000e+01    1.9234282480e+03
    5.2010000000e+01    2.0378912499e+03
    5.2015000000e+01    2.1461873315e+03
    5.2020000000e+01    2.2443478819e+03
    5.2025000000e+01    2.3287055156e+03
    5.2030000000e+01    2.3960209194e+03
    5.2035000000e+01    2.4435961092e+03
    5.2040000000e+01    2.4693702384e+03
    5.2045000000e+01    2.4719946604e+03
    5.2050000000e+01    2.4508846258e+03
    5.2055000000e+01    2.4062457587e+03
    5.2060000000e+01    2.3390742818e+03
    5.2065000000e+01    2.2511308271e+03
    5.2070000000e+01    2.1448885387e+03
    5.2075000000e+01    2.0234570305e+03
    5.2080000000e+01    1.8904845632e+03
    5.2085000000e+01    1.7500415395e+03
    5.2090000000e+01    1.6064890464e+03
    5.2095000000e+01    1.4643366903e+03
    5.2100000000e+01    1.3280943446e+03
    5.2105000000e+01    1.2021226608e+03
    5.2110000000e+01    1.0904872633e+03
    5.2115000000e+01    9.9682145813e+02
    5.2120000000e+01    9.2420204151e+02
    5.2125000000e+01    8.7504239089e+02
    5.2130000000e+01    8.5100648856e+02
    5.2135000000e+01    8.5294686564e+02
    5.2140000000e+01    8.8086869478e+02
    5.2145000000e+01    9.3392142159e+02
    5.2150000000e+01    1.0104184358e+03
    5.2155000000e+01    1.1078843724e+03
    5.2160000000e+01    1.2231287280e+03
    5.2165000000e+01    1.3523436108e+03
    5.2170000000e+01    1.4912226370e+03
    5.2175000000e+01    1.6350972763e+03
    5.2180000000e+01    1.7790863474e+03
    5.2185000000e+01    1.9182539020e+03
    5.2190000000e+01    2.0477704213e+03
    5.2195000000e+01    2.1630720971e+03
    5.2200000000e+01    2.2600129822e+03
    5.2205000000e+01    2.3350049814e+03
    5.2210000000e+01    2.3851409996e+03
    5.2215000000e+01    2.4082970647e+03
    5.2220000000e+01    2.4032098848e+03
    5.2225000000e+01    2.3695270584e+03
    5.2230000000e+01    2.3078280147e+03
    5.2235000000e+01    2.2196146868e+03
    5.2240000000e+01    2.1072718912e+03
    5.2245000000e+01    1.9739983641e+03
    5.2250000000e+01    1.8237103663e+03
    5.2255000000e+01    1.6609206736e+03
    5.2260000000e+01    1.4905965988e+03
    5.2265000000e+01    1.3180014118e+03
    5.2270000000e+01    1.1485241098e+03
    5.2275000000e+01    9.8750292987e+02
    5.2280000000e+01    8.4004826577e+02
    5.2285000000e+01    7.1087074113e+02
    5.2290000000e+01    6.0412010681e+02
    5.2295000000e+01    5.2324035661e+02
    5.2300000000e+01    4.7084601285e+02
    5.2305000000e+01    4.4862392525e+02
    5.2310000000e+01    4.5726417440e+02
    5.2315000000e+01    4.9642279473e+02
    5.2320000000e+01    5.6471805840e+02
    5.2325000000e+01    6.5976102015e+02
    5.2330000000e+01    7.7821994444e+02
    5.2335000000e+01    9.1591715551e+02
    5.2340000000e+01    1.0679557993e+03
    5.2345000000e+01    1.2288730191e+03
    5.2350000000e+01    1.3928151538e+03
    5.2355000000e+01    1.5537297979e+03
    5.2360000000e+01    1.7055689445e+03
    5.2365000000e+01    1.8424969790e+03
    5.2370000000e+01    1.9590970309e+03
    5.2375000000e+01    2.0505691217e+03
    5.2380000000e+01    2.1129136819e+03
    5.2385000000e+01    2.1430943423e+03
    5.2390000000e+01    2.1391744340e+03
    5.2395000000e+01    2.1004223314e+03
    5.2400000000e+01    2.0273816416e+03
    5.2405000000e+01    1.9219032376e+03
    5.2410000000e+01    1.7871372454e+03
    5.2415000000e+01    1.6274842688e+03
    5.2420000000e+01    1.4485063639e+03
    5.2425000000e+01    1.2567994944e+03
    5.2430000000e+01    1.0598303951e+03
    5.2435000000e+01    8.6574189076e+02
    5.2440000000e+01    6.8313173997e+02
    5.2445000000e+01    5.2081095334e+02
    5.2450000000e+01    3.8754826049e+02
    5.2455000000e+01    2.9180793055e+02
    5.2460000000e+01    2.4148848105e+02
    5.2465000000e+01    2.4366992102e+02
    5.2470000000e+01    3.0437706234e+02
    5.2475000000e+01    4.2836609895e+02
    5.2480000000e+01    6.1894110373e+02
    5.2485000000e+01    8.7780634174e+02
    5.2490000000e+01    1.2049593647e+03
    5.2495000000e+01    1.5986287616e+03
    5.2500000000e+01    2.0552592245e+03
    5.2505000000e+01    2.5695452774e+03
    5.2510000000e+01    3.1345136538e+03
    5.2515000000e+01    3.7416529255e+03
    5.2520000000e+01    4.3810876299e+03
    5.2525000000e+01    5.0417928447e+03
    5.2530000000e+01    5.7118439713e+03
    5.2535000000e+01    6.3786954240e+03
    5.2540000000e+01    7.0294810384e+03
    5.2545000000e+01    7.6513283157e+03
    5.2550000000e+01    8.2316781409e+03
    5.2555000000e+01    8.7586013706e+03
    5.2560000000e+01    9.2211036780e+03
    5.2565000000e+01    9.6094102827e+03
    5.2570000000e+01    9.9152226692e+03
    5.2575000000e+01    1.0131940097e+04
    5.2580000000e+01    1.0254839622e+04
    5.2585000000e+01    1.0281209429e+04
    5.2590000000e+01    1.0210431531e+04
    5.2595000000e+01    1.0044011257e+04
    5.2600000000e+01    9.7855523751e+03
    5.2605000000e+01    9.4406782060e+03
    5.2610000000e+01    9.0169005464e+03
    5.2615000000e+01    8.5234396687e+03
    5.2620000000e+01    7.9710000122e+03
    5.2625000000e+01    7.3715074115e+03
    5.2630000000e+01    6.7378147797e+03
    5.2635000000e+01    6.0833840444e+03
    5.2640000000e+01    5.4219528005e+03
    5.2645000000e+01    4.7671945777e+03
    5.2650000000e+01    4.1323818042e+03
    5.2655000000e+01    3.5300604801e+03
    5.2660000000e+01    2.9717452567e+03
    5.2665000000e+01    2.4676430555e+03
    5.2670000000e+01    2.0264125703e+03
    5.2675000000e+01    1.6549660055e+03
    5.2680000000e+01    1.3583182299e+03
    5.2685000000e+01    1.1394872122e+03
    5.2690000000e+01    9.9944818218e+02
    5.2695000000e+01    9.3714247434e+02
    5.2700000000e+01    9.4954049596e+02
    5.2705000000e+01    1.0317567697e+03
    5.2710000000e+01    1.1772135649e+03
    5.2715000000e+01    1.3778483008e+03
    5.2720000000e+01    1.6243587085e+03
    5.2725000000e+01    1.9064787201e+03
    5.2730000000e+01    2.2132772306e+03
    5.2735000000e+01    2.5334712815e+03
    5.2740000000e+01    2.8557448600e+03
    5.2745000000e+01    3.1690644021e+03
    5.2750000000e+01    3.4629822295e+03
    5.2755000000e+01    3.7279195500e+03
    5.2760000000e+01    3.9554212744e+03
    5.2765000000e+01    4.1383757521e+03
    5.2770000000e+01    4.2711935634e+03
    5.2775000000e+01    4.3499407067e+03
    5.2780000000e+01    4.3724228452e+03
    5.2785000000e+01    4.3382186910e+03
    5.2790000000e+01    4.2486620694e+03
    5.2795000000e+01    4.1067736693e+03
    5.2800000000e+01    3.9171449221e+03
    5.2805000000e+01    3.6857778002e+03
    5.2810000000e+01    3.4198855654e+03
    5.2815000000e+01    3.1276605835e+03
    5.2820000000e+01    2.8180162246e+03
    5.2825000000e+01    2.5003105640e+03
    5.2830000000e+01    2.1840600727e+03
    5.2835000000e+01    1.8786517126e+03
    5.2840000000e+01    1.5930618428e+03
    5.2845000000e+01    1.3355900834e+03
    5.2850000000e+01    1.1136157943e+03
    5.2855000000e+01    9.3338411666e+02
    5.2860000000e+01    7.9982761235e+02
    5.2865000000e+01    7.1642846497e+02
    5.2870000000e+01    6.8512498280e+02
    5.2875000000e+01    7.0626482871e+02
    5.2880000000e+01    7.7860601762e+02
    5.2885000000e+01    8.9936531682e+02
    5.2890000000e+01    1.0643122966e+03
    5.2895000000e+01    1.2679059496e+03
    5.2900000000e+01    1.5034695639e+03
    5.2905000000e+01    1.7633984372e+03
    5.2910000000e+01    2.0393940800e+03
    5.2915000000e+01    2.3227178147e+03
    5.2920000000e+01    2.6044561395e+03
    5.2925000000e+01    2.8757899222e+03
    5.2930000000e+01    3.1282594133e+03
    5.2935000000e+01    3.3540172323e+03
    5.2940000000e+01    3.5460618717e+03
    5.2945000000e+01    3.6984448743e+03
    5.2950000000e+01    3.8064456460e+03
    5.2955000000e+01    3.8667088508e+03
    5.2960000000e+01    3.8773404600e+03
    5.2965000000e+01    3.8379597661e+03
    5.2970000000e+01    3.7497059862e+03
    5.2975000000e+01    3.6151994240e+03
    5.2980000000e+01    3.4384585077e+03
    5.2985000000e+01    3.2247753175e+03
    5.2990000000e+01    2.9805534373e+03
    5.2995000000e+01    2.7131130655e+03
    5.3000000000e+01    2.4304692727e+03
    5.3005000000e+01    2.1410900683e+03
    5.3010000000e+01    1.8536415184e+03
    5.3015000000e+01    1.5767275139e+03
    5.3020000000e+01    1.3186319300e+03
    5.3025000000e+01    1.0870708221e+03
    5.3030000000e+01    8.8896199062e+02
    5.3035000000e+01    7.3021871140e+02
    5.3040000000e+01    6.1557370178e+02
    5.3045000000e+01    5.4843848304e+02
    5.3050000000e+01    5.3080224410e+02
    5.3055000000e+01    5.6317313609e+02
    5.3060000000e+01    6.4456366963e+02
    5.3065000000e+01    7.7252058159e+02
    5.3070000000e+01    9.4319822661e+02
    5.3075000000e+01    1.1514732664e+03
    5.3080000000e+01    1.3910972169e+03
    5.3085000000e+01    1.6548823041e+03
    5.3090000000e+01    1.9349151044e+03
    5.3095000000e+01    2.2227916372e+03
    5.3100000000e+01    2.5098669542e+03
    5.3105000000e+01    2.7875118527e+03
    5.3110000000e+01    3.0473691423e+03
    5.3115000000e+01    3.2816019131e+03
    5.3120000000e+01    3.4831265009e+03
    5.3125000000e+01    3.6458232987e+03
    5.3130000000e+01    3.7647192237e+03
    5.3135000000e+01    3.8361364820e+03
    5.3140000000e+01    3.8578032698e+03
    5.3145000000e+01    3.8289231648e+03
    5.3150000000e+01    3.7502011733e+03
    5.3155000000e+01    3.6238256693e+03
    5.3160000000e+01    3.4534067480e+03
    5.3165000000e+01    3.2438727916e+03
    5.3170000000e+01    3.0013282599e+03
    5.3175000000e+01    2.7328768504e+03
    5.3180000000e+01    2.4464151748e+03
    5.3185000000e+01    2.1504029594e+03
    5.3190000000e+01    1.8536164513e+03
    5.3195000000e+01    1.5648922005e+03
    5.3200000000e+01    1.2928686643e+03
    5.3205000000e+01    1.0457331376e+03
    5.3210000000e+01    8.3098135896e+02
    5.3215000000e+01    6.5519676954e+02
    5.3220000000e+01    5.2385583340e+02
    5.3225000000e+01    4.4116507057e+02
    5.3230000000e+01    4.0993453863e+02
    5.3235000000e+01    4.3149144537e+02
    5.3240000000e+01    5.0563641882e+02
    5.3245000000e+01    6.3064373322e+02
    5.3250000000e+01    8.0330552653e+02
    5.3255000000e+01    1.0190187836e+03
    5.3260000000e+01    1.2719126340e+03
    5.3265000000e+01    1.5550123633e+03
    5.3270000000e+01    1.8604354867e+03
    5.3275000000e+01    2.1796143264e+03
    5.3280000000e+01    2.5035387792e+03
    5.3285000000e+01    2.8230123949e+03
    5.3290000000e+01    3.1289145111e+03
    5.3295000000e+01    3.4124610279e+03
    5.3300000000e+01    3.6654564515e+03
    5.3305000000e+01    3.8805300924e+03
    5.3310000000e+01    4.0513497586e+03
    5.3315000000e+01    4.1728069329e+03
    5.3320000000e+01    4.2411682312e+03
    5.3325000000e+01    4.2541888979e+03
    5.3330000000e+01    4.2111851692e+03
    5.3335000000e+01    4.1130634894e+03
    5.3340000000e+01    3.9623057820e+03
    5.3345000000e+01    3.7629112026e+03
    5.3350000000e+01    3.5202960124e+03
    5.3355000000e+01    3.2411543736e+03
    5.3360000000e+01    2.9332839407e+03
    5.3365000000e+01    2.6053810879e+03
    5.3370000000e+01    2.2668114305e+03
    5.3375000000e+01    1.9273619624e+03
    5.3380000000e+01    1.5969816054e+03
    5.3385000000e+01    1.2855172583e+03
    5.3390000000e+01    1.0024525158e+03
    5.3395000000e+01    7.5665611870e+02
    5.3400000000e+01    5.5614688581e+02
    5.3405000000e+01    4.0788138534e+02
    5.3410000000e+01    3.1756993990e+02
    5.3415000000e+01    2.8952574528e+02
    5.3420000000e+01    3.2655094429e+02
    5.3425000000e+01    4.2986245939e+02
    5.3430000000e+01    5.9905928229e+02
    5.3435000000e+01    8.3213177654e+02
    5.3440000000e+01    1.1255124033e+03
    5.3445000000e+01    1.4741661626e+03
    5.3450000000e+01    1.8717179832e+03
    5.3455000000e+01    2.3106133247e+03
    5.3460000000e+01    2.7823074001e+03
    5.3465000000e+01    3.2774777062e+03
    5.3470000000e+01    3.7862539900e+03
    5.3475000000e+01    4.2984593839e+03
    5.3480000000e+01    4.8038562282e+03
    5.3485000000e+01    5.2923900683e+03
    5.3490000000e+01    5.7544254613e+03
    5.3495000000e+01    6.1809675494e+03
    5.3500000000e+01    6.5638638428e+03
    5.3505000000e+01    6.8959812848e+03
    5.3510000000e+01    7.1713544307e+03
    5.3515000000e+01    7.3853014304e+03
    5.3520000000e+01    7.5345054451e+03
    5.3525000000e+01    7.6170601105e+03
    5.3530000000e+01    7.6324786705e+03
    5.3535000000e+01    7.5816674004e+03
    5.3540000000e+01    7.4668649002e+03
    5.3545000000e+01    7.2915497389e+03
    5.3550000000e+01    7.0603197359e+03
    5.3555000000e+01    6.7787468694e+03
    5.3560000000e+01    6.4532123720e+03
    5.3565000000e+01    6.0907270040e+03
    5.3570000000e+01    5.6987417749e+03
    5.3575000000e+01    5.2849545062e+03
    5.3580000000e+01    4.8571175937e+03
    5.3585000000e+01    4.4228521423e+03
    5.3590000000e+01    3.9894733149e+03
    5.3595000000e+01    3.5638312755e+03
    5.3600000000e+01    3.1521715288e+03
    5.3605000000e+01    2.7600177891e+03
    5.3610000000e+01    2.3920797606e+03
    5.3615000000e+01    2.0521874213e+03
    5.3620000000e+01    1.7432525746e+03
    5.3625000000e+01    1.4672576186e+03
    5.3630000000e+01    1.2252706783e+03
    5.3635000000e+01    1.0174855037e+03
    5.3640000000e+01    8.4328384955e+02
    5.3645000000e+01    7.0131746569e+02
    5.3650000000e+01    5.8960633352e+02
    5.3655000000e+01    5.0564941561e+02
    5.3660000000e+01    4.4654393600e+02
    5.3665000000e+01    4.0910909230e+02
    5.3670000000e+01    3.9001011326e+02
    5.3675000000e+01    3.8587871539e+02
    5.3680000000e+01    3.9342627178e+02
    5.3685000000e+01    4.0954637434e+02
    5.3690000000e+01    4.3140393412e+02
    5.3695000000e+01    4.5650850520e+02
    5.3700000000e+01    4.8277011870e+02
    5.3705000000e+01    5.0853655226e+02
    5.3710000000e+01    5.3261161800e+02
    5.3715000000e+01    5.5425470508e+02
    5.3720000000e+01    5.7316244181e+02
    5.3725000000e+01    5.8943392689e+02
    5.3730000000e+01    6.0352150083e+02
    5.3735000000e+01    6.1616947295e+02
    5.3740000000e+01    6.2834357133e+02
    5.3745000000e+01    6.4115413499e+02
    5.3750000000e+01    6.5577621104e+02
    5.3755000000e+01    6.7336975333e+02
    5.3760000000e+01    6.9500304235e+02
    5.3765000000e+01    7.2158226435e+02
    5.3770000000e+01    7.5378990750e+02
    5.3775000000e+01    7.9203426587e+02
    5.3780000000e+01    8.3641190044e+02
    5.3785000000e+01    8.8668440767e+02
    5.3790000000e+01    9.4227030518e+02
    5.3795000000e+01    1.0022522823e+03
    5.3800000000e+01    1.0653994974e+03
    5.3805000000e+01    1.1302040542e+03
    5.3810000000e+01    1.1949302739e+03
    5.3815000000e+01    1.2576749156e+03
    5.3820000000e+01    1.3164361013e+03
    5.3825000000e+01    1.3691883809e+03
    5.3830000000e+01    1.4139611488e+03
    5.3835000000e+01    1.4489174902e+03
    5.3840000000e+01    1.4724305058e+03
    5.3845000000e+01    1.4831542384e+03
    5.3850000000e+01    1.4800864947e+03
    5.3855000000e+01    1.4626211220e+03
    5.3860000000e+01    1.4305876496e+03
    5.3865000000e+01    1.3842766278e+03
    5.3870000000e+01    1.3244494783e+03
    5.3875000000e+01    1.2523321942e+03
    5.3880000000e+01    1.1695927799e+03
    5.3885000000e+01    1.0783028751e+03
    5.3890000000e+01    9.8088455488e+02
    5.3895000000e+01    8.8004381538e+02
    5.3900000000e+01    7.7869272268e+02
    5.3905000000e+01    6.7986261224e+02
    5.3910000000e+01    5.8661105805e+02
    5.3915000000e+01    5.0192557611e+02
    5.3920000000e+01    4.2862717630e+02
    5.3925000000e+01    3.6927692580e+02
    5.3930000000e+01    3.2608863272e+02
    5.3935000000e+01    3.0085060211e+02
    5.3940000000e+01    2.9485916278e+02
    5.3945000000e+01    3.0886631893e+02
    5.3950000000e+01    3.4304345748e+02
    5.3955000000e+01    3.9696255122e+02
    5.3960000000e+01    4.6959575714e+02
    5.3965000000e+01    5.5933373305e+02
    5.3970000000e+01    6.6402240392e+02
    5.3975000000e+01    7.8101731981e+02
    5.3980000000e+01    9.0725417927e+02
    5.3985000000e+01    1.0393335633e+03
    5.3990000000e+01    1.1736174522e+03
    5.3995000000e+01    1.3063346991e+03
    5.4000000000e+01    1.4336923146e+03
    5.4005000000e+01    1.5519892024e+03
    5.4010000000e+01    1.6577288633e+03
    5.4015000000e+01    1.7477275816e+03
    5.4020000000e+01    1.8192147014e+03
    5.4025000000e+01    1.8699218117e+03
    5.4030000000e+01    1.8981579643e+03
    5.4035000000e+01    1.9028684443e+03
    5.4040000000e+01    1.8836750990e+03
    5.4045000000e+01    1.8408967697e+03
    5.4050000000e+01    1.7755489709e+03
    5.4055000000e+01    1.6893225860e+03
    5.4060000000e+01    1.5845419886e+03
    5.4065000000e+01    1.4641036323e+03
    5.4070000000e+01    1.3313967552e+03
    5.4075000000e+01    1.1902084100e+03
    5.4080000000e+01    1.0446155236e+03
    5.4085000000e+01    8.9886711415e+02
    5.4090000000e+01    7.5726011769e+02
    5.4095000000e+01    6.2401250191e+02
    5.4100000000e+01    5.0313746048e+02
    5.4105000000e+01    3.9832248009e+02
    5.4110000000e+01    3.1281695829e+02
    5.4115000000e+01    2.4933182263e+02
    5.4120000000e+01    2.0995426822e+02
    5.4125000000e+01    1.9608030033e+02
    5.4130000000e+01    2.0836725401e+02
    5.4135000000e+01    2.4670787893e+02
    5.4140000000e+01    3.1022694139e+02
    5.4145000000e+01    3.9730062664e+02
    5.4150000000e+01    5.0559834239e+02
    5.4155000000e+01    6.3214584975e+02
    5.4160000000e+01    7.7340800104e+02
    5.4165000000e+01    9.2538876468e+02
    5.4170000000e+01    1.0837456838e+03
    5.4175000000e+01    1.2439154643e+03
    5.4180000000e+01    1.4012470334e+03
    5.4185000000e+01    1.5511381616e+03
    5.4190000000e+01    1.6891716108e+03
    5.4195000000e+01    1.8112467579e+03
    5.4200000000e+01    1.9137027539e+03
    5.4205000000e+01    1.9934295065e+03
    5.4210000000e+01    2.0479631127e+03
    5.4215000000e+01    2.0755628128e+03
    5.4220000000e+01    2.0752670680e+03
    5.4225000000e+01    2.0469269717e+03
    5.4230000000e+01    1.9912158677e+03
    5.4235000000e+01    1.9096147489e+03
    5.4240000000e+01    1.8043737276e+03
    5.4245000000e+01    1.6784505796e+03
    5.4250000000e+01    1.5354280497e+03
    5.4255000000e+01    1.3794122463e+03
    5.4260000000e+01    1.2149150225e+03
    5.4265000000e+01    1.0467237346e+03
    5.4270000000e+01    8.7976215517e+02
    5.4275000000e+01    7.1894660166e+02
    5.4280000000e+01    5.6904150146e+02
    5.4285000000e+01    4.3451865132e+02
    5.4290000000e+01    3.1942434013e+02
    5.4295000000e+01    2.2725829085e+02
    5.4300000000e+01    1.6086804625e+02
    5.4305000000e+01    1.2236198343e+02
    5.4310000000e+01    1.1304360623e+02
    5.4315000000e+01    1.3336914836e+02
    5.4320000000e+01    1.8292984128e+02
    5.4325000000e+01    2.6045947932e+02
    5.4330000000e+01    3.6386717180e+02
    5.4335000000e+01    4.9029442946e+02
    5.4340000000e+01    6.3619501268e+02
    5.4345000000e+01    7.9743529298e+02
    5.4350000000e+01    9.6941226729e+02
    5.4355000000e+01    1.1471858347e+03
    5.4360000000e+01    1.3256215137e+03
    5.4365000000e+01    1.4995394586e+03
    5.4370000000e+01    1.6638654330e+03
    5.4375000000e+01    1.8137793273e+03
    5.4380000000e+01    1.9448568655e+03
    5.4385000000e+01    2.0532003319e+03
    5.4390000000e+01    2.1355544574e+03
    5.4395000000e+01    2.1894040312e+03
    5.4400000000e+01    2.2130503278e+03
    5.4405000000e+01    2.2056640531e+03
    5.4410000000e+01    2.1673131979e+03
    5.4415000000e+01    2.0989649138e+03
    5.4420000000e+01    2.0024612929e+03
    5.4425000000e+01    1.8804696907e+03
    5.4430000000e+01    1.7364089835e+03
    5.4435000000e+01    1.5743538600e+03
    5.4440000000e+01    1.3989198928e+03
    5.4445000000e+01    1.2151327072e+03
    5.4450000000e+01    1.0282850375e+03
    5.4455000000e+01    8.4378582052e+02
    5.4460000000e+01    6.6700572222e+02
    5.4465000000e+01    5.0312360122e+02
    5.4470000000e+01    3.5697839651e+02
    5.4475000000e+01    2.3293077384e+02
    5.4480000000e+01    1.3473858657e+02
    5.4485000000e+01    6.5449807839e+01
    5.4490000000e+01    2.7316084174e+01
    5.4495000000e+01    2.1729459829e+01
    5.4500000000e+01    4.9184145211e+01
    5.4505000000e+01    1.0926446984e+02
    5.4510000000e+01    2.0065939310e+02
    5.4515000000e+01    3.2120316635e+02
    5.4520000000e+01    4.6794097110e+02
    5.4525000000e+01    6.3721762230e+02
    5.4530000000e+01    8.2478674486e+02
    5.4535000000e+01    1.0259372261e+03
    5.4540000000e+01    1.2356332343e+03
    5.4545000000e+01    1.4486636880e+03
    5.4550000000e+01    1.6597967778e+03
    5.4555000000e+01    1.8639349871e+03
    5.4560000000e+01    2.0562660333e+03
    5.4565000000e+01    2.2324052681e+03
    5.4570000000e+01    2.3885253165e+03
    5.4575000000e+01    2.5214691018e+03
    5.4580000000e+01    2.6288428894e+03
    5.4585000000e+01    2.7090865592e+03
    5.4590000000e+01    2.7615189863e+03
    5.4595000000e+01    2.7863571342e+03
    5.4600000000e+01    2.7847082365e+03
    5.4605000000e+01    2.7585352347e+03
    5.4610000000e+01    2.7105964255e+03
    5.4615000000e+01    2.6443610310e+03
    5.4620000000e+01    2.5639031195e+03
    5.4625000000e+01    2.4737769442e+03
    5.4630000000e+01    2.3788773230e+03
    5.4635000000e+01    2.2842891294e+03
    5.4640000000e+01    2.1951302972e+03
    5.4645000000e+01    2.1163929430e+03
    5.4650000000e+01    2.0527872793e+03
    5.4655000000e+01    2.0085929225e+03
    5.4660000000e+01    1.9875220007e+03
    5.4665000000e+01    1.9925981295e+03
    5.4670000000e+01    2.0260548791e+03
    5.4675000000e+01    2.0892567953e+03
    5.4680000000e+01    2.1826453905e+03
    5.4685000000e+01    2.3057118028e+03
    5.4690000000e+01    2.4569970505e+03
    5.4695000000e+01    2.6341200115e+03
    5.4700000000e+01    2.8338324527e+03
    5.4705000000e+01    3.0520996531e+03
    5.4710000000e+01    3.2842044123e+03
    5.4715000000e+01    3.5248715638e+03
    5.4720000000e+01    3.7684095041e+03
    5.4725000000e+01    4.0088647554e+03
    5.4730000000e+01    4.2401851912e+03
    5.4735000000e+01    4.4563872955e+03
    5.4740000000e+01    4.6517227015e+03
    5.4745000000e+01    4.8208392627e+03
    5.4750000000e+01    4.9589320614e+03
    5.4755000000e+01    5.0618800367e+03
    5.4760000000e+01    5.1263643195e+03
    5.4765000000e+01    5.1499648785e+03
    5.4770000000e+01    5.1312326978e+03
    5.4775000000e+01    5.0697354016e+03
    5.4780000000e+01    4.9660749942e+03
    5.4785000000e+01    4.8218771812e+03
    5.4790000000e+01    4.6397525428e+03
    5.4795000000e+01    4.4232306326e+03
    5.4800000000e+01    4.1766688441e+03
    5.4805000000e+01    3.9051386036e+03
    5.4810000000e+01    3.6142920903e+03
    5.4815000000e+01    3.3102132333e+03
    5.4820000000e+01    2.9992571800e+03
    5.4825000000e+01    2.6878827472e+03
    5.4830000000e+01    2.3824825612e+03
    5.4835000000e+01    2.0892156475e+03
    5.4840000000e+01    1.8138471515e+03
    5.4845000000e+01    1.5615996552e+03
    5.4850000000e+01    1.3370202176e+03
    5.4855000000e+01    1.1438668012e+03
    5.4860000000e+01    9.8501719019e+02
    5.4865000000e+01    8.6240285005e+02
    5.4870000000e+01    7.7696946345e+02
    5.4875000000e+01    7.2866510773e+02
    5.4880000000e+01    7.1645624887e+02
    5.4885000000e+01    7.3837093239e+02
    5.4890000000e+01    7.9156777717e+02
    5.4895000000e+01    8.7242864815e+02
    5.4900000000e+01    9.7667221608e+02
    5.4905000000e+01    1.0994850288e+03
    5.4910000000e+01    1.2356662336e+03
    5.4915000000e+01    1.3797817192e+03
    5.4920000000e+01    1.5263231988e+03
    5.4925000000e+01    1.6698676356e+03
    5.4930000000e+01    1.8052324336e+03
    5.4935000000e+01    1.9276219588e+03
    5.4940000000e+01    2.0327612370e+03
    5.4945000000e+01    2.1170130661e+03
    5.4950000000e+01    2.1774752869e+03
    5.4955000000e+01    2.2120555468e+03
    5.4960000000e+01    2.2195215640e+03
    5.4965000000e+01    2.1995256213e+03
    5.4970000000e+01    2.1526027781e+03
    5.4975000000e+01    2.0801430561e+03
    5.4980000000e+01    1.9843386140e+03
    5.4985000000e+01    1.8681076504e+03
    5.4990000000e+01    1.7349974433e+03
    5.4995000000e+01    1.5890695344e+03
    5.5000000000e+01    1.4347705688e+03
    5.5005000000e+01    1.2767927052e+03
    5.5010000000e+01    1.1199277936e+03
    5.5015000000e+01    9.6891967900e+02
    5.5020000000e+01    8.2831902060e+02
    5.5025000000e+01    7.0234491876e+02
    5.5030000000e+01    5.9475741889e+02
    5.5035000000e+01    5.0874461950e+02
    5.5040000000e+01    4.4682766185e+02
    5.5045000000e+01    4.1078633426e+02
    5.5050000000e+01    4.0160740123e+02
    5.5055000000e+01    4.1945708552e+02
    5.5060000000e+01    4.6367840927e+02
    5.5065000000e+01    5.3281336100e+02
    5.5070000000e+01    6.2464911901e+02
    5.5075000000e+01    7.3628685164e+02
    5.5080000000e+01    8.6423095076e+02
    5.5085000000e+01    1.0044959562e+03
    5.5090000000e+01    1.1527279140e+03
    5.5095000000e+01    1.3043364936e+03
    5.5100000000e+01    1.4546338825e+03
    5.5105000000e+01    1.5989762886e+03
    5.5110000000e+01    1.7329038147e+03
    5.5115000000e+01    1.8522745328e+03
    5.5120000000e+01    1.9533887682e+03
    5.5125000000e+01    2.0330999066e+03
    5.5130000000e+01    2.0889084478e+03
    5.5135000000e+01    2.1190365340e+03
    5.5140000000e+01    2.1224807708e+03
    5.5145000000e+01    2.0990418047e+03
    5.5150000000e+01    2.0493298203e+03
    5.5155000000e+01    1.9747458314e+03
    5.5160000000e+01    1.8774393653e+03
    5.5165000000e+01    1.7602438347e+03
    5.5170000000e+01    1.6265915550e+03
    5.5175000000e+01    1.4804109636e+03
    5.5180000000e+01    1.3260091224e+03
    5.5185000000e+01    1.1679430168e+03
    5.5190000000e+01    1.0108834901e+03
    5.5195000000e+01    8.5947586681e+02
    5.5200000000e+01    7.1820140889e+02
    5.5205000000e+01    5.9124371976e+02
    5.5210000000e+01    4.8236405897e+02
    5.5215000000e+01    3.9478926057e+02
    5.5220000000e+01    3.3111557142e+02
    5.5225000000e+01    2.9323124983e+02
    5.5230000000e+01    2.8226020666e+02
    5.5235000000e+01    2.9852834566e+02
    5.5240000000e+01    3.4155358650e+02
    5.5245000000e+01    4.1005985247e+02
    5.5250000000e+01    5.0201459561e+02
    5.5255000000e+01    6.1468873686e+02
    5.5260000000e+01    7.4473723665e+02
    5.5265000000e+01    8.8829790388e+02
    5.5270000000e+01    1.0411055136e+03
    5.5275000000e+01    1.1986178540e+03
    5.5280000000e+01    1.3561499747e+03
    5.5285000000e+01    1.5090126653e+03
    5.5290000000e+01    1.6526510766e+03
    5.5295000000e+01    1.7827793896e+03
    5.5300000000e+01    1.8955075596e+03
    5.5305000000e+01    1.9874563989e+03
    5.5310000000e+01    2.0558576056e+03
    5.5315000000e+01    2.0986357929e+03
    5.5320000000e+01    2.1144701043e+03
    5.5325000000e+01    2.1028336036e+03
    5.5330000000e+01    2.0640092820e+03
    5.5335000000e+01    1.9990822147e+03
    5.5340000000e+01    1.9099081019e+03
    5.5345000000e+01    1.7990591214e+03
    5.5350000000e+01    1.6697486883e+03
    5.5355000000e+01    1.5257373375e+03
    5.5360000000e+01    1.3712224957e+03
    5.5365000000e+01    1.2107153843e+03
    5.5370000000e+01    1.0489086702e+03
    5.5375000000e+01    8.9053875094e+02
    5.5380000000e+01    7.4024671791e+02
    5.5385000000e+01    6.0244207750e+02
    5.5390000000e+01    4.8117322733e+02
    5.5395000000e+01    3.8000848574e+02
    5.5400000000e+01    3.0193116115e+02
    5.5405000000e+01    2.4925173510e+02
    5.5410000000e+01    2.2353973030e+02
    5.5415000000e+01    2.2557725699e+02
    5.5420000000e+01    2.5533559568e+02
    5.5425000000e+01    3.1197549932e+02
    5.5430000000e+01    3.9387120340e+02
    5.5435000000e+01    4.9865743944e+02
    5.5440000000e+01    6.2329807447e+02
    5.5445000000e+01    7.6417436795e+02
    5.5450000000e+01    9.1719026523e+02
    5.5455000000e+01    1.0778916501e+03
    5.5460000000e+01    1.2415960734e+03
    5.5465000000e+01    1.4035291700e+03
    5.5470000000e+01    1.5589637848e+03
    5.5475000000e+01    1.7033577500e+03
    5.5480000000e+01    1.8324862994e+03
    5.5485000000e+01    1.9425652640e+03
    5.5490000000e+01    2.0303614638e+03
    5.5495000000e+01    2.0932870880e+03
    5.5500000000e+01    2.1294753226e+03
    5.5505000000e+01    2.1378350352e+03
    5.5510000000e+01    2.1180829354e+03
    5.5515000000e+01    2.0707522888e+03
    5.5520000000e+01    1.9971779441e+03
    5.5525000000e+01    1.8994581212e+03
    5.5530000000e+01    1.7803940867e+03
    5.5535000000e+01    1.6434094798e+03
    5.5540000000e+01    1.4924516461e+03
    5.5545000000e+01    1.3318778525e+03
    5.5550000000e+01    1.1663296949e+03
    5.5555000000e+01    1.0005993469e+03
    5.5560000000e+01    8.3949153078e+02
    5.5565000000e+01    6.8768521048e+02
    5.5570000000e+01    5.4959900716e+02
    5.5575000000e+01    4.2926422573e+02
    5.5580000000e+01    3.3020915161e+02
    5.5585000000e+01    2.5535794506e+02
    5.5590000000e+01    2.0694703063e+02
    5.5595000000e+01    1.8646136689e+02
    5.5600000000e+01    1.9459240058e+02
    5.5605000000e+01    2.3121887702e+02
    5.5610000000e+01    2.9541101393e+02
    5.5615000000e+01    3.8545786744e+02
    5.5620000000e+01    4.9891704742e+02
    5.5625000000e+01    6.3268529364e+02
    5.5630000000e+01    7.8308782342e+02
    5.5635000000e+01    9.4598382293e+02
    5.5640000000e+01    1.1168849931e+03
    5.5645000000e+01    1.2910836915e+03
    5.5650000000e+01    1.4637869438e+03
    5.5655000000e+01    1.6302524374e+03
    5.5660000000e+01    1.7859225670e+03
    5.5665000000e+01    1.9265526677e+03
    5.5670000000e+01    2.0483297548e+03
    5.5675000000e+01    2.1479783758e+03
    5.5680000000e+01    2.2228505668e+03
    5.5685000000e+01    2.2709973756e+03
    5.5690000000e+01    2.2912199627e+03
    5.5695000000e+01    2.2830988871e+03
    5.5700000000e+01    2.2470008277e+03
    5.5705000000e+01    2.1840626480e+03
    5.5710000000e+01    2.0961533738e+03
    5.5715000000e+01    1.9858152923e+03
    5.5720000000e+01    1.8561859873e+03
    5.5725000000e+01    1.7109036725e+03
    5.5730000000e+01    1.5539986634e+03
    5.5735000000e+01    1.3897742201e+03
    5.5740000000e+01    1.2226802932e+03
    5.5745000000e+01    1.0571838950e+03
    5.5750000000e+01    8.9763990271e+02
    5.5755000000e+01    7.4816607246e+02
    5.5760000000e+01    6.1252590120e+02
    5.5765000000e+01    4.9402273065e+02
    5.5770000000e+01    3.9540814105e+02
    5.5775000000e+01    3.1880725076e+02
    5.5780000000e+01    2.6566302941e+02
    5.5785000000e+01    2.3670116378e+02
    5.5790000000e+01    2.3191640390e+02
    5.5795000000e+01    2.5058067988e+02
    5.5800000000e+01    2.9127263607e+02
    5.5805000000e+01    3.5192759846e+02
    5.5810000000e+01    4.2990639063e+02
    5.5815000000e+01    5.2208086244e+02
    5.5820000000e+01    6.2493350833e+02
    5.5825000000e+01    7.3466814447e+02
    5.5830000000e+01    8.4732829632e+02
    5.5835000000e+01    9.5891973107e+02
    5.5840000000e+01    1.0655334575e+03
    5.5845000000e+01    1.1634655140e+03
    5.5850000000e+01    1.2493299704e+03
    5.5855000000e+01    1.3201617846e+03
    5.5860000000e+01    1.3735064610e+03
    5.5865000000e+01    1.4074938634e+03
    5.5870000000e+01    1.4208940097e+03
    5.5875000000e+01    1.4131532200e+03
    5.5880000000e+01    1.3844095762e+03
    5.5885000000e+01    1.3354872725e+03
    5.5890000000e+01    1.2678700651e+03
    5.5895000000e+01    1.1836546516e+03
    5.5900000000e+01    1.0854854113e+03
    5.5905000000e+01    9.7647248715e+02
    5.5910000000e+01    8.6009569041e+02
    5.5915000000e+01    7.4009712485e+02
    5.5920000000e+01    6.2036576492e+02
    5.5925000000e+01    5.0481745906e+02
    5.5930000000e+01    3.9727396446e+02
    5.5935000000e+01    3.0134464762e+02
    5.5940000000e+01    2.2031440499e+02
    5.5945000000e+01    1.5704117281e+02
    5.5950000000e+01    1.1386610992e+02
    5.5955000000e+01    9.2539161164e+01
    5.5960000000e+01    9.4162252038e+01
    5.5965000000e+01    1.1915184191e+02
    5.5970000000e+01    1.6722198869e+02
    5.5975000000e+01    2.3738846884e+02
    5.5980000000e+01    3.2799387145e+02
    5.5985000000e+01    4.3675296228e+02
    5.5990000000e+01    5.6081701113e+02
    5.5995000000e+01    6.9685521167e+02
    5.6000000000e+01    8.4115081378e+02
    5.6005000000e+01    9.8970914915e+02
    5.6010000000e+01    1.1383743743e+03
    5.6015000000e+01    1.2829514923e+03
    5.6020000000e+01    1.4193300532e+03
    5.6025000000e+01    1.5436058762e+03
    5.6030000000e+01    1.6521971894e+03
    5.6035000000e+01    1.7419517414e+03
    5.6040000000e+01    1.8102416976e+03
    5.6045000000e+01    1.8550434884e+03
    5.6050000000e+01    1.8750002144e+03
    5.6055000000e+01    1.8694647220e+03
    5.6060000000e+01    1.8385220265e+03
    5.6065000000e+01    1.7829903646e+03
    5.6070000000e+01    1.7044007853e+03
    5.6075000000e+01    1.6049558142e+03
    5.6080000000e+01    1.4874683462e+03
    5.6085000000e+01    1.3552824968e+03
    5.6090000000e+01    1.2121786801e+03
    5.6095000000e+01    1.0622656447e+03
    5.6100000000e+01    9.0986258408e+02
    5.6105000000e+01    7.5937473930e+02
    5.6110000000e+01    6.1516610387e+02
    5.6115000000e+01    4.8143293517e+02
    5.6120000000e+01    3.6208175967e+02
    5.6125000000e+01    2.6061543551e+02
    5.6130000000e+01    1.8003060777e+02
    5.6135000000e+01    1.2272956660e+02
    5.6140000000e+01    9.0449104240e+01
    5.6145000000e+01    8.4208477332e+01
    5.6150000000e+01    1.0427802894e+02
    5.6155000000e+01    1.5016942678e+02
    5.6160000000e+01    2.2064784759e+02
    5.6165000000e+01    3.1376580077e+02
    5.6170000000e+01    4.2691765539e+02
    5.6175000000e+01    5.5691333216e+02
    5.6180000000e+01    7.0006906351e+02
    5.6185000000e+01    8.5231262639e+02
    5.6190000000e+01    1.0093000285e+03
    5.6195000000e+01    1.1665402925e+03
    5.6200000000e+01    1.3195247421e+03
    5.6205000000e+01    1.4638570586e+03
    5.6210000000e+01    1.5953803501e+03
    5.6215000000e+01    1.7102975519e+03
    5.6220000000e+01    1.8052816707e+03
    5.6225000000e+01    1.8775726688e+03
    5.6230000000e+01    1.9250581681e+03
    5.6235000000e+01    1.9463356190e+03
    5.6240000000e+01    1.9407541091e+03
    5.6245000000e+01    1.9084345732e+03
    5.6250000000e+01    1.8502677904e+03
    5.6255000000e+01    1.7678901900e+03
    5.6260000000e+01    1.6636381334e+03
    5.6265000000e+01    1.5404819566e+03
    5.6270000000e+01    1.4019416459e+03
    5.6275000000e+01    1.2519865510e+03
    5.6280000000e+01    1.0949220000e+03
    5.6285000000e+01    9.3526606574e+02
    5.6290000000e+01    7.7762001553e+02
    5.6295000000e+01    6.2653616664e+02
    5.6300000000e+01    4.8638694457e+02
    5.6305000000e+01    3.6123891341e+02
    5.6310000000e+01    2.5473540688e+02
    5.6315000000e+01    1.6999114539e+02
    5.6320000000e+01    1.0950188323e+02
    5.6325000000e+01    7.5071700548e+01
    5.6330000000e+01    6.7760050493e+01
    5.6335000000e+01    8.7850106058e+01
    5.6340000000e+01    1.3483934091e+02
    5.6345000000e+01    2.0745264087e+02
    5.6350000000e+01    3.0367759614e+02
    5.6355000000e+01    4.2082098778e+02
    5.6360000000e+01    5.5558487277e+02
    5.6365000000e+01    7.0416010890e+02
    5.6370000000e+01    8.6233465880e+02
    5.6375000000e+01    1.0256135868e+03
    5.6380000000e+01    1.1893473250e+03
    5.6385000000e+01    1.3488645449e+03
    5.6390000000e+01    1.4996058379e+03
    5.6395000000e+01    1.6372543794e+03
    5.6400000000e+01    1.7578598379e+03
    5.6405000000e+01    1.8579519788e+03
    5.6410000000e+01    1.9346407060e+03
    5.6415000000e+01    1.9856996692e+03
    5.6420000000e+01    2.0096310335e+03
    5.6425000000e+01    2.0057095436e+03
    5.6430000000e+01    1.9740046038e+03
    5.6435000000e+01    1.9153797256e+03
    5.6440000000e+01    1.8314693342e+03
    5.6445000000e+01    1.7246335754e+03
    5.6450000000e+01    1.5978923903e+03
    5.6455000000e+01    1.4548407144e+03
    5.6460000000e+01    1.2995472002e+03
    5.6465000000e+01    1.1364393273e+03
    5.6470000000e+01    9.7017815785e+02
    5.6475000000e+01    8.0552628516e+02
    5.6480000000e+01    6.4721272339e+02
    5.6485000000e+01    4.9979856989e+02
    5.6490000000e+01    3.6754725358e+02
    5.6495000000e+01    2.5430305226e+02
    5.6500000000e+01    1.6338132839e+02
    5.6505000000e+01    9.7473600910e+01
    5.6510000000e+01    5.8570151127e+01
    5.6515000000e+01    4.7902363791e+01
    5.6520000000e+01    6.5906446543e+01
    5.6525000000e+01    1.1220956586e+02
    5.6530000000e+01    1.8563880402e+02
    5.6535000000e+01    2.8425269681e+02
    5.6540000000e+01    4.0539447419e+02
    5.6545000000e+01    5.4576551409e+02
    5.6550000000e+01    7.0151694986e+02
    5.6555000000e+01    8.6835686128e+02
    5.6560000000e+01    1.0416700413e+03
    5.6565000000e+01    1.2166469781e+03
    5.6570000000e+01    1.3884184361e+03
    5.6575000000e+01    1.5521918624e+03
    5.6580000000e+01    1.7033857994e+03
    5.6585000000e+01    1.8377585424e+03
    5.6590000000e+01    1.9515274454e+03
    5.6595000000e+01    2.0414755461e+03
    5.6600000000e+01    2.1050425376e+03
    5.6605000000e+01    2.1403975596e+03
    5.6610000000e+01    2.1464917899e+03
    5.6615000000e+01    2.1230893879e+03
    5.6620000000e+01    2.0707759465e+03
    5.6625000000e+01    1.9909442392e+03
    5.6630000000e+01    1.8857576811e+03
    5.6635000000e+01    1.7580925441e+03
    5.6640000000e+01    1.6114605542e+03
    5.6645000000e+01    1.4499140409e+03
    5.6650000000e+01    1.2779362887e+03
    5.6655000000e+01    1.1003201425e+03
    5.6660000000e+01    9.2203823708e+02
    5.6665000000e+01    7.4810844161e+02
    5.6670000000e+01    5.8345822944e+02
    5.6675000000e+01    4.3279170127e+02
    5.6680000000e+01    3.0046290024e+02
    5.6685000000e+01    1.9035886861e+02
    5.6690000000e+01    1.0579561134e+02
    5.6695000000e+01    4.9429759708e+01
    5.6700000000e+01    2.3188280758e+01
    5.6705000000e+01    2.8218067298e+01
    5.6710000000e+01    6.4856684133e+01
    5.6715000000e+01    1.3262495444e+02
    5.6720000000e+01    2.3024146306e+02
    5.6725000000e+01    3.5565844777e+02
    5.6730000000e+01    5.0611796264e+02
    5.6735000000e+01    6.7822664545e+02
    5.6740000000e+01    8.6804691952e+02
    5.6745000000e+01    1.0712020227e+03
    5.6750000000e+01    1.2829918947e+03
    5.6755000000e+01    1.4985166785e+03
    5.6760000000e+01    1.7128044070e+03
    5.6765000000e+01    1.9209393635e+03
    5.6770000000e+01    2.1181876147e+03
    5.6775000000e+01    2.3001163279e+03
    5.6780000000e+01    2.4627036900e+03
    5.6785000000e+01    2.6024365371e+03
    5.6790000000e+01    2.7163931762e+03
    5.6795000000e+01    2.8023093180e+03
    5.6800000000e+01    2.8586255344e+03
    5.6805000000e+01    2.8845151836e+03
    5.6810000000e+01    2.8798923085e+03
    5.6815000000e+01    2.8453995723e+03
    5.6820000000e+01    2.7823768596e+03
    5.6825000000e+01    2.6928117008e+03
    5.6830000000e+01    2.5792731740e+03
    5.6835000000e+01    2.4448313825e+03
    5.6840000000e+01    2.2929649821e+03
    5.6845000000e+01    2.1274595377e+03
    5.6850000000e+01    1.9522997072e+03
    5.6855000000e+01    1.7715583843e+03
    5.6860000000e+01    1.5892859731e+03
    5.6865000000e+01    1.4094029148e+03
    5.6870000000e+01    1.2355984485e+03
    5.6875000000e+01    1.0712383659e+03
    5.6880000000e+01    9.1928421420e+02
    5.6885000000e+01    7.8222603948e+02
    5.6890000000e+01    6.6203033378e+02
    5.6895000000e+01    5.6010438511e+02
    5.6900000000e+01    4.7727773208e+02
    5.6905000000e+01    4.1380091499e+02
    5.6910000000e+01    3.6936120558e+02
    5.6915000000e+01    3.4311450370e+02
    5.6920000000e+01    3.3373212544e+02
    5.6925000000e+01    3.3946078662e+02
    5.6930000000e+01    3.5819372054e+02
    5.6935000000e+01    3.8755056883e+02
    5.6940000000e+01    4.2496345853e+02
    5.6945000000e+01    4.6776653166e+02
    5.6950000000e+01    5.1328613082e+02
    5.6955000000e+01    5.5892886494e+02
    5.6960000000e+01    6.0226488348e+02
    5.6965000000e+01    6.4110387026e+02
    5.6970000000e+01    6.7356152388e+02
    5.6975000000e+01    6.9811461187e+02
    5.6980000000e+01    7.1364306058e+02
    5.6985000000e+01    7.1945796025e+02
    5.6990000000e+01    7.1531481199e+02
    5.6995000000e+01    7.0141180675e+02
    5.7000000000e+01    6.7837339243e+02
    5.7005000000e+01    6.4721983839e+02
    5.7010000000e+01    6.0932393541e+02
    5.7015000000e+01    5.6635635873e+02
    5.7020000000e+01    5.2022156236e+02
    5.7025000000e+01    4.7298635307e+02
    5.7030000000e+01    4.2680350551e+02
    5.7035000000e+01    3.8383291834e+02
    5.7040000000e+01    3.4616287275e+02
    5.7045000000e+01    3.1573393661e+02
    5.7050000000e+01    2.9426796137e+02
    5.7055000000e+01    2.8320444797e+02
    5.7060000000e+01    2.8364631755e+02
    5.7065000000e+01    2.9631682071e+02
    5.7070000000e+01    3.2152896455e+02
    5.7075000000e+01    3.5916844109e+02
    5.7080000000e+01    4.0869061527e+02
    5.7085000000e+01    4.6913168983e+02
    5.7090000000e+01    5.3913372014e+02
    5.7095000000e+01    6.1698271877e+02
    5.7100000000e+01    7.0065868049e+02
    5.7105000000e+01    7.8789598497e+02
    5.7110000000e+01    8.7625230931e+02
    5.7115000000e+01    9.6318391428e+02
    5.7120000000e+01    1.0461249657e+03
    5.7125000000e+01    1.1225684210e+03
    5.7130000000e+01    1.1901459567e+03
    5.7135000000e+01    1.2467044323e+03
    5.7140000000e+01    1.2903764867e+03
    5.7145000000e+01    1.3196430334e+03
    5.7150000000e+01    1.3333856610e+03
    5.7155000000e+01    1.3309272490e+03
    5.7160000000e+01    1.3120594593e+03
    5.7165000000e+01    1.2770561623e+03
    5.7170000000e+01    1.2266722782e+03
    5.7175000000e+01    1.1621279575e+03
    5.7180000000e+01    1.0850784708e+03
    5.7185000000e+01    9.9757061030e+02
    5.7190000000e+01    9.0198682198e+02
    5.7195000000e+01    8.0097866186e+02
    5.7200000000e+01    6.9739150196e+02
    5.7205000000e+01    5.9418268494e+02
    5.7210000000e+01    4.9433553574e+02
    5.7215000000e+01    4.0077177575e+02
    5.7220000000e+01    3.1626494715e+02
    5.7225000000e+01    2.4335743901e+02
    5.7230000000e+01    1.8428361345e+02
    5.7235000000e+01    1.4090136183e+02
    5.7240000000e+01    1.1463418259e+02
    5.7245000000e+01    1.0642557091e+02
    5.7250000000e+01    1.1670715402e+02
    5.7255000000e+01    1.4538160657e+02
    5.7260000000e+01    1.9182094750e+02
    5.7265000000e+01    2.5488036859e+02
    5.7270000000e+01    3.3292728639e+02
    5.7275000000e+01    4.2388485843e+02
    5.7280000000e+01    5.2528877464e+02
    5.7285000000e+01    6.3435573760e+02
    5.7290000000e+01    7.4806169406e+02
    5.7295000000e+01    8.6322758382e+02
    5.7300000000e+01    9.7661014078e+02
    5.7305000000e+01    1.0849951212e+03
    5.7310000000e+01    1.1852902504e+03
    5.7315000000e+01    1.2746151764e+03
    5.7320000000e+01    1.3503857911e+03
    5.7325000000e+01    1.4103904372e+03
    5.7330000000e+01    1.4528557408e+03
    5.7335000000e+01    1.4765001052e+03
    5.7340000000e+01    1.4805732523e+03
    5.7345000000e+01    1.4648805985e+03
    5.7350000000e+01    1.4297916872e+03
    5.7355000000e+01    1.3762323633e+03
    5.7360000000e+01    1.3056608453e+03
    5.7365000000e+01    1.2200283184e+03
    5.7370000000e+01    1.1217251283e+03
    5.7375000000e+01    1.0135140712e+03
    5.7380000000e+01    8.9845266205e+02
    5.7385000000e+01    7.7980658496e+02
    5.7390000000e+01    6.6095679498e+02
    5.7395000000e+01    5.4530293324e+02
    5.7400000000e+01    4.3616583223e+02
    5.7405000000e+01    3.3669192426e+02
    5.7410000000e+01    2.4976231990e+02
    5.7415000000e+01    1.7790919678e+02
    5.7420000000e+01    1.2324193605e+02
    5.7425000000e+01    8.7385169384e+01
    5.7430000000e+01    7.1430561186e+01
    5.7435000000e+01    7.5903759737e+01
    5.7440000000e+01    1.0074751628e+02
    5.7445000000e+01    1.4532150739e+02
    5.7450000000e+01    2.0841891488e+02
    5.7455000000e+01    2.8829933413e+02
    5.7460000000e+01    3.8273710930e+02
    5.7465000000e+01    4.8908374655e+02
    5.7470000000e+01    6.0434264666e+02
    5.7475000000e+01    7.2525403926e+02
    5.7480000000e+01    8.4838770094e+02
    5.7485000000e+01    9.7024080983e+02
    5.7490000000e+01    1.0873381346e+03
    5.7495000000e+01    1.1963316821e+03
    5.7500000000e+01    1.2940969372e+03
    5.7505000000e+01    1.3778229194e+03
    5.7510000000e+01    1.4450934532e+03
    5.7515000000e+01    1.4939572965e+03
    5.7520000000e+01    1.5229850872e+03
    5.7525000000e+01    1.5313114417e+03
    5.7530000000e+01    1.5186609651e+03
    5.7535000000e+01    1.4853573927e+03
    5.7540000000e+01    1.4323155632e+03
    5.7545000000e+01    1.3610164218e+03
    5.7550000000e+01    1.2734657365e+03
    5.7555000000e+01    1.1721376809e+03
    5.7560000000e+01    1.0599048753e+03
    5.7565000000e+01    9.3995686917e+02
    5.7570000000e+01    8.1570938228e+02
    5.7575000000e+01    6.9070689545e+02
    5.7580000000e+01    5.6852137292e+02
    5.7585000000e+01    4.5265001709e+02
    5.7590000000e+01    3.4641498821e+02
    5.7595000000e+01    2.5286796976e+02
    5.7600000000e+01    1.7470232622e+02
    5.7605000000e+01    1.1417538605e+02
    5.7610000000e+01    7.3043095888e+01
    5.7615000000e+01    5.2508940610e+01
    5.7620000000e+01    5.3188616923e+01
    5.7625000000e+01    7.5091498314e+01
    5.7630000000e+01    1.1761944880e+02
    5.7635000000e+01    1.7958304574e+02
    5.7640000000e+01    2.5923477250e+02
    5.7645000000e+01    3.5431825414e+02
    5.7650000000e+01    4.6213214754e+02
    5.7655000000e+01    5.7960687519e+02
    5.7660000000e+01    7.0339202057e+02
    5.7665000000e+01    8.2995189449e+02
    5.7670000000e+01    9.5566654362e+02
    5.7675000000e+01    1.0769353130e+03
    5.7680000000e+01    1.1902799972e+03
    5.7685000000e+01    1.2924446214e+03
    5.7690000000e+01    1.3804889897e+03
    5.7695000000e+01    1.4518733076e+03
    5.7700000000e+01    1.5045314441e+03
    5.7705000000e+01    1.5369307165e+03
    5.7710000000e+01    1.5481164663e+03
    5.7715000000e+01    1.5377401309e+03
    5.7720000000e+01    1.5060699819e+03
    5.7725000000e+01    1.4539842014e+03
    5.7730000000e+01    1.3829464713e+03
    5.7735000000e+01    1.2949647520e+03
    5.7740000000e+01    1.1925344103e+03
    5.7745000000e+01    1.0785673046e+03
    5.7750000000e+01    9.5630884300e+02
    5.7755000000e+01    8.2924537328e+02
    5.7760000000e+01    7.0100454630e+02
    5.7765000000e+01    5.7525149849e+02
    5.7770000000e+01    4.5558382204e+02
    5.7775000000e+01    3.4542833040e+02
    5.7780000000e+01    2.4794257896e+02
    5.7785000000e+01    1.6592396895e+02
    5.7790000000e+01    1.0172904872e+02
    5.7795000000e+01    5.7205338396e+01
    5.7800000000e+01    3.3637648641e+01
    5.7805000000e+01    3.1710451967e+01
    5.7810000000e+01    5.1487407839e+01
    5.7815000000e+01    9.2408653660e+01
    5.7820000000e+01    1.5330596625e+02
    5.7825000000e+01    2.3243538752e+02
    5.7830000000e+01    3.2752640804e+02
    5.7835000000e+01    4.3584632760e+02
    5.7840000000e+01    5.5427797580e+02
    5.7845000000e+01    6.7940859163e+02
    5.7850000000e+01    8.0762733867e+02
    5.7855000000e+01    9.3522868228e+02
    5.7860000000e+01    1.0585186836e+03
    5.7865000000e+01    1.1739211774e+03
    5.7870000000e+01    1.2780808005e+03
    5.7875000000e+01    1.3679599210e+03
    5.7880000000e+01    1.4409266898e+03
    5.7885000000e+01    1.4948316852e+03
    5.7890000000e+01    1.5280709402e+03
    5.7895000000e+01    1.5396335306e+03
    5.7900000000e+01    1.5291323361e+03
    5.7905000000e+01    1.4968170661e+03
    5.7910000000e+01    1.4435691436e+03
    5.7915000000e+01    1.3708785595e+03
    5.7920000000e+01    1.2808033188e+03
    5.7925000000e+01    1.1759126002e+03
    5.7930000000e+01    1.0592152136e+03
    5.7935000000e+01    9.3407536091e+02
    5.7940000000e+01    8.0411806840e+02
    5.7945000000e+01    6.7312695767e+02
    5.7950000000e+01    5.4493724183e+02
    5.7955000000e+01    4.2332697423e+02
    5.7960000000e+01    3.1190963046e+02
    5.7965000000e+01    2.1403107092e+02
    5.7970000000e+01    1.3267381102e+02
    5.7975000000e+01    7.0371322839e+01
    5.7980000000e+01    2.9134811235e+01
    5.7985000000e+01    1.0394557189e+01
    5.7990000000e+01    1.4957511014e+01
    5.7995000000e+01    4.2982360271e+01
    5.8000000000e+01    9.3972803977e+01
    5.8005000000e+01    1.6678925061e+02
    5.8010000000e+01    2.5967863658e+02
    5.8015000000e+01    3.7032154937e+02
    5.8020000000e+01    4.9589534980e+02
    5.8025000000e+01    6.3315153476e+02
    5.8030000000e+01    7.7850517794e+02
    5.8035000000e+01    9.2813394389e+02
    5.8040000000e+01    1.0780838982e+03
    5.8045000000e+01    1.2243791434e+03
    5.8050000000e+01    1.3631322004e+03
    5.8055000000e+01    1.4906520328e+03
    5.8060000000e+01    1.6035466758e+03
    5.8065000000e+01    1.6988175834e+03
    5.8070000000e+01    1.7739430396e+03
    5.8075000000e+01    1.8269482860e+03
    5.8080000000e+01    1.8564603937e+03
    5.8085000000e+01    1.8617463356e+03
    5.8090000000e+01    1.8427331888e+03
    5.8095000000e+01    1.8000099011e+03
    5.8100000000e+01    1.7348105732e+03
    5.8105000000e+01    1.6489797297e+03
    5.8110000000e+01    1.5449205603e+03
    5.8115000000e+01    1.4255275897e+03
    5.8120000000e+01    1.2941056747e+03
    5.8125000000e+01    1.1542776098e+03
    5.8130000000e+01    1.0098829436e+03
    5.8135000000e+01    8.6487085410e+02
    5.8140000000e+01    7.2319009631e+02
    5.8145000000e+01    5.8867911604e+02
    5.8150000000e+01    4.6495941793e+02
    5.8155000000e+01    3.5533518071e+02
    5.8160000000e+01    2.6270193461e+02
    5.8165000000e+01    1.8946685810e+02
    5.8170000000e+01    1.3748292139e+02
    5.8175000000e+01    1.0799871157e+02
    5.8180000000e+01    1.0162533028e+02
    5.8185000000e+01    1.1832127225e+02
    5.8190000000e+01    1.5739568451e+02
    5.8195000000e+01    2.1752988764e+02
    5.8200000000e+01    2.9681652475e+02
    5.8205000000e+01    3.9281520782e+02
    5.8210000000e+01    5.0262306609e+02
    5.8215000000e+01    6.2295818291e+02
    5.8220000000e+01    7.5025354578e+02
    5.8225000000e+01    8.8075884045e+02
    5.8230000000e+01    1.0106472017e+03
    5.8235000000e+01    1.1361238974e+03
    5.8240000000e+01    1.2535338710e+03
    5.8245000000e+01    1.3594651047e+03
    5.8250000000e+01    1.4508448879e+03
    5.8255000000e+01    1.5250262786e+03
    5.8260000000e+01    1.5798623273e+03
    5.8265000000e+01    1.6137659838e+03
    5.8270000000e+01    1.6257540119e+03
    5.8275000000e+01    1.6154736941e+03
    5.8280000000e+01    1.5832115979e+03
    5.8285000000e+01    1.5298841803e+03
    5.8290000000e+01    1.4570105263e+03
    5.8295000000e+01    1.3666680188e+03
    5.8300000000e+01    1.2614322227e+03
    5.8305000000e+01    1.1443027085e+03
    5.8310000000e+01    1.0186169403e+03
    5.8315000000e+01    8.8795468511e+02
    5.8320000000e+01    7.5603566826e+02
    5.8325000000e+01    6.2661338749e+02
    5.8330000000e+01    5.0336810229e+02
    5.8335000000e+01    3.8980203660e+02
    5.8340000000e+01    2.8913976548e+02
    5.8345000000e+01    2.0423660672e+02
    5.8350000000e+01    1.3749760783e+02
    5.8355000000e+01    9.0809415828e+01
    5.8360000000e+01    6.5486949423e+01
    5.8365000000e+01    6.2236371572e+01
    5.8370000000e+01    8.1135396575e+01
    5.8375000000e+01    1.2163147341e+02
    5.8380000000e+01    1.8255787965e+02
    5.8385000000e+01    2.6216725241e+02
    5.8390000000e+01    3.5818158903e+02
    5.8395000000e+01    4.6785728401e+02
    5.8400000000e+01    5.8806334401e+02
    5.8405000000e+01    7.1537055071e+02
    5.8410000000e+01    8.4614903308e+02
    5.8415000000e+01    9.7667147453e+02
    5.8420000000e+01    1.1032190231e+03
    5.8425000000e+01    1.2221868986e+03
    5.8430000000e+01    1.3301867024e+03
    5.8435000000e+01    1.4241425302e+03
    5.8440000000e+01    1.5013781674e+03
    5.8445000000e+01    1.5596929018e+03
    5.8450000000e+01    1.5974238098e+03
    5.8455000000e+01    1.6134927622e+03
    5.8460000000e+01    1.6074368250e+03
    5.8465000000e+01    1.5794212050e+03
    5.8470000000e+01    1.5302343836e+03
    5.8475000000e+01    1.4612655877e+03
    5.8480000000e+01    1.3744652459e+03
    5.8485000000e+01    1.2722895596e+03
    5.8490000000e+01    1.1576307690e+03
    5.8495000000e+01    1.0337350940e+03
    5.8500000000e+01    9.0411068287e+02
    5.8505000000e+01    7.7242817792e+02
    5.8510000000e+01    6.4241671745e+02
    5.8515000000e+01    5.1775831901e+02
    5.8520000000e+01    4.0198363398e+02
    5.8525000000e+01    2.9837202159e+02
    5.8530000000e+01    2.0985876746e+02
    5.8535000000e+01    1.3895206700e+02
    5.8540000000e+01    8.7662116899e+01
    5.8545000000e+01    5.7444313723e+01
    5.8550000000e+01    4.9158158798e+01
    5.8555000000e+01    6.3043023582e+01
    5.8560000000e+01    9.8711452595e+01
    5.8565000000e+01    1.5516018496e+02
    5.8570000000e+01    2.3079857507e+02
    5.8575000000e+01    3.2349360144e+02
    5.8580000000e+01    4.3063018513e+02
    5.8585000000e+01    5.4918510730e+02
    5.8590000000e+01    6.7581243276e+02
    5.8595000000e+01    8.0693802294e+02
    5.8600000000e+01    9.3886046648e+02
    5.8605000000e+01    1.0678555764e+03
    5.8610000000e+01    1.1902815039e+03
    5.8615000000e+01    1.3026815032e+03
    5.8620000000e+01    1.4018814499e+03
    5.8625000000e+01    1.4850793660e+03
    5.8630000000e+01    1.5499244298e+03
    5.8635000000e+01    1.5945832497e+03
    5.8640000000e+01    1.6177915387e+03
    5.8645000000e+01    1.6188897404e+03
    5.8650000000e+01    1.5978416112e+03
    5.8655000000e+01    1.5552352413e+03
    5.8660000000e+01    1.4922664952e+03
    5.8665000000e+01    1.4107053461e+03
    5.8670000000e+01    1.3128460586e+03
    5.8675000000e+01    1.2014426307e+03
    5.8680000000e+01    1.0796313178e+03
    5.8685000000e+01    9.5084242398e+02
    5.8690000000e+01    8.1870384722e+02
    5.8695000000e+01    6.8693909372e+02
    5.8700000000e+01    5.5926263120e+02
    5.8705000000e+01    4.3927552313e+02
    5.8710000000e+01    3.3036427561e+02
    5.8715000000e+01    2.3560573658e+02
    5.8720000000e+01    1.5768071397e+02
    5.8725000000e+01    9.8798733114e+01
    5.8730000000e+01    6.0636038514e+01
    5.8735000000e+01    4.4288571574e+01
    5.8740000000e+01    5.0241234259e+01
    5.8745000000e+01    7.8354290428e+01
    5.8750000000e+01    1.2786727516e+02
    5.8755000000e+01    1.9742029113e+02
    5.8760000000e+01    2.8509208378e+02
    5.8765000000e+01    3.8845381733e+02
    5.8770000000e+01    5.0463703507e+02
    5.8775000000e+01    6.3041389133e+02
    5.8780000000e+01    7.6228740141e+02
    5.8785000000e+01    8.9658917732e+02
    5.8790000000e+01    1.0295819112e+03
    5.8795000000e+01    1.1575637383e+03
    5.8800000000e+01    1.2769715617e+03
    5.8805000000e+01    1.3844804569e+03
    5.8810000000e+01    1.4770963815e+03
    5.8815000000e+01    1.5522396147e+03
    5.8820000000e+01    1.6078166044e+03
    5.8825000000e+01    1.6422782363e+03
    5.8830000000e+01    1.6546629139e+03
    5.8835000000e+01    1.6446232685e+03
    5.8840000000e+01    1.6124357782e+03
    5.8845000000e+01    1.5589930485e+03
    5.8850000000e+01    1.4857789966e+03
    5.8855000000e+01    1.3948276518e+03
    5.8860000000e+01    1.2886667463e+03
    5.8865000000e+01    1.1702476851e+03
    5.8870000000e+01    1.0428638665e+03
    5.8875000000e+01    9.1005963995e+02
    5.8880000000e+01    7.7553244640e+02
    5.8885000000e+01    6.4303086868e+02
    5.8890000000e+01    5.1625142777e+02
    5.8895000000e+01    3.9873698767e+02
    5.8900000000e+01    2.9377957982e+02
    5.8905000000e+01    2.0433032711e+02
    5.8910000000e+01    1.3291894280e+02
    5.8915000000e+01    8.1585005705e+01
    5.8920000000e+01    5.1822879058e+01
    5.8925000000e+01    4.4541754967e+01
    5.8930000000e+01    6.0041881038e+01
    5.8935000000e+01    9.8007572042e+01
    5.8940000000e+01    1.5751714064e+02
    5.8945000000e+01    2.3706941021e+02
    5.8950000000e+01    3.3462601277e+02
    5.8955000000e+01    4.4766823924e+02
    5.8960000000e+01    5.7326680897e+02
    5.8965000000e+01    7.0816257329e+02
    5.8970000000e+01    8.4885587144e+02
    5.8975000000e+01    9.9170202680e+02
    5.8980000000e+01    1.1330103115e+03
    5.8985000000e+01    1.2691436233e+03
    5.8990000000e+01    1.3966161126e+03
    5.8995000000e+01    1.5121860667e+03
    5.9000000000e+01    1.6129415061e+03
    5.9005000000e+01    1.6963761629e+03
    5.9010000000e+01    1.7604537933e+03
    5.9015000000e+01    1.8036591120e+03
    5.9020000000e+01    1.8250340208e+03
    5.9025000000e+01    1.8241982234e+03
    5.9030000000e+01    1.8013537582e+03
    5.9035000000e+01    1.7572734385e+03
    5.9040000000e+01    1.6932736365e+03
    5.9045000000e+01    1.6111722880e+03
    5.9050000000e+01    1.5132334035e+03
    5.9055000000e+01    1.4020997416e+03
    5.9060000000e+01    1.2807156266e+03
    5.9065000000e+01    1.1522421546e+03
    5.9070000000e+01    1.0199672346e+03
    5.9075000000e+01    8.8721304094e+02
    5.9080000000e+01    7.5724350940e+02
    5.9085000000e+01    6.3317449198e+02
    5.9090000000e+01    5.1788909201e+02
    5.9095000000e+01    4.1396053818e+02
    5.9100000000e+01    3.2358472639e+02
    5.9105000000e+01    2.4852426921e+02
    5.9110000000e+01    1.9006555266e+02
    5.9115000000e+01    1.4898991961e+02
    5.9120000000e+01    1.2555968771e+02
    5.9125000000e+01    1.1951928117e+02
    5.9130000000e+01    1.3011132079e+02
    5.9135000000e+01    1.5610708844e+02
    5.9140000000e+01    1.9585037281e+02
    5.9145000000e+01    2.4731332432e+02
    5.9150000000e+01    3.0816260916e+02
    5.9155000000e+01    3.7583386524e+02
    5.9160000000e+01    4.4761223428e+02
    5.9165000000e+01    5.2071658063e+02
    5.9170000000e+01    5.9238491321e+02
    5.9175000000e+01    6.5995850480e+02
    5.9180000000e+01    7.2096225270e+02
    5.9185000000e+01    7.7317894543e+02
    5.9190000000e+01    8.1471528762e+02
    5.9195000000e+01    8.4405778400e+02
    5.9200000000e+01    8.6011688603e+02
    5.9205000000e+01    8.6225815278e+02
    5.9210000000e+01    8.5031956029e+02
    5.9215000000e+01    8.2461450050e+02
    5.9220000000e+01    7.8592042982e+02
    5.9225000000e+01    7.3545354591e+02
    5.9230000000e+01    6.7483027872e+02
    5.9235000000e+01    6.0601676452e+02
    5.9240000000e+01    5.3126782050e+02
    5.9245000000e+01    4.5305724135e+02
    5.9250000000e+01    3.7400148967e+02
    5.9255000000e+01    2.9677904258e+02
    5.9260000000e+01    2.2404778065e+02
    5.9265000000e+01    1.5836286113e+02
    5.9270000000e+01    1.0209750084e+02
    5.9275000000e+01    5.7369008963e+01
    5.9280000000e+01    2.5972255650e+01
    5.9285000000e+01    9.3225459121e+00
    5.9290000000e+01    8.4095943501e+00
    5.9295000000e+01    2.3763973579e+01
    5.9300000000e+01    5.5437046830e+01
    5.9305000000e+01    1.0299500361e+02
    5.9310000000e+01    1.6552720781e+02
    5.9315000000e+01    2.4166865187e+02
    5.9320000000e+01    3.2963590093e+02
    5.9325000000e+01    4.2727551840e+02
    5.9330000000e+01    5.3212360103e+02
    5.9335000000e+01    6.4147472737e+02
    5.9340000000e+01    7.5245834802e+02
    5.9345000000e+01    8.6212042689e+02
    5.9350000000e+01    9.6750798665e+02
    5.9355000000e+01    1.0657541223e+03
    5.9360000000e+01    1.1541610283e+03
    5.9365000000e+01    1.2302786359e+03
    5.9370000000e+01    1.2919765773e+03
    5.9375000000e+01    1.3375073812e+03
    5.9380000000e+01    1.3655590483e+03
    5.9385000000e+01    1.3752954578e+03
    5.9390000000e+01    1.3663833988e+03
    5.9395000000e+01    1.3390054016e+03
    5.9400000000e+01    1.2938579475e+03
    5.9405000000e+01    1.2321350522e+03
    5.9410000000e+01    1.1554976357e+03
    5.9415000000e+01    1.0660294992e+03
    5.9420000000e+01    9.6618111108e+02
    5.9425000000e+01    8.5870275792e+02
    5.9430000000e+01    7.4656891910e+02
    5.9435000000e+01    6.3289598163e+02
    5.9440000000e+01    5.2085560425e+02
    5.9445000000e+01    4.1358617010e+02
    5.9450000000e+01    3.1410482769e+02
    5.9455000000e+01    2.2522260905e+02
    5.9460000000e+01    1.4946503349e+02
    5.9465000000e+01    8.9000455346e+01
    5.9470000000e+01    4.5578200859e+01
    5.9475000000e+01    2.0478267164e+01
    5.9480000000e+01    1.4474033716e+01
    5.9485000000e+01    2.7809072458e+01
    5.9490000000e+01    6.0188747384e+01
    5.9495000000e+01    1.1078687856e+02
    5.9500000000e+01    1.7826732152e+02
    5.9505000000e+01    2.6081989223e+02
    5.9510000000e+01    3.5620966293e+02
    5.9515000000e+01    4.6183827531e+02
    5.9520000000e+01    5.7481557719e+02
    5.9525000000e+01    6.9203959504e+02
    5.9530000000e+01    8.1028261655e+02
    5.9535000000e+01    9.2628098213e+02
    5.9540000000e+01    1.0368260753e+03
    5.9545000000e+01    1.1388539647e+03
    5.9550000000e+01    1.2295311830e+03
    5.9555000000e+01    1.3063342336e+03
    5.9560000000e+01    1.3671205877e+03
    5.9565000000e+01    1.4101891684e+03
    5.9570000000e+01    1.4343286131e+03
    5.9575000000e+01    1.4388519425e+03
    5.9580000000e+01    1.4236166448e+03
    5.9585000000e+01    1.3890295923e+03
    5.9590000000e+01    1.3360366285e+03
    5.9595000000e+01    1.2660970962e+03
    5.9600000000e+01    1.1811439958e+03
    5.9605000000e+01    1.0835308684e+03
    5.9610000000e+01    9.7596687036e+02
    5.9615000000e+01    8.6144183621e+02
    5.9620000000e+01    7.4314341166e+02
    5.9625000000e+01    6.2436855985e+02
    5.9630000000e+01    5.0843190517e+02
    5.9635000000e+01    3.9857346891e+02
    5.9640000000e+01    2.9786837096e+02
    5.9645000000e+01    2.0914101909e+02
    5.9650000000e+01    1.3488618421e+02
    5.9655000000e+01    7.7199169915e+01
    5.9660000000e+01    3.7717032620e+01
    5.9665000000e+01    1.7572501631e+01
    5.9670000000e+01    1.7361895551e+01
    5.9675000000e+01    3.7127941786e+01
    5.9680000000e+01    7.6357990977e+01
    5.9685000000e+01    1.3399768911e+02
    5.9690000000e+01    2.0847973924e+02
    5.9695000000e+01    2.9776696363e+02
    5.9700000000e+01    3.9940847851e+02
    5.9705000000e+01    5.1060742699e+02
    5.9710000000e+01    6.2829839326e+02
    5.9715000000e+01    7.4923235035e+02
    5.9720000000e+01    8.7006678274e+02
    5.9725000000e+01    9.8745848014e+02
    5.9730000000e+01    1.0981564228e+03
    5.9735000000e+01    1.1990921758e+03
    5.9740000000e+01    1.2874652766e+03
    5.9745000000e+01    1.3608212412e+03
    5.9750000000e+01    1.4171200144e+03
    5.9755000000e+01    1.4547929590e+03
    5.9760000000e+01    1.4727867954e+03
    5.9765000000e+01    1.4705932624e+03
    5.9770000000e+01    1.4482636718e+03
    5.9775000000e+01    1.4064079450e+03
    5.9780000000e+01    1.3461781519e+03
    5.9785000000e+01    1.2692370028e+03
    5.9790000000e+01    1.1777121628e+03
    5.9795000000e+01    1.0741376504e+03
    5.9800000000e+01    9.6138394161e+02
    5.9805000000e+01    8.4257871341e+02
    5.9810000000e+01    7.2102042246e+02
    5.9815000000e+01    6.0008711053e+02
    5.9820000000e+01    4.8314296310e+02
    5.9825000000e+01    3.7344520863e+02
    5.9830000000e+01    2.7405393649e+02
    5.9835000000e+01    1.8774733094e+02
    5.9840000000e+01    1.1694466757e+02
    5.9845000000e+01    6.3639204032e+01
    5.9850000000e+01    2.9342821905e+01
    5.9855000000e+01    1.5043951572e+01
    5.9860000000e+01    2.1179943518e+01
    5.9865000000e+01    4.7624649887e+01
    5.9870000000e+01    9.3691559089e+01
    5.9875000000e+01    1.5815239623e+02
    5.9880000000e+01    2.3927067466e+02
    5.9885000000e+01    3.3484927111e+02
    5.9890000000e+01    4.4229070989e+02
    5.9895000000e+01    5.5866849156e+02
    5.9900000000e+01    6.8080749707e+02
    5.9905000000e+01    8.0537124975e+02
    5.9910000000e+01    9.2895362921e+02
    5.9915000000e+01    1.0481725104e+03
    5.9920000000e+01    1.1597627498e+03
    5.9925000000e+01    1.2606659608e+03
    5.9930000000e+01    1.3481146114e+03
    5.9935000000e+01    1.4197081346e+03
    5.9940000000e+01    1.4734789664e+03
    5.9945000000e+01    1.5079467028e+03
    5.9950000000e+01    1.5221588995e+03
    5.9955000000e+01    1.5157174036e+03
    5.9960000000e+01    1.4887895084e+03
    5.9965000000e+01    1.4421036390e+03
    5.9970000000e+01    1.3769297035e+03
    5.9975000000e+01    1.2950446630e+03
    5.9980000000e+01    1.1986842817e+03
    5.9985000000e+01    1.0904823925e+03
    5.9990000000e+01    9.7339935817e+02
    5.9995000000e+01    8.5064169734e+02
    6.0000000000e+01    7.2557508463e+02
    6.0005000000e+01    6.0163311224e+02
    6.0010000000e+01    4.8222430955e+02
    6.0015000000e+01    3.7063996024e+02
    6.0020000000e+01    2.6996522817e+02
    6.0025000000e+01    1.8299600635e+02
    6.0030000000e+01    1.1216374003e+02
    6.0035000000e+01    5.9470250221e+01
    6.0040000000e+01    2.6434304619e+01
    6.0045000000e+01    1.4051355391e+01
    6.0050000000e+01    2.2767498868e+01
    6.0055000000e+01    5.2468319052e+01
    6.0060000000e+01    1.0248286734e+02
    6.0065000000e+01    1.7160261564e+02
    6.0070000000e+01    2.5811481075e+02
    6.0075000000e+01    3.5984926618e+02
    6.0080000000e+01    4.7423726326e+02
    6.0085000000e+01    5.9838090805e+02
    6.0090000000e+01    7.2913101087e+02
    6.0095000000e+01    8.6317133128e+02
    6.0100000000e+01    9.9710686662e+02
    6.0105000000e+01    1.1275537632e+03
    6.0110000000e+01    1.2512283965e+03
    6.0115000000e+01    1.3650332031e+03
    6.0120000000e+01    1.4661369480e+03
    6.0125000000e+01    1.5520472780e+03
    6.0130000000e+01    1.6206736348e+03
    6.0135000000e+01    1.6703788793e+03
    6.0140000000e+01    1.7000182968e+03
    6.0145000000e+01    1.7089650111e+03
    6.0150000000e+01    1.6971212135e+03
    6.0155000000e+01    1.6649150110e+03
    6.0160000000e+01    1.6132830921e+03
    6.0165000000e+01    1.5436398040e+03
    6.0170000000e+01    1.4578336013e+03
    6.0175000000e+01    1.3580921762e+03
    6.0180000000e+01    1.2469578767e+03
    6.0185000000e+01    1.1272152847e+03
    6.0190000000e+01    1.0018130253e+03
    6.0195000000e+01    8.7378202609e+02
    6.0200000000e+01    7.4615252687e+02
    6.0205000000e+01    6.2187215752e+02
    6.0210000000e+01    5.0372735560e+02
    6.0215000000e+01    3.9427028273e+02
    6.0220000000e+01    2.9575322946e+02
    6.0225000000e+01    2.1007227208e+02
    6.0230000000e+01    1.3872167146e+02
    6.0235000000e+01    8.2760189891e+01
    6.0240000000e+01    4.2790156751e+01
    6.0245000000e+01    1.8949747251e+01
    6.0250000000e+01    1.0918561070e+01
    6.0255000000e+01    1.7936210095e+01
    6.0260000000e+01    3.8833257236e+01
    6.0265000000e+01    7.2073501946e+01
    6.0270000000e+01    1.1580629217e+02
    6.0275000000e+01    1.6792726582e+02
    6.0280000000e+01    2.2614569532e+02
    6.0285000000e+01    2.8805643216e+02
    6.0290000000e+01    3.5121433021e+02
    6.0295000000e+01    4.1320896919e+02
    6.0300000000e+01    4.7173750482e+02
    6.0305000000e+01    5.2467353963e+02
    6.0310000000e+01    5.7013003554e+02
    6.0315000000e+01    6.0651447263e+02
    6.0320000000e+01    6.3257469230e+02
    6.0325000000e+01    6.4743414093e+02
    6.0330000000e+01    6.5061554326e+02
    6.0335000000e+01    6.4205237485e+02
    6.0340000000e+01    6.2208785979e+02
    6.0345000000e+01    5.9146158311e+02
    6.0350000000e+01    5.5128416714e+02
    6.0355000000e+01    5.0300080649e+02
    6.0360000000e+01    4.4834477772e+02
    6.0365000000e+01    3.8928232877e+02
    6.0370000000e+01    3.2795059993e+02
    6.0375000000e+01    2.6659042766e+02
    6.0380000000e+01    2.0747602753e+02
    6.0385000000e+01    1.5284364031e+02
    6.0390000000e+01    1.0482125185e+02
    6.0395000000e+01    6.5361464197e+01
    6.0400000000e+01    3.6179501349e+01
    6.0405000000e+01    1.8698182465e+01
    6.0410000000e+01    1.4001491911e+01
    6.0415000000e+01    2.2798125214e+01
    6.0420000000e+01    4.5396100154e+01
    6.0425000000e+01    8.1689201085e+01
    6.0430000000e+01    1.3115568136e+02
    6.0435000000e+01    1.9286929333e+02
    6.0440000000e+01    2.6552235791e+02
    6.0445000000e+01    3.4746023640e+02
    6.0450000000e+01    4.3672623616e+02
    6.0455000000e+01    5.3111567823e+02
    6.0460000000e+01    6.2823758777e+02
    6.0465000000e+01    7.2558224497e+02
    6.0470000000e+01    8.2059266120e+02
    6.0475000000e+01    9.1073792755e+02
    6.0480000000e+01    9.9358632383e+02
    6.0485000000e+01    1.0668760776e+03
    6.0490000000e+01    1.1285817248e+03
    6.0495000000e+01    1.1769741436e+03
    6.0500000000e+01    1.2106725089e+03
    6.0505000000e+01    1.2286866423e+03
    6.0510000000e+01    1.2304484989e+03
    6.0515000000e+01    1.2158318440e+03
    6.0520000000e+01    1.1851595011e+03
    6.0525000000e+01    1.1391979094e+03
    6.0530000000e+01    1.0791390857e+03
    6.0535000000e+01    1.0065704478e+03
    6.0540000000e+01    9.2343329919e+02
    6.0545000000e+01    8.3197110130e+02
    6.0550000000e+01    7.3466895244e+02
    6.0555000000e+01    6.3418594508e+02
    6.0560000000e+01    5.3328228111e+02
    6.0565000000e+01    4.3474317812e+02
    6.0570000000e+01    3.4130169680e+02
    6.0575000000e+01    2.5556265682e+02
    6.0580000000e+01    1.7992978421e+02
    6.0585000000e+01    1.1653814889e+02
    6.0590000000e+01    6.7193808042e+01
    6.0595000000e+01    3.3322374132e+01
    6.0600000000e+01    1.5927980324e+01
    6.0605000000e+01    1.5563828277e+01
    6.0610000000e+01    3.2315181422e+01
    6.0615000000e+01    6.5795320139e+01
    6.0620000000e+01    1.1515461316e+02
    6.0625000000e+01    1.7910249252e+02
    6.0630000000e+01    2.5594175744e+02
    6.0635000000e+01    3.4361428600e+02
    6.0640000000e+01    4.3975691218e+02
    6.0645000000e+01    5.4176593843e+02
    6.0650000000e+01    6.4686850932e+02
    6.0655000000e+01    7.5219887557e+02
    6.0660000000e+01    8.5487743745e+02
    6.0665000000e+01    9.5209037380e+02
    6.0670000000e+01    1.0411676421e+03
    6.0675000000e+01    1.1196571760e+03
    6.0680000000e+01    1.1853932083e+03
    6.0685000000e+01    1.2365568062e+03
    6.0690000000e+01    1.2717269213e+03
    6.0695000000e+01    1.2899205148e+03
    6.0700000000e+01    1.2906206217e+03
    6.0705000000e+01    1.2737915525e+03
    6.0710000000e+01    1.2398807849e+03
    6.0715000000e+01    1.1898074703e+03
    6.0720000000e+01    1.1249378501e+03
    6.0725000000e+01    1.0470482433e+03
    6.0730000000e+01    9.5827661107e+02
    6.0735000000e+01    8.6106402570e+02
    6.0740000000e+01    7.5808765241e+02
    6.0745000000e+01    6.5218709041e+02
    6.0750000000e+01    5.4628610771e+02
    6.0755000000e+01    4.4331193409e+02
    6.0760000000e+01    3.4611434753e+02
    6.0765000000e+01    2.5738679779e+02
    6.0770000000e+01    1.7959175734e+02
    6.0775000000e+01    1.1489237439e+02
    6.0780000000e+01    6.5092330976e+01
    6.0785000000e+01    3.1585582616e+01
    6.0790000000e+01    1.5317384171e+01
    6.0795000000e+01    1.6757694398e+01
    6.0800000000e+01    3.5887709441e+01
    6.0805000000e+01    7.2199911870e+01
    6.0810000000e+01    1.2471164726e+02
    6.0815000000e+01    1.9199186504e+02
    6.0820000000e+01    2.7220029471e+02
    6.0825000000e+01    3.6313798319e+02
    6.0830000000e+01    4.6230780274e+02
    6.0835000000e+01    5.6698326147e+02
    6.0840000000e+01    6.7428371682e+02
    6.0845000000e+01    7.8125391328e+02
    6.0850000000e+01    8.8494564431e+02
    6.0855000000e+01    9.8249927780e+02
    6.0860000000e+01    1.0712228869e+03
    6.0865000000e+01    1.1486667925e+03
    6.0870000000e+01    1.2126914493e+03
    6.0875000000e+01    1.2615267919e+03
    6.0880000000e+01    1.2938213910e+03
    6.0885000000e+01    1.3086800519e+03
    6.0890000000e+01    1.3056888090e+03
    6.0895000000e+01    1.2849266146e+03
    6.0900000000e+01    1.2469633936e+03
    6.0905000000e+01    1.1928445083e+03
    6.0910000000e+01    1.1240620595e+03
    6.0915000000e+01    1.0425138097e+03
    6.0920000000e+01    9.5045086167e+02
    6.0925000000e+01    8.5041553562e+02
    6.0930000000e+01    7.4517116150e+02
    6.0935000000e+01    6.3762572647e+02
    6.0940000000e+01    5.3075149006e+02
    6.0945000000e+01    4.2750279112e+02
    6.0950000000e+01    3.3073432211e+02
    6.0955000000e+01    2.4312213387e+02
    6.0960000000e+01    1.6708955963e+02
    6.0965000000e+01    1.0474011100e+02
    6.0970000000e+01    5.7799206703e+01
    6.0975000000e+01    2.7566350501e+01
    6.0980000000e+01    1.4879085808e+01
    6.0985000000e+01    2.0089728835e+01
    6.0990000000e+01    4.3055528250e+01
    6.0995000000e+01    8.3142527652e+01
    6.1000000000e+01    1.3924302765e+02
    6.1005000000e+01    2.0980616749e+02
    6.1010000000e+01    2.9288078273e+02
    6.1015000000e+01    3.8616935487e+02
    6.1020000000e+01    4.8709156155e+02
    6.1025000000e+01    5.9285566935e+02
    6.1030000000e+01    7.0053579347e+02
    6.1035000000e+01    8.0715288556e+02
    6.1040000000e+01    9.0975720710e+02
    6.1045000000e+01    1.0055100040e+03
    6.1050000000e+01    1.0917621193e+03
    6.1055000000e+01    1.1661273657e+03
    6.1060000000e+01    1.2265486235e+03
    6.1065000000e+01    1.2713548309e+03
    6.1070000000e+01    1.2993072858e+03
    6.1075000000e+01    1.3096339724e+03
    6.1080000000e+01    1.3020509604e+03
    6.1085000000e+01    1.2767702783e+03
    6.1090000000e+01    1.2344940408e+03
    6.1095000000e+01    1.1763949890e+03
    6.1100000000e+01    1.1040839787e+03
    6.1105000000e+01    1.0195653155e+03
    6.1110000000e+01    9.2518116947e+02
    6.1115000000e+01    8.2354660984e+02
    6.1120000000e+01    7.1747705520e+02
    6.1125000000e+01    6.0991015039e+02
    6.1130000000e+01    5.0382423355e+02
    6.1135000000e+01    4.0215565340e+02
    6.1140000000e+01    3.0771722958e+02
    6.1145000000e+01    2.2312011806e+02
    6.1150000000e+01    1.5070125063e+02
    6.1155000000e+01    9.2458363885e+01
    6.1160000000e+01    4.9994424080e+01
    6.1165000000e+01    2.4472994903e+01
    6.1170000000e+01    1.6585792683e+01
    6.1175000000e+01    2.6533336897e+01
    6.1180000000e+01    5.4019241457e+01
    6.1185000000e+01    9.8258314745e+01
    6.1190000000e+01    1.5799825396e+02
    6.1195000000e+01    2.3155434257e+02
    6.1200000000e+01    3.1685619922e+02
    6.1205000000e+01    4.1150529157e+02
    6.1210000000e+01    5.1284162990e+02
    6.1215000000e+01    6.1801779926e+02
    6.1220000000e+01    7.2407828460e+02
    6.1225000000e+01    8.2804189456e+02
    6.1230000000e+01    9.2698500210e+02
    6.1235000000e+01    1.0181232950e+03
    6.1240000000e+01    1.0988897683e+03
    6.1245000000e+01    1.1670067930e+03
    6.1250000000e+01    1.2205502546e+03
    6.1255000000e+01    1.2580039765e+03
    6.1260000000e+01    1.2783029034e+03
    6.1265000000e+01    1.2808638366e+03
    6.1270000000e+01    1.2656028479e+03
    6.1275000000e+01    1.2329388709e+03
    6.1280000000e+01    1.1837833488e+03
    6.1285000000e+01    1.1195161993e+03
    6.1290000000e+01    1.0419487403e+03
    6.1295000000e+01    9.5327457643e+02
    6.1300000000e+01    8.5600978168e+02
    6.1305000000e+01    7.5292401083e+02
    6.1310000000e+01    6.4696442289e+02
    6.1315000000e+01    5.4117450198e+02
    6.1320000000e+01    4.3861000368e+02
    6.1325000000e+01    3.4225433726e+02
    6.1330000000e+01    2.5493571305e+02
    6.1335000000e+01    1.7924833872e+02
    6.1340000000e+01    1.1747984028e+02
    6.1345000000e+01    7.1546915331e+01
    6.1350000000e+01    4.2941002780e+01
    6.1355000000e+01    3.2685480647e+01
    6.1360000000e+01    4.1305588962e+01
    6.1365000000e+01    6.8811927348e+01
    6.1370000000e+01    1.1469800554e+02
    6.1375000000e+01    1.7795194040e+02
    6.1380000000e+01    2.5708200539e+02
    6.1385000000e+01    3.5015535851e+02
    6.1390000000e+01    4.5484891305e+02
    6.1395000000e+01    5.6851098170e+02
    6.1400000000e+01    6.8823202820e+02
    6.1405000000e+01    8.1092260979e+02
    6.1410000000e+01    9.3339639463e+02
    6.1415000000e+01    1.0524559979e+03
    6.1420000000e+01    1.1649793001e+03
    6.1425000000e+01    1.2680038975e+03
    6.1430000000e+01    1.3588073796e+03
    6.1435000000e+01    1.4349812462e+03
    6.1440000000e+01    1.4944964422e+03
    6.1445000000e+01    1.5357587196e+03
    6.1450000000e+01    1.5576523109e+03
    6.1455000000e+01    1.5595707146e+03
    6.1460000000e+01    1.5414337470e+03
    6.1465000000e+01    1.5036903835e+03
    6.1470000000e+01    1.4473073060e+03
    6.1475000000e+01    1.3737434545e+03
    6.1480000000e+01    1.2849112698e+03
    6.1485000000e+01    1.1831256713e+03
    6.1490000000e+01    1.0710421498e+03
    6.1495000000e+01    9.5158565322e+02
    6.1500000000e+01    8.2787219169e+02
    6.1505000000e+01    7.0312528715e+02
    6.1510000000e+01    5.8058953440e+02
    6.1515000000e+01    4.6344361714e+02
    6.1520000000e+01    3.5471513816e+02
    6.1525000000e+01    2.5719957272e+02
    6.1530000000e+01    1.7338554173e+02
    6.1535000000e+01    1.0538842856e+02
    6.1540000000e+01    5.4894135801e+01
    6.1545000000e+01    2.3114501865e+01
    6.1550000000e+01    1.0755579399e+01
    6.1555000000e+01    1.7999627020e+01
    6.1560000000e+01    4.4501292457e+01
    6.1565000000e+01    8.9398078839e+01
    6.1570000000e+01    1.5133479721e+02
    6.1575000000e+01    2.2850132809e+02
    6.1580000000e+01    3.1868265321e+02
    6.1585000000e+01    4.1931978563e+02
    6.1590000000e+01    5.2757993076e+02
    6.1595000000e+01    6.4043396128e+02
    6.1600000000e+01    7.5473909131e+02
    6.1605000000e+01    8.6732449595e+02
    6.1610000000e+01    9.7507754405e+02
    6.1615000000e+01    1.0750282977e+03
    6.1620000000e+01    1.1644299821e+03
    6.1625000000e+01    1.2408332402e+03
    6.1630000000e+01    1.3021521610e+03
    6.1635000000e+01    1.3467202931e+03
    6.1640000000e+01    1.3733351331e+03
    6.1645000000e+01    1.3812898929e+03
    6.1650000000e+01    1.3703916985e+03
    6.1655000000e+01    1.3409657433e+03
    6.1660000000e+01    1.2938453031e+03
    6.1665000000e+01    1.2303479062e+03
    6.1670000000e+01    1.1522383267e+03
    6.1675000000e+01    1.0616794322e+03
    6.1680000000e+01    9.6117224173e+02
    6.1685000000e+01    8.5348684806e+02
    6.1690000000e+01    7.4158610087e+02
    6.1695000000e+01    6.2854414607e+02
    6.1700000000e+01    5.1746205234e+02
    6.1705000000e+01    4.1138283335e+02
    6.1710000000e+01    3.1320818781e+02
    6.1715000000e+01    2.2561922920e+02
    6.1720000000e+01    1.5100336580e+02
    6.1725000000e+01    9.1389320327e+01
    6.1730000000e+01    4.8392054169e+01
    6.1735000000e+01    2.3169088084e+01
    6.1740000000e+01    1.6389398128e+01
    6.1745000000e+01    2.8215720507e+01
    6.1750000000e+01    5.8300731636e+01
    6.1755000000e+01    1.0579718992e+02
    6.1760000000e+01    1.6938174413e+02
    6.1765000000e+01    2.4729174006e+02
    6.1770000000e+01    3.3737400290e+02
    6.1775000000e+01    4.3714424629e+02
    6.1780000000e+01    5.4385547065e+02
    6.1785000000e+01    6.5457346930e+02
    6.1790000000e+01    7.6625736896e+02
    6.1795000000e+01    8.7584299603e+02
    6.1800000000e+01    9.8032678557e+02
    6.1805000000e+01    1.0768479375e+03
    6.1810000000e+01    1.1627665751e+03
    6.1815000000e+01    1.2357357739e+03
    6.1820000000e+01    1.2937654965e+03
    6.1825000000e+01    1.3352766959e+03
    6.1830000000e+01    1.3591441176e+03
    6.1835000000e+01    1.3647266434e+03
    6.1840000000e+01    1.3518843603e+03
    6.1845000000e+01    1.3209819031e+03
    6.1850000000e+01    1.2728779940e+03
    6.1855000000e+01    1.2089014803e+03
    6.1860000000e+01    1.1308145397e+03
    6.1865000000e+01    1.0407640739e+03
    6.1870000000e+01    9.4122263090e+02
    6.1875000000e+01    8.3492048363e+02
    6.1880000000e+01    7.2477072957e+02
    6.1885000000e+01    6.1378946753e+02
    6.1890000000e+01    5.0501323805e+02
    6.1895000000e+01    4.0141598704e+02
    6.1900000000e+01    3.0582782263e+02
    6.1905000000e+01    2.2085778374e+02
    6.1910000000e+01    1.4882272679e+02
    6.1915000000e+01    9.1684267203e+01
    6.1920000000e+01    5.0995490496e+01
    6.1925000000e+01    2.7858878603e+01
    6.1930000000e+01    2.2896589100e+01
    6.1935000000e+01    3.6233886282e+01
    6.1940000000e+01    6.7496162796e+01
    6.1945000000e+01    1.1581961874e+02
    6.1950000000e+01    1.7987529199e+02
    6.1955000000e+01    2.5790576913e+02
    6.1960000000e+01    3.4777356080e+02
    6.1965000000e+01    4.4701980771e+02
    6.1970000000e+01    5.5293170301e+02
    6.1975000000e+01    6.6261678051e+02
    6.1980000000e+01    7.7308203287e+02
    6.1985000000e+01    8.8131569412e+02
    6.1990000000e+01    9.8436945098e+02
    6.1995000000e+01    1.0794388382e+03
    6.2000000000e+01    1.1639396252e+03
    6.2005000000e+01    1.2355781132e+03
    6.2010000000e+01    1.2924134325e+03
    6.2015000000e+01    1.3329101461e+03
    6.2020000000e+01    1.3559797383e+03
    6.2025000000e+01    1.3610098669e+03
    6.2030000000e+01    1.3478805959e+03
    6.2035000000e+01    1.3169671817e+03
    6.2040000000e+01    1.2691293517e+03
    6.2045000000e+01    1.2056873851e+03
    6.2050000000e+01    1.1283856644e+03
    6.2055000000e+01    1.0393447069e+03
    6.2060000000e+01    9.4100299935e+02
    6.2065000000e+01    8.3605023485e+02
    6.2070000000e+01    7.2735378428e+02
    6.2075000000e+01    6.1788041558e+02
    6.2080000000e+01    5.1061540223e+02
    6.2085000000e+01    4.0848123001e+02
    6.2090000000e+01    3.1425811899e+02
    6.2095000000e+01    2.3050852534e+02
    6.2100000000e+01    1.5950767546e+02
    6.2105000000e+01    1.0318201769e+02
    6.2110000000e+01    6.3057257864e+01
    6.2115000000e+01    4.0217381087e+01
    6.2120000000e+01    3.5275760163e+01
    6.2125000000e+01    4.8359119732e+01
    6.2130000000e+01    7.9104773116e+01
    6.2135000000e+01    1.2667118615e+02
    6.2140000000e+01    1.8976155849e+02
    6.2145000000e+01    2.6665975833e+02
    6.2150000000e+01    3.5527761025e+02
    6.2155000000e+01    4.5321222812e+02
    6.2160000000e+01    5.5781181291e+02
    6.2165000000e+01    6.6624810708e+02
    6.2170000000e+01    7.7559351874e+02
    6.2175000000e+01    8.8290080522e+02
    6.2180000000e+01    9.8528313919e+02
    6.2185000000e+01    1.0799923748e+03
    6.2190000000e+01    1.1644933841e+03
    6.2195000000e+01    1.2365324461e+03
    6.2200000000e+01    1.2941978369e+03
    6.2205000000e+01    1.3359709857e+03
    6.2210000000e+01    1.3607668245e+03
    6.2215000000e+01    1.3679622552e+03
    6.2220000000e+01    1.3574119870e+03
    6.2225000000e+01    1.3294513422e+03
    6.2230000000e+01    1.2848859884e+03
    6.2235000000e+01    1.2249689099e+03
    6.2240000000e+01    1.1513652824e+03
    6.2245000000e+01    1.0661062438e+03
    6.2250000000e+01    9.7153285517e+02
    6.2255000000e+01    8.7023181356e+02
    6.2260000000e+01    7.6496469942e+02
    6.2265000000e+01    6.5859271533e+02
    6.2270000000e+01    5.5399899172e+02
    6.2275000000e+01    4.5401059733e+02
    6.2280000000e+01    3.6132239519e+02
    6.2285000000e+01    2.7842482920e+02
    6.2290000000e+01    2.0753761348e+02
    6.2295000000e+01    1.5055112941e+02
    6.2300000000e+01    1.0897711933e+02
    6.2305000000e+01    8.3910005496e+01
    6.2310000000e+01    7.5999867442e+01
    6.2315000000e+01    8.5437786588e+01
    6.2320000000e+01    1.1195392414e+02
    6.2325000000e+01    1.5482834555e+02
    6.2330000000e+01    2.1291425256e+02
    6.2335000000e+01    2.8467294084e+02
    6.2340000000e+01    3.6821947840e+02
    6.2345000000e+01    4.6137780403e+02
    6.2350000000e+01    5.6174368669e+02
    6.2355000000e+01    6.6675377069e+02
    6.2360000000e+01    7.7375876524e+02
    6.2365000000e+01    8.8009872478e+02
    6.2370000000e+01    9.8317831030e+02
    6.2375000000e+01    1.0805399251e+03
    6.2380000000e+01    1.1699326792e+03
    6.2385000000e+01    1.2493752551e+03
    6.2390000000e+01    1.3172109172e+03
    6.2395000000e+01    1.3721531278e+03
    6.2400000000e+01    1.4133204959e+03
    6.2405000000e+01    1.4402600796e+03
    6.2410000000e+01    1.4529583908e+03
    6.2415000000e+01    1.4518397913e+03
    6.2420000000e+01    1.4377523229e+03
    6.2425000000e+01    1.4119413638e+03
    6.2430000000e+01    1.3760118420e+03
    6.2435000000e+01    1.3318800610e+03
    6.2440000000e+01    1.2817164783e+03
    6.2445000000e+01    1.2278810366e+03
    6.2450000000e+01    1.1728528550e+03
    6.2455000000e+01    1.1191562484e+03
    6.2460000000e+01    1.0692851515e+03
    6.2465000000e+01    1.0256280710e+03
    6.2470000000e+01    9.9039568057e+02
    6.2475000000e+01    9.6555310594e+02
    6.2480000000e+01    9.5275882299e+02
    6.2485000000e+01    9.5331191251e+02
    6.2490000000e+01    9.6810919049e+02
    6.2495000000e+01    9.9761346331e+02
    6.2500000000e+01    1.0418338535e+03
    6.2505000000e+01    1.1003188116e+03
    6.2510000000e+01    1.1721620802e+03
    6.2515000000e+01    1.2560215217e+03
    6.2520000000e+01    1.3501503642e+03
    6.2525000000e+01    1.4524400768e+03
    6.2530000000e+01    1.5604737633e+03
    6.2535000000e+01    1.6715886679e+03
    6.2540000000e+01    1.7829461328e+03
    6.2545000000e+01    1.8916071320e+03
    6.2550000000e+01    1.9946113509e+03
    6.2555000000e+01    2.0890576695e+03
    6.2560000000e+01    2.1721838618e+03
    6.2565000000e+01    2.2414433375e+03
    6.2570000000e+01    2.2945768179e+03
    6.2575000000e+01    2.3296769721e+03
    6.2580000000e+01    2.3452442167e+03
    6.2585000000e+01    2.3402321181e+03
    6.2590000000e+01    2.3140811084e+03
    6.2595000000e+01    2.2667395376e+03
    6.2600000000e+01    2.1986714219e+03
    6.2605000000e+01    2.1108506054e+03
    6.2610000000e+01    2.0047414140e+03
    6.2615000000e+01    1.8822662486e+03
    6.2620000000e+01    1.7457609121e+03
    6.2625000000e+01    1.5979188006e+03
    6.2630000000e+01    1.4417253898e+03
    6.2635000000e+01    1.2803847118e+03
    6.2640000000e+01    1.1172397389e+03
    6.2645000000e+01    9.5568875825e+02
    6.2650000000e+01    7.9909993426e+02
    6.2655000000e+01    6.5072631163e+02
    6.2660000000e+01    5.1362350369e+02
    6.2665000000e+01    3.9057224661e+02
    6.2670000000e+01    2.8400787422e+02
    6.2675000000e+01    1.9595858890e+02
    6.2680000000e+01    1.2799417340e+02
    6.2685000000e+01    8.1186513944e+01
    6.2690000000e+01    5.6082993157e+01
    6.2695000000e+01    5.2693471121e+01
    6.2700000000e+01    7.0491212713e+01
    6.2705000000e+01    1.0842774962e+02
    6.2710000000e+01    1.6496129535e+02
    6.2715000000e+01    2.3809797154e+02
    6.2720000000e+01    3.2544476326e+02
    6.2725000000e+01    4.2427280914e+02
    6.2730000000e+01    5.3158935728e+02
    6.2735000000e+01    6.4421648742e+02
    6.2740000000e+01    7.5887452011e+02
    6.2745000000e+01    8.7226790911e+02
    6.2750000000e+01    9.8117134742e+02
    6.2755000000e+01    1.0825138128e+03
    6.2760000000e+01    1.1734583334e+03
    6.2765000000e+01    1.2514753694e+03
    6.2770000000e+01    1.3144078778e+03
    6.2775000000e+01    1.3605263484e+03
    6.2780000000e+01    1.3885723688e+03
    6.2785000000e+01    1.3977895819e+03
    6.2790000000e+01    1.3879412355e+03
    6.2795000000e+01    1.3593138818e+03
    6.2800000000e+01    1.3127071535e+03
    6.2805000000e+01    1.2494099163e+03
    6.2810000000e+01    1.1711634559e+03
    6.2815000000e+01    1.0801127075e+03
    6.2820000000e+01    9.7874685091e+02
    6.2825000000e+01    8.6983087544e+02
    6.2830000000e+01    7.5632996062e+02
    6.2835000000e+01    6.4132870563e+02
    6.2840000000e+01    5.2794737632e+02
    6.2845000000e+01    4.1925741491e+02
    6.2850000000e+01    3.1819847438e+02
    6.2855000000e+01    2.2749919512e+02
    6.2860000000e+01    1.4960383843e+02
    6.2865000000e+01    8.6606731614e+01
    6.2870000000e+01    4.0196267370e+01
    6.2875000000e+01    1.1609942039e+01
    6.2880000000e+01    1.6016192941e+00
    6.2885000000e+01    1.0421876740e+01
    6.2890000000e+01    3.7811941060e+01
    6.2895000000e+01    8.3011352387e+01
    6.2900000000e+01    1.4477913033e+02
    6.2905000000e+01    2.2142785233e+02
    6.2910000000e+01    3.1086970952e+02
    6.2915000000e+01    4.1067328523e+02
    6.2920000000e+01    5.1812951532e+02
    6.2925000000e+01    6.3032504496e+02
    6.2930000000e+01    7.4422100067e+02
    6.2935000000e+01    8.5673505319e+02
    6.2940000000e+01    9.6482456127e+02
    6.2945000000e+01    1.0655685603e+03
    6.2950000000e+01    1.1562463928e+03
    6.2955000000e+01    1.2344108719e+03
    6.2960000000e+01    1.2979540158e+03
    6.2965000000e+01    1.3451635954e+03
    6.2970000000e+01    1.3747689852e+03
    6.2975000000e+01    1.3859750934e+03
    6.2980000000e+01    1.3784834750e+03
    6.2985000000e+01    1.3525000690e+03
    6.2990000000e+01    1.3087293666e+03
    6.2995000000e+01    1.2483551778e+03
    6.3000000000e+01    1.1730085264e+03
    6.3005000000e+01    1.0847235449e+03
    6.3010000000e+01    9.8588256522e+02
    6.3015000000e+01    8.7915188782e+02
    6.3020000000e+01    7.6740996175e+02
    6.3025000000e+01    6.5366990890e+02
    6.3030000000e+01    5.4099847683e+02
    6.3035000000e+01    4.3243359784e+02
    6.3040000000e+01    3.3090276745e+02
    6.3045000000e+01    2.3914443144e+02
    6.3050000000e+01    1.5963448819e+02
    6.3055000000e+01    9.4519873945e+01
    6.3060000000e+01    4.5561006969e+01
    6.3065000000e+01    1.4084627846e+01
    6.3070000000e+01    9.4829306392e-01
    6.3075000000e+01    6.5174658256e+00
    6.3080000000e+01    3.0655809770e+01
    6.3085000000e+01    7.2728937145e+01
    6.3090000000e+01    1.3162150246e+02
    6.3095000000e+01    2.0576717546e+02
    6.3100000000e+01    2.9319068281e+02
    6.3105000000e+01    3.9156078562e+02
    6.3110000000e+01    4.9825276829e+02
    6.3115000000e+01    6.1041876054e+02
    6.3120000000e+01    7.2506400702e+02
    6.3125000000e+01    8.3912704066e+02
    6.3130000000e+01    9.4956161375e+02
    6.3135000000e+01    1.0534181954e+03
    6.3140000000e+01    1.1479228575e+03
    6.3145000000e+01    1.2305514427e+03
    6.3150000000e+01    1.2990970361e+03
    6.3155000000e+01    1.3517289429e+03
    6.3160000000e+01    1.3870416016e+03
    6.3165000000e+01    1.4040921344e+03
    6.3170000000e+01    1.4024255387e+03
    6.3175000000e+01    1.3820868550e+03
    6.3180000000e+01    1.3436199958e+03
    6.3185000000e+01    1.2880532732e+03
    6.3190000000e+01    1.2168720210e+03
    6.3195000000e+01    1.1319790471e+03
    6.3200000000e+01    1.0356439782e+03
    6.3205000000e+01    9.3044285371e+02
    6.3210000000e+01    8.1918958027e+02
    6.3215000000e+01    7.0486107955e+02
    6.3220000000e+01    5.9051812220e+02
    6.3225000000e+01    4.7922395710e+02
    6.3230000000e+01    3.7396290001e+02
    6.3235000000e+01    2.7756104470e+02
    6.3240000000e+01    1.9261120104e+02
    6.3245000000e+01    1.2140404966e+02
    6.3250000000e+01    6.5867335466e+01
    6.3255000000e+01    2.7514706735e+01
    6.3260000000e+01    7.4055485226e+00
    6.3265000000e+01    6.1168658073e+00
    6.3270000000e+01    2.3727950901e+01
    6.3275000000e+01    5.9818229778e+01
    6.3280000000e+01    1.1347833224e+02
    6.3285000000e+01    1.8333408050e+02
    6.3290000000e+01    2.6758274929e+02
    6.3295000000e+01    3.6404062656e+02
    6.3300000000e+01    4.7020060675e+02
    6.3305000000e+01    5.8329828511e+02
    6.3310000000e+01    7.0038479939e+02
    6.3315000000e+01    8.1840449036e+02
    6.3320000000e+01    9.3427532814e+02
    6.3325000000e+01    1.0449699830e+03
    6.3330000000e+01    1.1475954052e+03
    6.3335000000e+01    1.2394688240e+03
    6.3340000000e+01    1.3181881713e+03
    6.3345000000e+01    1.3816950913e+03
    6.3350000000e+01    1.4283288919e+03
    6.3355000000e+01    1.4568700402e+03
    6.3360000000e+01    1.4665720800e+03
    6.3365000000e+01    1.4571811572e+03
    6.3370000000e+01    1.4289426690e+03
    6.3375000000e+01    1.3825948887e+03
    6.3380000000e+01    1.3193497640e+03
    6.3385000000e+01    1.2408614202e+03
    6.3390000000e+01    1.1491832223e+03
    6.3395000000e+01    1.0467145470e+03
    6.3400000000e+01    9.3613868062e+02
    6.3405000000e+01    8.2035348780e+02
    6.3410000000e+01    7.0239667863e+02
    6.3415000000e+01    5.8536763625e+02
    6.3420000000e+01    4.7234784962e+02
    6.3425000000e+01    3.6632202367e+02
    6.3430000000e+01    2.7010191300e+02
    6.3435000000e+01    1.8625484422e+02
    6.3440000000e+01    1.1703876082e+02
    6.3445000000e+01    6.4345444333e+01
    6.3450000000e+01    2.9653344037e+01
    6.3455000000e+01    1.3991188117e+01
    6.3460000000e+01    1.7913261325e+01
    6.3465000000e+01    4.1486923909e+01
    6.3470000000e+01    8.4292623218e+01
    6.3475000000e+01    1.4543632112e+02
    6.3480000000e+01    2.2357393613e+02
    6.3485000000e+01    3.1694708745e+02
    6.3490000000e+01    4.2342913714e+02
    6.3495000000e+01    5.4058026406e+02
    6.3500000000e+01    6.6571007585e+02
    6.3505000000e+01    7.9594607876e+02
    6.3510000000e+01    9.2830618445e+02
    6.3515000000e+01    1.0597733414e+03
    6.3520000000e+01    1.1873703383e+03
    6.3525000000e+01    1.3082328386e+03
    6.3530000000e+01    1.4196787683e+03
    6.3535000000e+01    1.5192722925e+03
    6.3540000000e+01    1.6048807735e+03
    6.3545000000e+01    1.6747233038e+03
    6.3550000000e+01    1.7274096433e+03
    6.3555000000e+01    1.7619686547e+03
    6.3560000000e+01    1.7778656182e+03
    6.3565000000e+01    1.7750081075e+03
    6.3570000000e+01    1.7537404154e+03
    6.3575000000e+01    1.7148268237e+03
    6.3580000000e+01    1.6594243028e+03
    6.3585000000e+01    1.5890455061e+03
    6.3590000000e+01    1.5055131689e+03
    6.3595000000e+01    1.4109072452e+03
    6.3600000000e+01    1.3075062884e+03
    6.3605000000e+01    1.1977247267e+03
    6.3610000000e+01    1.0840477687e+03
    6.3615000000e+01    9.6896572235e+02
    6.3620000000e+01    8.5490950381e+02
    6.3625000000e+01    7.4418905855e+02
    6.3630000000e+01    6.3893631861e+02
    6.3635000000e+01    5.4105417530e+02
    6.3640000000e+01    4.5217276516e+02
    6.3645000000e+01    3.7361415062e+02
    6.3650000000e+01    3.0636623312e+02
    6.3655000000e+01    2.5106647236e+02
    6.3660000000e+01    2.0799570723e+02
    6.3665000000e+01    1.7708209095e+02
    6.3670000000e+01    1.5791487218e+02
    6.3675000000e+01    1.4976748230e+02
    6.3680000000e+01    1.5162913606e+02
    6.3685000000e+01    1.6224392311e+02
    6.3690000000e+01    1.8015616908e+02
    6.3695000000e+01    2.0376068187e+02
    6.3700000000e+01    2.3135637563e+02
    6.3705000000e+01    2.6120168485e+02
    6.3710000000e+01    2.9157014642e+02
    6.3715000000e+01    3.2080453817e+02
    6.3720000000e+01    3.4736801893e+02
    6.3725000000e+01    3.6989081435e+02
    6.3730000000e+01    3.8721113293e+02
    6.3735000000e+01    3.9840917270e+02
    6.3740000000e+01    4.0283328594e+02
    6.3745000000e+01    4.0011760222e+02
    6.3750000000e+01    3.9019066010e+02
    6.3755000000e+01    3.7327486063e+02
    6.3760000000e+01    3.4987682145e+02
    6.3765000000e+01    3.2076897313e+02
    6.3770000000e+01    2.8696299092e+02
    6.3775000000e+01    2.4967588885e+02
    6.3780000000e+01    2.1028981243e+02
    6.3785000000e+01    1.7030674521e+02
    6.3790000000e+01    1.3129948826e+02
    6.3795000000e+01    9.4860376365e+01
    6.3800000000e+01    6.2549257383e+01
    6.3805000000e+01    3.5842280221e+01
    6.3810000000e+01    1.6083011816e+01
    6.3815000000e+01    4.4373351265e+00
    6.3820000000e+01    1.8534704208e+00
    6.3825000000e+01    9.0283142966e+00
    6.3830000000e+01    2.6381109057e+01
    6.3835000000e+01    5.4035244482e+01
    6.3840000000e+01    9.1808760598e+01
    6.3845000000e+01    1.3921387040e+02
    6.3850000000e+01    1.9546556256e+02
    6.3855000000e+01    2.5949908337e+02
    6.3860000000e+01    3.2999584183e+02
    6.3865000000e+01    4.0541703875e+02
    6.3870000000e+01    4.8404409781e+02
    6.3875000000e+01    5.6402477829e+02
    6.3880000000e+01    6.4342368331e+02
    6.3885000000e+01    7.2027574659e+02
    6.3890000000e+01    7.9264119038e+02
    6.3895000000e+01    8.5866039841e+02
    6.3900000000e+01    9.1660714317e+02
    6.3905000000e+01    9.6493864581e+02
    6.3910000000e+01    1.0023410290e+03
    6.3915000000e+01    1.0277688457e+03
    6.3920000000e+01    1.0404775267e+03
    6.3925000000e+01    1.0400477824e+03
    6.3930000000e+01    1.0264012161e+03
    6.3935000000e+01    9.9980664572e+02
    6.3940000000e+01    9.6087689012e+02
    6.3945000000e+01    9.1055603938e+02
    6.3950000000e+01    8.5009749429e+02
    6.3955000000e+01    7.8103331785e+02
    6.3960000000e+01    7.0513568581e+02
    6.3965000000e+01    6.2437144652e+02
    6.3970000000e+01    5.4085099610e+02
    6.3975000000e+01    4.5677283830e+02
    6.3980000000e+01    3.7436532452e+02
    6.3985000000e+01    2.9582715470e+02
    6.3990000000e+01    2.2326826148e+02
    6.3995000000e+01    1.5865269778e+02
    6.4000000000e+01    1.0374510018e+02
    6.4005000000e+01    6.0062210136e+01
    6.4010000000e+01    2.8830802843e+01
    6.4015000000e+01    1.0953204540e+01
    6.4020000000e+01    6.9813762043e+00
    6.4025000000e+01    1.7100311886e+01
    6.4030000000e+01    4.1121248425e+01
    6.4035000000e+01    7.8484917555e+01
    6.4040000000e+01    1.2827479831e+02
    6.4045000000e+01    1.8924005478e+02
    6.4050000000e+01    2.5982757931e+02
    6.4055000000e+01    3.3822231065e+02
    6.4060000000e+01    4.2239476881e+02
    6.4065000000e+01    5.1015454776e+02
    6.4070000000e+01    5.9920834097e+02
    6.4075000000e+01    6.8722094655e+02
    6.4080000000e+01    7.7187761266e+02
    6.4085000000e+01    8.5094604217e+02
    6.4090000000e+01    9.2233637936e+02
    6.4095000000e+01    9.8415755117e+02
    6.4100000000e+01    1.0347684295e+03
    6.4105000000e+01    1.0728224167e+03
    6.4110000000e+01    1.0973042320e+03
    6.4115000000e+01    1.1075578824e+03
    6.4120000000e+01    1.1033050404e+03
    6.4125000000e+01    1.0846533068e+03
    6.4130000000e+01    1.0520941115e+03
    6.4135000000e+01    1.0064902828e+03
    6.4140000000e+01    9.4905359816e+02
    6.4145000000e+01    8.8131290037e+02
    6.4150000000e+01    8.0507361985e+02
    6.4155000000e+01    7.2236977837e+02
    6.4160000000e+01    6.3540975600e+02
    6.4165000000e+01    5.4651727393e+02
    6.4170000000e+01    4.5806917858e+02
    6.4175000000e+01    3.7243170226e+02
    6.4180000000e+01    2.9189691953e+02
    6.4185000000e+01    2.1862111684e+02
    6.4190000000e+01    1.5456674373e+02
    6.4195000000e+01    1.0144951993e+02
    6.4200000000e+01    6.0692135475e+01
    6.4205000000e+01    3.3385804793e+01
    6.4210000000e+01    2.0260724472e+01
    6.4215000000e+01    2.1666245053e+01
    6.4220000000e+01    3.7561304737e+01
    6.4225000000e+01    6.7515395550e+01
    6.4230000000e+01    1.1072004721e+02
    6.4235000000e+01    1.6601052860e+02
    6.4240000000e+01    2.3189718917e+02
    6.4245000000e+01    3.0660560012e+02
    6.4250000000e+01    3.8812441564e+02
    6.4255000000e+01    4.7425966294e+02
    6.4260000000e+01    5.6269399452e+02
    6.4265000000e+01    6.5104929885e+02
    6.4270000000e+01    7.3695097303e+02
    6.4275000000e+01    8.1809211395e+02
    6.4280000000e+01    8.9229588461e+02
    6.4285000000e+01    9.5757436018e+02
    6.4290000000e+01    1.0121822526e+03
    6.4295000000e+01    1.0546640501e+03
    6.4300000000e+01    1.0838932859e+03
    6.4305000000e+01    1.0991028639e+03
    6.4310000000e+01    1.0999056111e+03
    6.4315000000e+01    1.0863044934e+03
    6.4320000000e+01    1.0586922117e+03
    6.4325000000e+01    1.0178401852e+03
    6.4330000000e+01    9.6487721878e+02
    6.4335000000e+01    9.0125843419e+02
    6.4340000000e+01    8.2872530876e+02
    6.4345000000e+01    7.4925791309e+02
    6.4350000000e+01    6.6502065061e+02
    6.4355000000e+01    5.7830298265e+02
    6.4360000000e+01    4.9145676098e+02
    6.4365000000e+01    4.0683188444e+02
    6.4370000000e+01    3.2671204404e+02
    6.4375000000e+01    2.5325232015e+02
    6.4380000000e+01    1.8842034654e+02
    6.4385000000e+01    1.3394265974e+02
    6.4390000000e+01    9.1257711409e+01
    6.4395000000e+01    6.1476839650e+01
    6.4400000000e+01    4.5354277624e+01
    6.4405000000e+01    4.3267029804e+01
    6.4410000000e+01    5.5205175204e+01
    6.4415000000e+01    8.0772869621e+01
    6.4420000000e+01    1.1920002364e+02
    6.4425000000e+01    1.6936433777e+02
    6.4430000000e+01    2.2982308887e+02
    6.4435000000e+01    2.9885379068e+02
    6.4440000000e+01    3.7450260362e+02
    6.4445000000e+01    4.5463915189e+02
    6.4450000000e+01    5.3701622502e+02
    6.4455000000e+01    6.1933270222e+02
    6.4460000000e+01    6.9929794439e+02
    6.4465000000e+01    7.7469585378e+02
    6.4470000000e+01    8.4344680633e+02
    6.4475000000e+01    9.0366571629e+02
    6.4480000000e+01    9.5371459657e+02
    6.4485000000e+01    9.9224812763e+02
    6.4490000000e+01    1.0182509391e+03
    6.4495000000e+01    1.0310655371e+03
    6.4500000000e+01    1.0304100698e+03
    6.4505000000e+01    1.0163854057e+03
    6.4510000000e+01    9.8947130122e+02
    6.4515000000e+01    9.5051173772e+02
    6.4520000000e+01    9.0068981739e+02
    6.4525000000e+01    8.4149290443e+02
    6.4530000000e+01    7.7466897754e+02
    6.4535000000e+01    7.0217541510e+02
    6.4540000000e+01    6.2612165694e+02
    6.4545000000e+01    5.4870736979e+02
    6.4550000000e+01    4.7215788321e+02
    6.4555000000e+01    3.9865875297e+02
    6.4560000000e+01    3.3029134883e+02
    6.4565000000e+01    2.6897134966e+02
    6.4570000000e+01    2.1639196263e+02
    6.4575000000e+01    1.7397356499e+02
    6.4580000000e+01    1.4282130007e+02
    6.4585000000e+01    1.2369194756e+02
    6.4590000000e+01    1.1697113740e+02
    6.4595000000e+01    1.2266169323e+02
    6.4600000000e+01    1.4038358241e+02
    6.4605000000e+01    1.6938562443e+02
    6.4610000000e+01    2.0856877536e+02
    6.4615000000e+01    2.5652047339e+02
    6.4620000000e+01    3.1155920764e+02
    6.4625000000e+01    3.7178816877e+02
    6.4630000000e+01    4.3515656374e+02
    6.4635000000e+01    4.9952693659e+02
    6.4640000000e+01    5.6274663900e+02
    6.4645000000e+01    6.2272144465e+02
    6.4650000000e+01    6.7748920520e+02
    6.4655000000e+01    7.2529140535e+02
    6.4660000000e+01    7.6464049304e+02
    6.4665000000e+01    7.9438093750e+02
    6.4670000000e+01    8.1374210202e+02
    6.4675000000e+01    8.2238120701e+02
    6.4680000000e+01    8.2041489759e+02
    6.4685000000e+01    8.0843821290e+02
    6.4690000000e+01    7.8753007524e+02
    6.4695000000e+01    7.5924476684e+02
    6.4700000000e+01    7.2558923258e+02
    6.4705000000e+01    6.8898642841e+02
    6.4710000000e+01    6.5222531742e+02
    6.4715000000e+01    6.1839848870e+02
    6.4720000000e+01    5.9082872778e+02
    6.4725000000e+01    5.7298619297e+02
    6.4730000000e+01    5.6839813879e+02
    6.4735000000e+01    5.8055336925e+02
    6.4740000000e+01    6.1280379258e+02
    6.4745000000e+01    6.6826557855e+02
    6.4750000000e+01    7.4972248697e+02
    6.4755000000e+01    8.5953393789e+02
    6.4760000000e+01    9.9955032886e+02
    6.4765000000e+01    1.1710379747e+03
    6.4770000000e+01    1.3746158515e+03
    6.4775000000e+01    1.6102060726e+03
    6.4780000000e+01    1.8769997207e+03
    6.4785000000e+01    2.1734393034e+03
    6.4790000000e+01    2.4972187124e+03
    6.4795000000e+01    2.8453011447e+03
    6.4800000000e+01    3.2139550072e+03
    6.4805000000e+01    3.5988073811e+03
    6.4810000000e+01    3.9949141793e+03
    6.4815000000e+01    4.3968457064e+03
    6.4820000000e+01    4.7987859252e+03
    6.4825000000e+01    5.1946433748e+03
    6.4830000000e+01    5.5781713596e+03
    6.4835000000e+01    5.9430947701e+03
    6.4840000000e+01    6.2832406877e+03
    6.4845000000e+01    6.5926697934e+03
    6.4850000000e+01    6.8658055335e+03
    6.4855000000e+01    7.0975580041e+03
    6.4860000000e+01    7.2834395999e+03
    6.4865000000e+01    7.4196696294e+03
    6.4870000000e+01    7.5032653213e+03
    6.4875000000e+01    7.5321169414e+03
    6.4880000000e+01    7.5050450843e+03
    6.4885000000e+01    7.4218386041e+03
    6.4890000000e+01    7.2832720901e+03
    6.4895000000e+01    7.0911022586e+03
    6.4900000000e+01    6.8480431267e+03
    6.4905000000e+01    6.5577203238e+03
    6.4910000000e+01    6.2246053952e+03
    6.4915000000e+01    5.8539314185e+03
    6.4920000000e+01    5.4515917078e+03
    6.4925000000e+01    5.0240237796e+03
    6.4930000000e+01    4.5780811175e+03
    6.4935000000e+01    4.1208955666e+03
    6.4940000000e+01    3.6597334222e+03
    6.4945000000e+01    3.2018484379e+03
    6.4950000000e+01    2.7543350612e+03
    6.4955000000e+01    2.3239852098e+03
    6.4960000000e+01    1.9171518291e+03
    6.4965000000e+01    1.5396223180e+03
    6.4970000000e+01    1.1965046876e+03
    6.4975000000e+01    8.9212902155e+02
    6.4980000000e+01    6.2996645133e+02
    6.4985000000e+01    4.1256745161e+02
    6.4990000000e+01    2.4152080755e+02
    6.4995000000e+01    1.1743412172e+02
    6.5000000000e+01    3.9936222384e+01
    6.5005000000e+01    7.7013206701e+00
    6.5010000000e+01    1.8494254164e+01
    6.5015000000e+01    6.9235660460e+01
    6.5020000000e+01    1.5608545866e+02
    6.5025000000e+01    2.7454259085e+02
    6.5030000000e+01    4.1955859973e+02
    6.5035000000e+01    5.8566230128e+02
    6.5040000000e+01    7.6709256147e+02
    6.5045000000e+01    9.5793600797e+02
    6.5050000000e+01    1.1522664074e+03
    6.5055000000e+01    1.3442824165e+03
    6.5060000000e+01    1.5284404746e+03
    6.5065000000e+01    1.6995797392e+03
    6.5070000000e+01    1.8530361775e+03
    6.5075000000e+01    1.9847432061e+03
    6.5080000000e+01    2.0913166122e+03
    6.5085000000e+01    2.1701218838e+03
    6.5090000000e+01    2.2193225153e+03
    6.5095000000e+01    2.2379083261e+03
    6.5100000000e+01    2.2257033203e+03
    6.5105000000e+01    2.1833531185e+03
    6.5110000000e+01    2.1122924873e+03
    6.5115000000e+01    2.0146939766e+03
    6.5120000000e+01    1.8933991246e+03
    6.5125000000e+01    1.7518341094e+03
    6.5130000000e+01    1.5939120907e+03
    6.5135000000e+01    1.4239247924e+03
    6.5140000000e+01    1.2464261245e+03
    6.5145000000e+01    1.0661108124e+03
    6.5150000000e+01    8.8769110101e+02
    6.5155000000e+01    7.1577462547e+02
    6.5160000000e+01    5.5474648182e+02
    6.5165000000e+01    4.0865840335e+02
    6.5170000000e+01    2.8112774628e+02
    6.5175000000e+01    1.7524872122e+02
    6.5180000000e+01    9.3517980437e+01
    6.5185000000e+01    3.7776294381e+01
    6.5190000000e+01    9.1676332240e+00
    6.5195000000e+01    8.1165216622e+00
    6.5200000000e+01    3.4324068768e+01
    6.5205000000e+01    8.6782601507e+01
    6.5210000000e+01    1.6380836221e+02
    6.5215000000e+01    2.6309127880e+02
    6.5220000000e+01    3.8176039302e+02
    6.5225000000e+01    5.1646314689e+02
    6.5230000000e+01    6.6345639031e+02
    6.5235000000e+01    8.1870669223e+02
    6.5240000000e+01    9.7799731919e+02
    6.5245000000e+01    1.1370390956e+03
    6.5250000000e+01    1.2915822814e+03
    6.5255000000e+01    1.4375265969e+03
    6.5260000000e+01    1.5710265930e+03
    6.5265000000e+01    1.6885897009e+03
    6.5270000000e+01    1.7871645025e+03
    6.5275000000e+01    1.8642170260e+03
    6.5280000000e+01    1.9177931921e+03
    6.5285000000e+01    1.9465659027e+03
    6.5290000000e+01    1.9498656635e+03
    6.5295000000e+01    1.9276940596e+03
    6.5300000000e+01    1.8807198483e+03
    6.5305000000e+01    1.8102578728e+03
    6.5310000000e+01    1.7182314441e+03
    6.5315000000e+01    1.6071192534e+03
    6.5320000000e+01    1.4798882669e+03
    6.5325000000e+01    1.3399144048e+03
    6.5330000000e+01    1.1908931094e+03
    6.5335000000e+01    1.0367421507e+03
    6.5340000000e+01    8.8149920645e+02
    6.5345000000e+01    7.2921687056e+02
    6.5350000000e+01    5.8385779561e+02
    6.5355000000e+01    4.4919265788e+02
    6.5360000000e+01    3.2870354532e+02
    6.5365000000e+01    2.2549521712e+02
    6.5370000000e+01    1.4221646924e+02
    6.5375000000e+01    8.0993570375e+01
    6.5380000000e+01    4.3377413995e+01
    6.5385000000e+01    3.0305673470e+01
    6.5390000000e+01    4.2080857410e+01
    6.5395000000e+01    7.8364751802e+01
    6.5400000000e+01    1.3818931480e+02
    6.5405000000e+01    2.1998366980e+02
    6.5410000000e+01    3.2161643345e+02
    6.5415000000e+01    4.4045222814e+02
    6.5420000000e+01    5.7342087220e+02
    6.5425000000e+01    7.1709742594e+02
    6.5430000000e+01    8.6779100358e+02
    6.5435000000e+01    1.0216400485e+03
    6.5440000000e+01    1.1747116162e+03
    6.5445000000e+01    1.3231021189e+03
    6.5450000000e+01    1.4630369625e+03
    6.5455000000e+01    1.5909665456e+03
    6.5460000000e+01    1.7036561972e+03
    6.5465000000e+01    1.7982677943e+03
    6.5470000000e+01    1.8724310250e+03
    6.5475000000e+01    1.9243025330e+03
    6.5480000000e+01    1.9526114985e+03
    6.5485000000e+01    1.9566905595e+03
    6.5490000000e+01    1.9364913559e+03
    6.5495000000e+01    1.8925843714e+03
    6.5500000000e+01    1.8261431455e+03
    6.5505000000e+01    1.7389133266e+03
    6.5510000000e+01    1.6331674124e+03
    6.5515000000e+01    1.5116463852e+03
    6.5520000000e+01    1.3774897713e+03
    6.5525000000e+01    1.2341559361e+03
    6.5530000000e+01    1.0853346656e+03
    6.5535000000e+01    9.3485426292e+02
    6.5540000000e+01    7.8658551702e+02
    6.5545000000e+01    6.4434496261e+02
    6.5550000000e+01    5.1179985513e+02
    6.5555000000e+01    3.9237722516e+02
    6.5560000000e+01    2.8917926006e+02
    6.5565000000e+01    2.0490708728e+02
    6.5570000000e+01    1.4179480971e+02
    6.5575000000e+01    1.0155537469e+02
    6.5580000000e+01    8.5339551464e+01
    6.5585000000e+01    9.3708956113e+01
    6.5590000000e+01    1.2662370552e+02
    6.5595000000e+01    1.8344491382e+02
    6.5600000000e+01    2.6295187377e+02
    6.5605000000e+01    3.6337340226e+02
    6.5610000000e+01    4.8243248199e+02
    6.5615000000e+01    6.1740300966e+02
    6.5620000000e+01    7.6517717176e+02
    6.5625000000e+01    9.2234172048e+02
    6.5630000000e+01    1.0852612189e+03
    6.5635000000e+01    1.2501661725e+03
    6.5640000000e+01    1.4132438647e+03
    6.5645000000e+01    1.5707296729e+03
    6.5650000000e+01    1.7189966537e+03
    6.5655000000e+01    1.8546412544e+03
    6.5660000000e+01    1.9745631328e+03
    6.5665000000e+01    2.0760372332e+03
    6.5670000000e+01    2.1567764864e+03
    6.5675000000e+01    2.2149837512e+03
    6.5680000000e+01    2.2493919019e+03
    6.5685000000e+01    2.2592912715e+03
    6.5690000000e+01    2.2445439859e+03
    6.5695000000e+01    2.2055850529e+03
    6.5700000000e+01    2.1434103967e+03
    6.5705000000e+01    2.0595523506e+03
    6.5710000000e+01    1.9560434138e+03
    6.5715000000e+01    1.8353693585e+03
    6.5720000000e+01    1.7004130088e+03
    6.5725000000e+01    1.5543902215e+03
    6.5730000000e+01    1.4007797541e+03
    6.5735000000e+01    1.2432488235e+03
    6.5740000000e+01    1.0855762196e+03
    6.5745000000e+01    9.3157485922e+02
    6.5750000000e+01    7.8501562635e+02
    6.5755000000e+01    6.4955426963e+02
    6.5760000000e+01    5.2866299925e+02
    6.5765000000e+01    4.2556826189e+02
    6.5770000000e+01    3.4319597186e+02
    6.5775000000e+01    2.8412524662e+02
    6.5780000000e+01    2.5055144350e+02
    6.5785000000e+01    2.4425902734e+02
    6.5790000000e+01    2.6660452377e+02
    6.5795000000e+01    3.1850953847e+02
    6.5800000000e+01    4.0046355546e+02
    6.5805000000e+01    5.1253597464e+02
    6.5810000000e+01    6.5439661836e+02
    6.5815000000e+01    8.2534373237e+02
    6.5820000000e+01    1.0243383363e+03
    6.5825000000e+01    1.2500436441e+03
    6.5830000000e+01    1.5008681814e+03
    6.5835000000e+01    1.7750111734e+03
    6.5840000000e+01    2.0705087697e+03
    6.5845000000e+01    2.3852797030e+03
    6.5850000000e+01    2.7171690535e+03
    6.5855000000e+01    3.0639889031e+03
    6.5860000000e+01    3.4235548068e+03
    6.5865000000e+01    3.7937171860e+03
    6.5870000000e+01    4.1723869469e+03
    6.5875000000e+01    4.5575548416e+03
    6.5880000000e+01    4.9473043195e+03
    6.5885000000e+01    5.3398178464e+03
    6.5890000000e+01    5.7333768985e+03
    6.5895000000e+01    6.1263560557e+03
    6.5900000000e+01    6.5172118232e+03
    6.5905000000e+01    6.9044669889e+03
    6.5910000000e+01    7.2866914780e+03
    6.5915000000e+01    7.6624807855e+03
    6.5920000000e+01    8.0304331535e+03
    6.5925000000e+01    8.3891267048e+03
    6.5930000000e+01    8.7370977513e+03
    6.5935000000e+01    9.0728214650e+03
    6.5940000000e+01    9.3946960217e+03
    6.5945000000e+01    9.7010312236e+03
    6.5950000000e+01    9.9900424607e+03
    6.5955000000e+01    1.0259850697e+04
    6.5960000000e+01    1.0508488976e+04
    6.5965000000e+01    1.0733915706e+04
    6.5970000000e+01    1.0934034794e+04
    6.5975000000e+01    1.1106722401e+04
    6.5980000000e+01    1.1249859932e+04
    6.5985000000e+01    1.1361372575e+04
    6.5990000000e+01    1.1439272548e+04
    6.5995000000e+01    1.1481705998e+04
    6.6000000000e+01    1.1487002326e+04
    6.6005000000e+01    1.1453724606e+04
    6.6010000000e+01    1.1380719646e+04
    6.6015000000e+01    1.1267166217e+04
    6.6020000000e+01    1.1112619920e+04
    6.6025000000e+01    1.0917053243e+04
    6.6030000000e+01    1.0680889392e+04
    6.6035000000e+01    1.0405028631e+04
    6.6040000000e+01    1.0090865988e+04
    6.6045000000e+01    9.7402994108e+03
    6.6050000000e+01    9.3557276480e+03
    6.6055000000e+01    8.9400373988e+03
    6.6060000000e+01    8.4965795293e+03
    6.6065000000e+01    8.0291344404e+03
    6.6070000000e+01    7.5418669493e+03
    6.6075000000e+01    7.0392713301e+03
    6.6080000000e+01    6.5261074288e+03
    6.6085000000e+01    6.0073290190e+03
    6.6090000000e+01    5.4880057924e+03
    6.6095000000e+01    4.9732405750e+03
    6.6100000000e+01    4.4680835170e+03
    6.6105000000e+01    3.9774451224e+03
    6.6110000000e+01    3.5060100585e+03
    6.6115000000e+01    3.0581537040e+03
    6.6120000000e+01    2.6378633765e+03
    6.6125000000e+01    2.2486660970e+03
    6.6130000000e+01    1.8935646349e+03
    6.6135000000e+01    1.5749834020e+03
    6.6140000000e+01    1.2947255589e+03
    6.6145000000e+01    1.0539424468e+03
    6.6150000000e+01    8.5311618418e+02
    6.6155000000e+01    6.9205596067e+02
    6.6160000000e+01    5.6990824713e+02
    6.6165000000e+01    4.8518080879e+02
    6.6170000000e+01    4.3578008240e+02
    6.6175000000e+01    4.1906115672e+02
    6.6180000000e+01    4.3188929037e+02
    6.6185000000e+01    4.7071162006e+02
    6.6190000000e+01    5.3163746128e+02
    6.6195000000e+01    6.1052539031e+02
    6.6200000000e+01    7.0307512638e+02
    6.6205000000e+01    8.0492211015e+02
    6.6210000000e+01    9.1173260276e+02
    6.6215000000e+01    1.0192971118e+03
    6.6220000000e+01    1.1236199848e+03
    6.6225000000e+01    1.2210031005e+03
    6.6230000000e+01    1.3081217265e+03
    6.6235000000e+01    1.3820908010e+03
    6.6240000000e+01    1.4405201250e+03
    6.6245000000e+01    1.4815572241e+03
    6.6250000000e+01    1.5039169342e+03
    6.6255000000e+01    1.5068970926e+03
    6.6260000000e+01    1.4903800552e+03
    6.6265000000e+01    1.4548201039e+03
    6.6270000000e+01    1.4012171574e+03
    6.6275000000e+01    1.3310775305e+03
    6.6280000000e+01    1.2463628047e+03
    6.6285000000e+01    1.1494281611e+03
    6.6290000000e+01    1.0429517828e+03
    6.6295000000e+01    9.2985715069e+02
    6.6300000000e+01    8.1323022101e+02
    6.6305000000e+01    6.9623359851e+02
    6.6310000000e+01    5.8201987917e+02
    6.6315000000e+01    4.7364635073e+02
    6.6320000000e+01    3.7399319393e+02
    6.6325000000e+01    2.8568722925e+02
    6.6330000000e+01    2.1103310433e+02
    6.6335000000e+01    1.5195362012e+02
    6.6340000000e+01    1.0994065348e+02
    6.6345000000e+01    8.6017858029e+01
    6.6350000000e+01    8.0716019207e+01
    6.6355000000e+01    9.4061611991e+01
    6.6360000000e+01    1.2557876976e+02
    6.6365000000e+01    1.7430452770e+02
    6.6370000000e+01    2.3881686371e+02
    6.6375000000e+01    3.1727473273e+02
    6.6380000000e+01    4.0746898445e+02
    6.6385000000e+01    5.0688277780e+02
    6.6390000000e+01    6.1275986603e+02
    6.6395000000e+01    7.2217892815e+02
    6.6400000000e+01    8.3213197278e+02
    6.6405000000e+01    9.3960474192e+02
    6.6410000000e+01    1.0416569972e+03
    6.6415000000e+01    1.1355005812e+03
    6.6420000000e+01    1.2185732114e+03
    6.6425000000e+01    1.2886060813e+03
    6.6430000000e+01    1.3436835110e+03
    6.6435000000e+01    1.3822931021e+03
    6.6440000000e+01    1.4033651021e+03
    6.6445000000e+01    1.4062999732e+03
    6.6450000000e+01    1.3909834651e+03
    6.6455000000e+01    1.3577888270e+03
    6.6460000000e+01    1.3075661261e+03
    6.6465000000e+01    1.2416189805e+03
    6.6470000000e+01    1.1616693442e+03
    6.6475000000e+01    1.0698112908e+03
    6.6480000000e+01    9.6845503491e+02
    6.6485000000e+01    8.6026267794e+02
    6.6490000000e+01    7.4807738629e+02
    6.6495000000e+01    6.3484787494e+02
    6.6500000000e+01    5.2355019337e+02
    6.6505000000e+01    4.1710887775e+02
    6.6510000000e+01    3.1831954777e+02
    6.6515000000e+01    2.2977498657e+02
    6.6520000000e+01    1.5379664824e+02
    6.6525000000e+01    9.2373392830e+01
    6.6530000000e+01    4.7109057373e+01
    6.6535000000e+01    1.9180237413e+01
    6.6540000000e+01    9.3053839506e+00
    6.6545000000e+01    1.7726022222e+01
    6.6550000000e+01    4.4200579076e+01
    6.6555000000e+01    8.8010973579e+01
    6.6560000000e+01    1.4798178928e+02
    6.6565000000e+01    2.2251151534e+02
    6.6570000000e+01    3.0961502605e+02
    6.6575000000e+01    4.0697617248e+02
    6.6580000000e+01    5.1200909389e+02
    6.6585000000e+01    6.2192662711e+02
    6.6590000000e+01    7.3381400549e+02
    6.6595000000e+01    8.4470589953e+02
    6.6600000000e+01    9.5166476392e+02
    6.6605000000e+01    1.0518584212e+03
    6.6610000000e+01    1.1426348324e+03
    6.6615000000e+01    1.2215920796e+03
    6.6620000000e+01    1.2866417114e+03
    6.6625000000e+01    1.3360637775e+03
    6.6630000000e+01    1.3685520989e+03
    6.6635000000e+01    1.3832485745e+03
    6.6640000000e+01    1.3797656207e+03
    6.6645000000e+01    1.3581961464e+03
    6.6650000000e+01    1.3191108023e+03
    6.6655000000e+01    1.2635425741e+03
    6.6660000000e+01    1.1929591294e+03
    6.6665000000e+01    1.1092236468e+03
    6.6670000000e+01    1.0145451671e+03
    6.6675000000e+01    9.1141977852e+02
    6.6680000000e+01    8.0256419607e+02
    6.6685000000e+01    6.9084349598e+02
    6.6690000000e+01    5.7919492140e+02
    6.6695000000e+01    4.7054978293e+02
    6.6700000000e+01    3.6775552851e+02
    6.6705000000e+01    2.7350005475e+02
    6.6710000000e+01    1.9024027417e+02
    6.6715000000e+01    1.2013684146e+02
    6.6720000000e+01    6.4996780223e+01
    6.6725000000e+01    2.6225543184e+01
    6.6730000000e+01    4.7897898551e+00
    6.6735000000e+01    1.1918815070e+00
    6.6740000000e+01    1.5456782677e+01
    6.6745000000e+01    4.7131728566e+01
    6.6750000000e+01    9.5298677765e+01
    6.6755000000e+01    1.5859922855e+02
    6.6760000000e+01    2.3527134367e+02
    6.6765000000e+01    3.2319691192e+02
    6.6770000000e+01    4.1995888319e+02
    6.6775000000e+01    5.2290645517e+02
    6.6780000000e+01    6.2922657119e+02
    6.6785000000e+01    7.3601981584e+02
    6.6790000000e+01    8.4037867250e+02
    6.6795000000e+01    9.3946603889e+02
    6.6800000000e+01    1.0305918842e+03
    6.6805000000e+01    1.1112859755e+03
    6.6810000000e+01    1.1793647005e+03
    6.6815000000e+01    1.2329901679e+03
    6.6820000000e+01    1.2707199660e+03
    6.6825000000e+01    1.2915462097e+03
    6.6830000000e+01    1.2949227863e+03
    6.6835000000e+01    1.2807800288e+03
    6.6840000000e+01    1.2495263776e+03
    6.6845000000e+01    1.2020369447e+03
    6.6850000000e+01    1.1396292463e+03
    6.6855000000e+01    1.0640267192e+03
    6.6860000000e+01    9.7731096935e+02
    6.6865000000e+01    8.8186401226e+02
    6.6870000000e+01    7.8030204300e+02
    6.6875000000e+01    6.7540251211e+02
    6.6880000000e+01    5.7002647688e+02
    6.6885000000e+01    4.6703833843e+02
    6.6890000000e+01    3.6922516090e+02
    6.6895000000e+01    2.7921779600e+02
    6.6900000000e+01    1.9941600435e+02
    6.6905000000e+01    1.3191967399e+02
    6.6910000000e+01    7.8468088263e+01
    6.6915000000e+01    4.0388993667e+01
    6.6920000000e+01    1.8558968413e+01
    6.6925000000e+01    1.3376299578e+01
    6.6930000000e+01    2.4747249509e+01
    6.6935000000e+01    5.2086238013e+01
    6.6940000000e+01    9.4330095268e+01
    6.6945000000e+01    1.4996616107e+02
    6.6950000000e+01    2.1707362867e+02
    6.6955000000e+01    2.9337716623e+02
    6.6960000000e+01    3.7631150542e+02
    6.6965000000e+01    4.6309537405e+02
    6.6970000000e+01    5.5081287676e+02
    6.6975000000e+01    6.3650020166e+02
    6.6980000000e+01    7.1723535816e+02
    6.6985000000e+01    7.9022853726e+02
    6.6990000000e+01    8.5291063319e+02
    6.6995000000e+01    9.0301747762e+02
    6.7000000000e+01    9.3866741368e+02
    6.7005000000e+01    9.5842997662e+02
    6.7010000000e+01    9.6138364786e+02
    6.7015000000e+01    9.4716090421e+02
    6.7020000000e+01    9.1597908929e+02
    6.7025000000e+01    8.6865598163e+02
    6.7030000000e+01    8.0660931517e+02
    6.7035000000e+01    7.3183991395e+02
    6.7040000000e+01    6.4689852254e+02
    6.7045000000e+01    5.5483683825e+02
    6.7050000000e+01    4.5914366759e+02
    6.7055000000e+01    3.6366752893e+02
    6.7060000000e+01    2.7252739408e+02
    6.7065000000e+01    1.9001359499e+02
    6.7070000000e+01    1.2048120794e+02
    6.7075000000e+01    6.8238459595e+01
    6.7080000000e+01    3.7432870358e+01
    6.7085000000e+01    3.1937955027e+01
    6.7090000000e+01    5.5243336696e+01
    6.7095000000e+01    1.1035109404e+02
    6.7100000000e+01    1.9968105582e+02
    6.7105000000e+01    3.2498758079e+02
    6.7110000000e+01    4.8729012043e+02
    6.7115000000e+01    6.8681956040e+02
    6.7120000000e+01    9.2298198277e+02
    6.7125000000e+01    1.1943410908e+03
    6.7130000000e+01    1.4986201032e+03
    6.7135000000e+01    1.8327234648e+03
    6.7140000000e+01    2.1927782446e+03
    6.7145000000e+01    2.5741946150e+03
    6.7150000000e+01    2.9717443402e+03
    6.7155000000e+01    3.3796557487e+03
    6.7160000000e+01    3.7917232548e+03
    6.7165000000e+01    4.2014291154e+03
    6.7170000000e+01    4.6020747895e+03
    6.7175000000e+01    4.9869190024e+03
    6.7180000000e+01    5.3493194266e+03
    6.7185000000e+01    5.6828747604e+03
    6.7190000000e+01    5.9815639472e+03
    6.7195000000e+01    6.2398792997e+03
    6.7200000000e+01    6.4529504076e+03
    6.7205000000e+01    6.6166558860e+03
    6.7210000000e+01    6.7277202778e+03
    6.7215000000e+01    6.7837937426e+03
    6.7220000000e+01    6.7835125451e+03
    6.7225000000e+01    6.7265387811e+03
    6.7230000000e+01    6.6135782520e+03
    6.7235000000e+01    6.4463758924e+03
    6.7240000000e+01    6.2276886725e+03
    6.7245000000e+01    5.9612364151e+03
    6.7250000000e+01    5.6516314798e+03
    6.7255000000e+01    5.3042887607e+03
    6.7260000000e+01    4.9253179024e+03
    6.7265000000e+01    4.5214000602e+03
    6.7270000000e+01    4.0996518956e+03
    6.7275000000e+01    3.6674798016e+03
    6.7280000000e+01    3.2324275895e+03
    6.7285000000e+01    2.8020210273e+03
    6.7290000000e+01    2.3836127033e+03
    6.7295000000e+01    1.9842306884e+03
    6.7300000000e+01    1.6104343908e+03
    6.7305000000e+01    1.2681808357e+03
    6.7310000000e+01    9.6270436938e+02
    6.7315000000e+01    6.9841247792e+02
    6.7320000000e+01    4.7880004591e+02
    6.7325000000e+01    3.0638395298e+02
    6.7330000000e+01    1.8265944088e+02
    6.7335000000e+01    1.0807918135e+02
    6.7340000000e+01    8.2055452179e+01
    6.7345000000e+01    1.0298529696e+02
    6.7350000000e+01    1.6829801524e+02
    6.7355000000e+01    2.7452381678e+02
    6.7360000000e+01    4.1738198916e+02
    6.7365000000e+01    5.9188648223e+02
    6.7370000000e+01    7.9246641770e+02
    6.7375000000e+01    1.0130986958e+03
    6.7380000000e+01    1.2474496017e+03
    6.7385000000e+01    1.4890221191e+03
    6.7390000000e+01    1.7313055381e+03
    6.7395000000e+01    1.9679239108e+03
    6.7400000000e+01    2.1927799453e+03
    6.7405000000e+01    2.4001910585e+03
    6.7410000000e+01    2.5850145018e+03
    6.7415000000e+01    2.7427587478e+03
    6.7420000000e+01    2.8696786635e+03
    6.7425000000e+01    2.9628523838e+03
    6.7430000000e+01    3.0202382442e+03
    6.7435000000e+01    3.0407106045e+03
    6.7440000000e+01    3.0240738982e+03
    6.7445000000e+01    2.9710547578e+03
    6.7450000000e+01    2.8832725784e+03
    6.7455000000e+01    2.7631893904e+03
    6.7460000000e+01    2.6140403886e+03
    6.7465000000e+01    2.4397469126e+03
    6.7470000000e+01    2.2448140734e+03
    6.7475000000e+01    2.0342155689e+03
    6.7480000000e+01    1.8132685113e+03
    6.7485000000e+01    1.5875013081e+03
    6.7490000000e+01    1.3625177787e+03
    6.7495000000e+01    1.1438607529e+03
    6.7500000000e+01    9.3687838752e+02
    6.7505000000e+01    7.4659634655e+02
    6.7510000000e+01    5.7759882867e+02
    6.7515000000e+01    4.3392119324e+02
    6.7520000000e+01    3.1895663955e+02
    6.7525000000e+01    2.3537904201e+02
    6.7530000000e+01    1.8508364446e+02
    6.7535000000e+01    1.6914687985e+02
    6.7540000000e+01    1.8780611778e+02
    6.7545000000e+01    2.4045966311e+02
    6.7550000000e+01    3.2568684611e+02
    6.7555000000e+01    4.4128756866e+02
    6.7560000000e+01    5.8434021496e+02
    6.7565000000e+01    7.5127640803e+02
    6.7570000000e+01    9.3797070599e+02
    6.7575000000e+01    1.1398429934e+03
    6.7580000000e+01    1.3519710401e+03
    6.7585000000e+01    1.5692104803e+03
    6.7590000000e+01    1.7863193098e+03
    6.7595000000e+01    1.9980839186e+03
    6.7600000000e+01    2.1994436623e+03
    6.7605000000e+01    2.3856110358e+03
    6.7610000000e+01    2.5521846423e+03
    6.7615000000e+01    2.6952523416e+03
    6.7620000000e+01    2.8114822177e+03
    6.7625000000e+01    2.8981993116e+03
    6.7630000000e+01    2.9534464166e+03
    6.7635000000e+01    2.9760276244e+03
    6.7640000000e+01    2.9655337245e+03
    6.7645000000e+01    2.9223489931e+03
    6.7650000000e+01    2.8476393478e+03
    6.7655000000e+01    2.7433222782e+03
    6.7660000000e+01    2.6120193847e+03
    6.7665000000e+01    2.4569927561e+03
    6.7670000000e+01    2.2820667769e+03
    6.7675000000e+01    2.0915372836e+03
    6.7680000000e+01    1.8900702586e+03
    6.7685000000e+01    1.6825924745e+03
    6.7690000000e+01    1.4741766617e+03
    6.7695000000e+01    1.2699238739e+03
    6.7700000000e+01    1.0748457629e+03
    6.7705000000e+01    8.9374944887e+02
    6.7710000000e+01    7.3112758537e+02
    6.7715000000e+01    5.9105607468e+02
    6.7720000000e+01    4.7710168683e+02
    6.7725000000e+01    3.9224159048e+02
    6.7730000000e+01    3.3879651227e+02
    6.7735000000e+01    3.1837891687e+02
    6.7740000000e+01    3.3185724874e+02
    6.7745000000e+01    3.7933690704e+02
    6.7750000000e+01    4.6015824643e+02
    6.7755000000e+01    5.7291151772e+02
    6.7760000000e+01    7.1546829095e+02
    6.7765000000e+01    8.8502854937e+02
    6.7770000000e+01    1.0781823123e+03
    6.7775000000e+01    1.2909843454e+03
    6.7780000000e+01    1.5190402546e+03
    6.7785000000e+01    1.7576020392e+03
    6.7790000000e+01    2.0016710066e+03
    6.7795000000e+01    2.2461058217e+03
    6.7800000000e+01    2.4857333934e+03
    6.7805000000e+01    2.7154602692e+03
    6.7810000000e+01    2.9303822376e+03
    6.7815000000e+01    3.1258899059e+03
    6.7820000000e+01    3.2977681395e+03
    6.7825000000e+01    3.4422874023e+03
    6.7830000000e+01    3.5562852322e+03
    6.7835000000e+01    3.6372363069e+03
    6.7840000000e+01    3.6833098029e+03
    6.7845000000e+01    3.6934130168e+03
    6.7850000000e+01    3.6672204949e+03
    6.7855000000e+01    3.6051882038e+03
    6.7860000000e+01    3.5085525566e+03
    6.7865000000e+01    3.3793143899e+03
    6.7870000000e+01    3.2202082553e+03
    6.7875000000e+01    3.0346576400e+03
    6.7880000000e+01    2.8267169672e+03
    6.7885000000e+01    2.6010014342e+03
    6.7890000000e+01    2.3626059358e+03
    6.7895000000e+01    2.1170144737e+03
    6.7900000000e+01    1.8700015882e+03
    6.7905000000e+01    1.6275274467e+03
    6.7910000000e+01    1.3956282998e+03
    6.7915000000e+01    1.1803040625e+03
    6.7920000000e+01    9.8740479927e+02
    6.7925000000e+01    8.2251789207e+02
    6.7930000000e+01    6.9085764611e+02
    6.7935000000e+01    5.9715904668e+02
    6.7940000000e+01    5.4557732291e+02
    6.7945000000e+01    5.3959490129e+02
    6.7950000000e+01    5.8193724772e+02
    6.7955000000e+01    6.7449900251e+02
    6.7960000000e+01    8.1828170984e+02
    6.7965000000e+01    1.0133443330e+03
    6.7970000000e+01    1.2587676306e+03
    6.7975000000e+01    1.5526333457e+03
    6.7980000000e+01    1.8920190315e+03
    6.7985000000e+01    2.2730092008e+03
    6.7990000000e+01    2.6907233456e+03
    6.7995000000e+01    3.1393612169e+03
    6.8000000000e+01    3.6122655995e+03
    6.8005000000e+01    4.1020026379e+03
    6.8010000000e+01    4.6004595883e+03
    6.8015000000e+01    5.0989596699e+03
    6.8020000000e+01    5.5883934780e+03
    6.8025000000e+01    6.0593661921e+03
    6.8030000000e+01    6.5023595692e+03
    6.8035000000e+01    6.9079074592e+03
    6.8040000000e+01    7.2667833083e+03
    6.8045000000e+01    7.5701978418e+03
    6.8050000000e+01    7.8100048323e+03
    6.8055000000e+01    7.9789125758e+03
    6.8060000000e+01    8.0706984153e+03
    6.8065000000e+01    8.0804233784e+03
    6.8070000000e+01    8.0046437410e+03
    6.8075000000e+01    7.8416160909e+03
    6.8080000000e+01    7.5914922675e+03
    6.8085000000e+01    7.2565003857e+03
    6.8090000000e+01    6.8411080357e+03
    6.8095000000e+01    6.3521636912e+03
    6.8100000000e+01    5.7990123544e+03
    6.8105000000e+01    5.1935815397e+03
    6.8110000000e+01    4.5504338427e+03
    6.8115000000e+01    3.8867825659e+03
    6.8120000000e+01    3.2224671854e+03
    6.8125000000e+01    2.5798858375e+03
    6.8130000000e+01    1.9838824874e+03
    6.8135000000e+01    1.4615870109e+03
    6.8140000000e+01    1.0422070666e+03
    6.8145000000e+01    7.5677136052e+02
    6.8150000000e+01    6.3782469437e+02
    6.8155000000e+01    7.1907603462e+02
    6.8160000000e+01    1.0350017297e+03
    6.8165000000e+01    1.6204069224e+03
    6.8170000000e+01    2.5099491374e+03
    6.8175000000e+01    3.7376289529e+03
    6.8180000000e+01    5.3362535724e+03
    6.8185000000e+01    7.3368799749e+03
    6.8190000000e+01    9.7682451257e+03
    6.8195000000e+01    1.2656191447e+04
    6.8200000000e+01    1.6023096365e+04
    6.8205000000e+01    1.9887315246e+04
    6.8210000000e+01    2.4262647398e+04
    6.8215000000e+01    2.9157834998e+04
    6.8220000000e+01    3.4576104879e+04
    6.8225000000e+01    4.0514762923e+04
    6.8230000000e+01    4.6964850527e+04
    6.8235000000e+01    5.3910872051e+04
    6.8240000000e+01    6.1330601492e+04
    6.8245000000e+01    6.9194975694e+04
    6.8250000000e+01    7.7468080366e+04
    6.8255000000e+01    8.6107233927e+04
    6.8260000000e+01    9.5063172791e+04
    6.8265000000e+01    1.0428034021e+05
    6.8270000000e+01    1.1369727913e+05
    6.8275000000e+01    1.2324712775e+05
    6.8280000000e+01    1.3285821488e+05
    6.8285000000e+01    1.4245475004e+05
    6.8290000000e+01    1.5195760187e+05
    6.8295000000e+01    1.6128515628e+05
    6.8300000000e+01    1.7035424441e+05
    6.8305000000e+01    1.7908112861e+05
    6.8310000000e+01    1.8738253348e+05
    6.8315000000e+01    1.9517670764e+05
    6.8320000000e+01    2.0238450083e+05
    6.8325000000e+01    2.0893044028e+05
    6.8330000000e+01    2.1474378956e+05
    6.8335000000e+01    2.1975957309e+05
    6.8340000000e+01    2.2391954920e+05
    6.8345000000e+01    2.2717311531e+05
    6.8350000000e+01    2.2947812917e+05
    6.8355000000e+01    2.3080163107e+05
    6.8360000000e+01    2.3112045341e+05
    6.8365000000e+01    2.3042170498e+05
    6.8370000000e+01    2.2870311980e+05
    6.8375000000e+01    2.2597326164e+05
    6.8380000000e+01    2.2225157809e+05
    6.8385000000e+01    2.1756830010e+05
    6.8390000000e+01    2.1196418553e+05
    6.8395000000e+01    2.0549010785e+05
    6.8400000000e+01    1.9820649365e+05
    6.8405000000e+01    1.9018261537e+05
    6.8410000000e+01    1.8149574803e+05
    6.8415000000e+01    1.7223020133e+05
    6.8420000000e+01    1.6247624080e+05
    6.8425000000e+01    1.5232891359e+05
    6.8430000000e+01    1.4188679653e+05
    6.8435000000e+01    1.3125068546e+05
    6.8440000000e+01    1.2052224645e+05
    6.8445000000e+01    1.0980264976e+05
    6.8450000000e+01    9.9191208804e+04
    6.8455000000e+01    8.8784045650e+04
    6.8460000000e+01    7.8672805079e+04
    6.8465000000e+01    6.8943438096e+04
    6.8470000000e+01    5.9675075033e+04
    6.8475000000e+01    5.0939006872e+04
    6.8480000000e+01    4.2797791738e+04
    6.8485000000e+01    3.5304501379e+04
    6.8490000000e+01    2.8502120169e+04
    6.8495000000e+01    2.2423106489e+04
    6.8500000000e+01    1.7089123606e+04
    6.8505000000e+01    1.2510944182e+04
    6.8510000000e+01    8.6885294967e+03
    6.8515000000e+01    5.6112814057e+03
    6.8520000000e+01    3.2584619695e+03
    6.8525000000e+01    1.5997727162e+03
    6.8530000000e+01    5.9608264292e+02
    6.8535000000e+01    2.0029140939e+02
    6.8540000000e+01    3.5831175620e+02
    6.8545000000e+01    1.0101530599e+03
    6.8550000000e+01    2.0910861445e+03
    6.8555000000e+01    3.5328680477e+03
    6.8560000000e+01    5.2650044163e+03
    6.8565000000e+01    7.2160266033e+03
    6.8570000000e+01    9.3147603654e+03
    6.8575000000e+01    1.1491563330e+04
    6.8580000000e+01    1.3679509095e+04
    6.8585000000e+01    1.5815496963e+04
    6.8590000000e+01    1.7841267797e+04
    6.8595000000e+01    1.9704308434e+04
    6.8600000000e+01    2.1358629256e+04
    6.8605000000e+01    2.2765402094e+04
    6.8610000000e+01    2.3893448362e+04
    6.8615000000e+01    2.4719570286e+04
    6.8620000000e+01    2.5228721172e+04
    6.8625000000e+01    2.5414013785e+04
    6.8630000000e+01    2.5276569095e+04
    6.8635000000e+01    2.4825210710e+04
    6.8640000000e+01    2.4076013320e+04
    6.8645000000e+01    2.3051716251e+04
    6.8650000000e+01    2.1781015828e+04
    6.8655000000e+01    2.0297752491e+04
    6.8660000000e+01    1.8640010578e+04
    6.8665000000e+01    1.6849150283e+04
    6.8670000000e+01    1.4968792449e+04
    6.8675000000e+01    1.3043777629e+04
    6.8680000000e+01    1.1119121185e+04
    6.8685000000e+01    9.2389860347e+03
    6.8690000000e+01    7.4456941196e+03
    6.8695000000e+01    5.7787966666e+03
    6.8700000000e+01    4.2742219184e+03
    6.8705000000e+01    2.9635172333e+03
    6.8710000000e+01    1.8732003436e+03
    6.8715000000e+01    1.0242321535e+03
    6.8720000000e+01    4.3162080772e+02
    6.8725000000e+01    1.0416392212e+02
    6.8730000000e+01    4.4332900063e+01
    6.8735000000e+01    2.4830022455e+02
    6.8740000000e+01    7.0610757766e+02
    6.8745000000e+01    1.4019696621e+03
    6.8750000000e+01    2.3147057443e+03
    6.8755000000e+01    3.4182882650e+03
    6.8760000000e+01    4.6824954276e+03
    6.8765000000e+01    6.0736525270e+03
    6.8770000000e+01    7.5554449651e+03
    6.8775000000e+01    9.0897844551e+03
    6.8780000000e+01    1.0637708870e+04
    6.8785000000e+01    1.2160295568e+04
    6.8790000000e+01    1.3619567832e+04
    6.8795000000e+01    1.4979374312e+04
    6.8800000000e+01    1.6206222027e+04
    6.8805000000e+01    1.7270044585e+04
    6.8810000000e+01    1.8144888749e+04
    6.8815000000e+01    1.8809504331e+04
    6.8820000000e+01    1.9247824559e+04
    6.8825000000e+01    1.9449326475e+04
    6.8830000000e+01    1.9409263621e+04
    6.8835000000e+01    1.9128766050e+04
    6.8840000000e+01    1.8614805642e+04
    6.8845000000e+01    1.7880027679e+04
    6.8850000000e+01    1.6942452555e+04
    6.8855000000e+01    1.5825054378e+04
    6.8860000000e+01    1.4555225925e+04
    6.8865000000e+01    1.3164141905e+04
    6.8870000000e+01    1.1686034763e+04
    6.8875000000e+01    1.0157399171e+04
    6.8880000000e+01    8.6161429737e+03
    6.8885000000e+01    7.1007035416e+03
    6.8890000000e+01    5.6491493030e+03
    6.8895000000e+01    4.2982865979e+03
    6.8900000000e+01    3.0827919280e+03
    6.8905000000e+01    2.0343891859e+03
    6.8910000000e+01    1.1810905209e+03
    6.8915000000e+01    5.4651816791e+02
    6.8920000000e+01    1.4932285548e+02
    6.8925000000e+01    2.7123571338e+00
    6.8930000000e+01    1.1410139006e+02
    6.8935000000e+01    4.8489146075e+02
    6.8940000000e+01    1.1103864501e+03
    6.8945000000e+01    1.9798467872e+03
    6.8950000000e+01    3.0766820406e+03
    6.8955000000e+01    4.3787787248e+03
    6.8960000000e+01    5.8589571360e+03
    6.8965000000e+01    7.4855481706e+03
    6.8970000000e+01    9.2230783853e+03
    6.8975000000e+01    1.1033049109e+04
    6.8980000000e+01    1.2874793244e+04
    6.8985000000e+01    1.4706391564e+04
    6.8990000000e+01    1.6485628860e+04
    6.8995000000e+01    1.8170969223e+04
    6.9000000000e+01    1.9722529159e+04
    6.9005000000e+01    2.1103027024e+04
    6.9010000000e+01    2.2278687591e+04
    6.9015000000e+01    2.3220081259e+04
    6.9020000000e+01    2.3902878614e+04
    6.9025000000e+01    2.4308502621e+04
    6.9030000000e+01    2.4424662735e+04
    6.9035000000e+01    2.4245757503e+04
    6.9040000000e+01    2.3773134910e+04
    6.9045000000e+01    2.3015202570e+04
    6.9050000000e+01    2.1987382969e+04
    6.9055000000e+01    2.0711912156e+04
    6.9060000000e+01    1.9217483597e+04
    6.9065000000e+01    1.7538742161e+04
    6.9070000000e+01    1.5715636450e+04
    6.9075000000e+01    1.3792640783e+04
    6.9080000000e+01    1.1817861035e+04
    6.9085000000e+01    9.8420411914e+03
    6.9090000000e+01    7.9174898229e+03
    6.9095000000e+01    6.0969476731e+03
    6.9100000000e+01    4.4324191254e+03
    6.9105000000e+01    2.9739914824e+03
    6.9110000000e+01    1.7686666701e+03
    6.9115000000e+01    8.5923018971e+02
    6.9120000000e+01    2.8318185748e+02
    6.9125000000e+01    7.1752106391e+01
    6.9130000000e+01    2.4902637071e+02
    6.9135000000e+01    8.3119836978e+02
    6.9140000000e+01    1.8259709664e+03
    6.9145000000e+01    3.2321207419e+03
    6.9150000000e+01    5.0392395444e+03
    6.9155000000e+01    7.2276630834e+03
    6.9160000000e+01    9.7685932169e+03
    6.9165000000e+01    1.2624416970e+04
    6.9170000000e+01    1.5749221599e+04
    6.9175000000e+01    1.9089501258e+04
    6.9180000000e+01    2.2585047052e+04
    6.9185000000e+01    2.6170008644e+04
    6.9190000000e+01    2.9774112056e+04
    6.9195000000e+01    3.3324015049e+04
    6.9200000000e+01    3.6744778492e+04
    6.9205000000e+01    3.9961429479e+04
    6.9210000000e+01    4.2900589724e+04
    6.9215000000e+01    4.5492140954e+04
    6.9220000000e+01    4.7670897703e+04
    6.9225000000e+01    4.9378257070e+04
    6.9230000000e+01    5.0563794747e+04
    6.9235000000e+01    5.1186776807e+04
    6.9240000000e+01    5.1217557572e+04
    6.9245000000e+01    5.0638835144e+04
    6.9250000000e+01    4.9446738006e+04
    6.9255000000e+01    4.7651718426e+04
    6.9260000000e+01    4.5279231090e+04
    6.9265000000e+01    4.2370178618e+04
    6.9270000000e+01    3.8981109056e+04
    6.9275000000e+01    3.5184154335e+04
    6.9280000000e+01    3.1066702686e+04
    6.9285000000e+01    2.6730802271e+04
    6.9290000000e+01    2.2292297636e+04
    6.9295000000e+01    1.7879704973e+04
    6.9300000000e+01    1.3632836524e+04
    6.9305000000e+01    9.7011887347e+03
    6.9310000000e+01    6.2421128075e+03
    6.9315000000e+01    3.4187901747e+03
    6.9320000000e+01    1.3980389206e+03
    6.9325000000e+01    3.4798036235e+02
    6.9330000000e+01    4.3559775404e+02
    6.9335000000e+01    1.8242213698e+03
    6.9340000000e+01    4.6709760139e+03
    6.9345000000e+01    9.1242282631e+03
    6.9350000000e+01    1.5321071450e+04
    6.9355000000e+01    2.3384886520e+04
    6.9360000000e+01    3.3423016449e+04
    6.9365000000e+01    4.5524590884e+04
    6.9370000000e+01    5.9758536067e+04
    6.9375000000e+01    7.6171802992e+04
    6.9380000000e+01    9.4787844058e+04
    6.9385000000e+01    1.1560536539e+05
    6.9390000000e+01    1.3859737840e+05
    6.9395000000e+01    1.6371057019e+05
    6.9400000000e+01    1.9086500822e+05
    6.9405000000e+01    2.1995418992e+05
    6.9410000000e+01    2.5084544332e+05
    6.9415000000e+01    2.8338067987e+05
    6.9420000000e+01    3.1737749552e+05
    6.9425000000e+01    3.5263061134e+05
    6.9430000000e+01    3.8891363998e+05
    6.9435000000e+01    4.2598115957e+05
    6.9440000000e+01    4.6357107211e+05
    6.9445000000e+01    5.0140721933e+05
    6.9450000000e+01    5.3920222479e+05
    6.9455000000e+01    5.7666052791e+05
    6.9460000000e+01    6.1348157233e+05
    6.9465000000e+01    6.4936310855e+05
    6.9470000000e+01    6.8400456882e+05
    6.9475000000e+01    7.1711047096e+05
    6.9480000000e+01    7.4839380674e+05
    6.9485000000e+01    7.7757937049e+05
    6.9490000000e+01    8.0440698402e+05
    6.9495000000e+01    8.2863457462e+05
    6.9500000000e+01    8.5004106517e+05
    6.9505000000e+01    8.6842903699e+05
    6.9510000000e+01    8.8362712934e+05
    6.9515000000e+01    8.9549214238e+05
    6.9520000000e+01    9.0391081465e+05
    6.9525000000e+01    9.0880124979e+05
    6.9530000000e+01    9.1011397241e+05
    6.9535000000e+01    9.0783259735e+05
    6.9540000000e+01    9.0197410220e+05
    6.9545000000e+01    8.9258869787e+05
    6.9550000000e+01    8.7975929773e+05
    6.9555000000e+01    8.6360059102e+05
    6.9560000000e+01    8.4425773168e+05
    6.9565000000e+01    8.2190465920e+05
    6.9570000000e+01    7.9674207274e+05
    6.9575000000e+01    7.6899508483e+05
    6.9580000000e+01    7.3891058534e+05
    6.9585000000e+01    7.0675435013e+05
    6.9590000000e+01    6.7280793279e+05
    6.9595000000e+01    6.3736538033e+05
    6.9600000000e+01    6.0072981662e+05
    6.9605000000e+01    5.6320993868e+05
    6.9610000000e+01    5.2511647259e+05
    6.9615000000e+01    4.8675863592e+05
    6.9620000000e+01    4.4844065366e+05
    6.9625000000e+01    4.1045837355e+05
    6.9630000000e+01    3.7309602566e+05
    6.9635000000e+01    3.3662316829e+05
    6.9640000000e+01    3.0129186027e+05
    6.9645000000e+01    2.6733409564e+05
    6.9650000000e+01    2.3495953357e+05
    6.9655000000e+01    2.0435355144e+05
    6.9660000000e+01    1.7567564463e+05
    6.9665000000e+01    1.4905819147e+05
    6.9670000000e+01    1.2460559620e+05
    6.9675000000e+01    1.0239381757e+05
    6.9680000000e+01    8.2470284854e+04
    6.9685000000e+01    6.4854197554e+04
    6.9690000000e+01    4.9537199345e+04
    6.9695000000e+01    3.6484411508e+04
    6.9700000000e+01    2.5635805835e+04
    6.9705000000e+01    1.6907892137e+04
    6.9710000000e+01    1.0195691039e+04
    6.9715000000e+01    5.3749586847e+03
    6.9720000000e+01    2.3046265532e+03
    6.9725000000e+01    8.2941665263e+02
    6.9730000000e+01    7.8259011154e+02
    6.9735000000e+01    1.9887855908e+03
    6.9740000000e+01    4.2669030319e+03
    6.9745000000e+01    7.4329880629e+03
    6.9750000000e+01    1.1303072899e+04
    6.9755000000e+01    1.5695930786e+04
    6.9760000000e+01    2.0435702942e+04
    6.9765000000e+01    2.5354359482e+04
    6.9770000000e+01    3.0293958993e+04
    6.9775000000e+01    3.5108675099e+04
    6.9780000000e+01    3.9666562608e+04
    6.9785000000e+01    4.3851040400e+04
    6.9790000000e+01    4.7562073229e+04
    6.9795000000e+01    5.0717039820e+04
    6.9800000000e+01    5.3251280042e+04
    6.9805000000e+01    5.5118319412e+04
    6.9810000000e+01    5.6289774661e+04
    6.9815000000e+01    5.6754949428e+04
    6.9820000000e+01    5.6520134328e+04
    6.9825000000e+01    5.5607630466e+04
    6.9830000000e+01    5.4054520015e+04
    6.9835000000e+01    5.1911211469e+04
    6.9840000000e+01    4.9239790745e+04
    6.9845000000e+01    4.6112212223e+04
    6.9850000000e+01    4.2608366166e+04
    6.9855000000e+01    3.8814060563e+04
    6.9860000000e+01    3.4818956438e+04
    6.9865000000e+01    3.0714495871e+04
    6.9870000000e+01    2.6591861542e+04
    6.9875000000e+01    2.2540005404e+04
    6.9880000000e+01    1.8643782278e+04
    6.9885000000e+01    1.4982221657e+04
    6.9890000000e+01    1.1626967931e+04
    6.9895000000e+01    8.6409156354e+03
    6.9900000000e+01    6.0770622507e+03
    6.9905000000e+01    3.9775966201e+03
    6.9910000000e+01    2.3732362773e+03
    6.9915000000e+01    1.2828220153e+03
    6.9920000000e+01    7.1317292336e+02
    6.9925000000e+01    6.5920001236e+02
    6.9930000000e+01    1.1042715081e+03
    6.9935000000e+01    2.0208180303e+03
    6.9940000000e+01    3.3711612736e+03
    6.9945000000e+01    5.1085455617e+03
    6.9950000000e+01    7.1783478271e+03
    6.9955000000e+01    9.5194382635e+03
    6.9960000000e+01    1.2065661153e+04
    6.9965000000e+01    1.4747403247e+04
    6.9970000000e+01    1.7493215628e+04
    6.9975000000e+01    2.0231454178e+04
    6.9980000000e+01    2.2891903738e+04
    6.9985000000e+01    2.5407351640e+04
    6.9990000000e+01    2.7715077614e+04
    6.9995000000e+01    2.9758229052e+04
    7.0000000000e+01    3.1487053178e+04
    7.0005000000e+01    3.2859960859e+04
    7.0010000000e+01    3.3844400438e+04
    7.0015000000e+01    3.4417524046e+04
    7.0020000000e+01    3.4566633327e+04
    7.0025000000e+01    3.4289396153e+04
    7.0030000000e+01    3.3593830813e+04
    7.0035000000e+01    3.2498059049e+04
    7.0040000000e+01    3.1029834212e+04
    7.0045000000e+01    2.9225855562e+04
    7.0050000000e+01    2.7130884258e+04
    7.0055000000e+01    2.4796680775e+04
    7.0060000000e+01    2.2280787283e+04
    7.0065000000e+01    1.9645181813e+04
    7.0070000000e+01    1.6954833774e+04
    7.0075000000e+01    1.4276192528e+04
    7.0080000000e+01    1.1675642173e+04
    7.0085000000e+01    9.2179564806e+03
    7.0090000000e+01    6.9647879882e+03
    7.0095000000e+01    4.9732245934e+03
    7.0100000000e+01    3.2944456574e+03
    7.0105000000e+01    1.9725075780e+03
    7.0110000000e+01    1.0432861299e+03
    7.0115000000e+01    5.3359960937e+02
    7.0120000000e+01    4.6053303726e+02
    7.0125000000e+01    8.3097944730e+02
    7.0130000000e+01    1.6414096949e+03
    7.0135000000e+01    2.8778773619e+03
    7.0140000000e+01    4.5162603022e+03
    7.0145000000e+01    6.5227352785e+03
    7.0150000000e+01    8.8544770795e+03
    7.0155000000e+01    1.1460568596e+04
    7.0160000000e+01    1.4283103664e+04
    7.0165000000e+01    1.7258460164e+04
    7.0170000000e+01    2.0318716982e+04
    7.0175000000e+01    2.3393185072e+04
    7.0180000000e+01    2.6410020106e+04
    7.0185000000e+01    2.9297882068e+04
    7.0190000000e+01    3.1987605795e+04
    7.0195000000e+01    3.4413845754e+04
    7.0200000000e+01    3.6516658516e+04
    7.0205000000e+01    3.8242987233e+04
    7.0210000000e+01    3.9548014079e+04
    7.0215000000e+01    4.0396348990e+04
    7.0220000000e+01    4.0763026114e+04
    7.0225000000e+01    4.0634283084e+04
    7.0230000000e+01    4.0008102506e+04
    7.0235000000e+01    3.8894499820e+04
    7.0240000000e+01    3.7315546848e+04
    7.0245000000e+01    3.5305125808e+04
    7.0250000000e+01    3.2908414205e+04
    7.0255000000e+01    3.0181106734e+04
    7.0260000000e+01    2.7188386005e+04
    7.0265000000e+01    2.4003659425e+04
    7.0270000000e+01    2.0707084813e+04
    7.0275000000e+01    1.7383912188e+04
    7.0280000000e+01    1.4122673590e+04
    7.0285000000e+01    1.1013256539e+04
    7.0290000000e+01    8.1448999456e+03
    7.0295000000e+01    5.6041536385e+03
    7.0300000000e+01    3.4728443240e+03
    7.0305000000e+01    1.8260915438e+03
    7.0310000000e+01    7.3041711550e+02
    7.0315000000e+01    2.4199056873e+02
    7.0320000000e+01    4.0505125028e+02
    7.0325000000e+01    1.2505450856e+03
    7.0330000000e+01    2.7950104909e+03
    7.0335000000e+01    5.0397436847e+03
    7.0340000000e+01    7.9702687276e+03
    7.0345000000e+01    1.1556132098e+04
    7.0350000000e+01    1.5751035606e+04
    7.0355000000e+01    2.0493315042e+04
    7.0360000000e+01    2.5706765301e+04
    7.0365000000e+01    3.1301805897e+04
    7.0370000000e+01    3.7176973978e+04
    7.0375000000e+01    4.3220725208e+04
    7.0380000000e+01    4.9313516446e+04
    7.0385000000e+01    5.5330138032e+04
    7.0390000000e+01    6.1142257884e+04
    7.0395000000e+01    6.6621134619e+04
    7.0400000000e+01    7.1640452612e+04
    7.0405000000e+01    7.6079228391e+04
    7.0410000000e+01    7.9824735175e+04
    7.0415000000e+01    8.2775390659e+04
    7.0420000000e+01    8.4843552443e+04
    7.0425000000e+01    8.5958165830e+04
    7.0430000000e+01    8.6067210030e+04
    7.0435000000e+01    8.5139891130e+04
    7.0440000000e+01    8.3168533528e+04
    7.0445000000e+01    8.0170125768e+04
    7.0450000000e+01    7.6187481817e+04
    7.0455000000e+01    7.1289984744e+04
    7.0460000000e+01    6.5573886375e+04
    7.0465000000e+01    5.9162143649e+04
    7.0470000000e+01    5.2203780080e+04
    7.0475000000e+01    4.4872768703e+04
    7.0480000000e+01    3.7366441063e+04
    7.0485000000e+01    2.9903435056e+04
    7.0490000000e+01    2.2721202553e+04
    7.0495000000e+01    1.6073105711e+04
    7.0500000000e+01    1.0225138351e+04
    7.0505000000e+01    5.4523159076e+03
    7.0510000000e+01    2.0347837908e+03
    7.0515000000e+01    2.5369971040e+02
    7.0520000000e+01    3.8695029661e+02
    7.0525000000e+01    2.7047662170e+03
    7.0530000000e+01    7.4653028312e+03
    7.0535000000e+01    1.4910255193e+04
    7.0540000000e+01    2.5260576857e+04
    7.0545000000e+01    3.8712371466e+04
    7.0550000000e+01    5.5433024474e+04
    7.0555000000e+01    7.5557639616e+04
    7.0560000000e+01    9.9185840939e+04
    7.0565000000e+01    1.2637899633e+05
    7.0570000000e+01    1.5715791275e+05
    7.0575000000e+01    1.9150104663e+05
    7.0580000000e+01    2.2934326561e+05
    7.0585000000e+01    2.7057518967e+05
    7.0590000000e+01    3.1504313118e+05
    7.0595000000e+01    3.6254964441e+05
    7.0600000000e+01    4.1285468605e+05
    7.0605000000e+01    4.6567737892e+05
    7.0610000000e+01    5.2069836182e+05
    7.0615000000e+01    5.7756269979e+05
    7.0620000000e+01    6.3588332016e+05
    7.0625000000e+01    6.9524493188e+05
    7.0630000000e+01    7.5520837797e+05
    7.0635000000e+01    8.1531536451e+05
    7.0640000000e+01    8.7509350336e+05
    7.0645000000e+01    9.3406160108e+05
    7.0650000000e+01    9.9173512267e+05
    7.0655000000e+01    1.0476317558e+06
    7.0660000000e+01    1.1012769997e+06
    7.0665000000e+01    1.1522097016e+06
    7.0670000000e+01    1.1999874660e+06
    7.0675000000e+01    1.2441918615e+06
    7.0680000000e+01    1.2844333545e+06
    7.0685000000e+01    1.3203559023e+06
    7.0690000000e+01    1.3516411431e+06
    7.0695000000e+01    1.3780121268e+06
    7.0700000000e+01    1.3992365360e+06
    7.0705000000e+01    1.4151293551e+06
    7.0710000000e+01    1.4255549533e+06
    7.0715000000e+01    1.4304285546e+06
    7.0720000000e+01    1.4297170777e+06
    7.0725000000e+01    1.4234393386e+06
    7.0730000000e+01    1.4116656148e+06
    7.0735000000e+01    1.3945165819e+06
    7.0740000000e+01    1.3721616409e+06
    7.0745000000e+01    1.3448166631e+06
    7.0750000000e+01    1.3127411867e+06
    7.0755000000e+01    1.2762351079e+06
    7.0760000000e+01    1.2356349154e+06
    7.0765000000e+01    1.1913095222e+06
    7.0770000000e+01    1.1436557553e+06
    7.0775000000e+01    1.0930935658e+06
    7.0780000000e+01    1.0400610279e+06
    7.0785000000e+01    9.8500919473e+05
    7.0790000000e+01    9.2839688049e+05
    7.0795000000e+01    8.7068544065e+05
    7.0800000000e+01    8.1233361763e+05
    7.0805000000e+01    7.5379251993e+05
    7.0810000000e+01    6.9550079844e+05
    7.0815000000e+01    6.3788008048e+05
    7.0820000000e+01    5.8133071703e+05
    7.0825000000e+01    5.2622789363e+05
    7.0830000000e+01    4.7291814909e+05
    7.0835000000e+01    4.2171633979e+05
    7.0840000000e+01    3.7290308029e+05
    7.0845000000e+01    3.2672268372e+05
    7.0850000000e+01    2.8338161767e+05
    7.0855000000e+01    2.4304748418e+05
    7.0860000000e+01    2.0584852411e+05
    7.0865000000e+01    1.7187363963e+05
    7.0870000000e+01    1.4117292047e+05
    7.0875000000e+01    1.1375865346e+05
    7.0880000000e+01    8.9606788043e+04
    7.0885000000e+01    6.8658824780e+04
    7.0890000000e+01    5.0824088631e+04
    7.0895000000e+01    3.5982344117e+04
    7.0900000000e+01    2.3986705765e+04
    7.0905000000e+01    1.4666794134e+04
    7.0910000000e+01    7.8320854622e+03
    7.0915000000e+01    3.2754016168e+03
    7.0920000000e+01    7.7648637376e+02
    7.0925000000e+01    1.0561434035e+02
    7.0930000000e+01    1.0271798314e+03
    7.0935000000e+01    3.3032148169e+03
    7.0940000000e+01    6.6967875708e+03
    7.0945000000e+01    1.0975236832e+04
    7.0950000000e+01    1.5913200073e+04
    7.0955000000e+01    2.1295398784e+04
    7.0960000000e+01    2.6919148447e+04
    7.0965000000e+01    3.2596566019e+04
    7.0970000000e+01    3.8156453144e+04
    7.0975000000e+01    4.3445838939e+04
    7.0980000000e+01    4.8331171899e+04
    7.0985000000e+01    5.2699156187e+04
    7.0990000000e+01    5.6457233212e+04
    7.0995000000e+01    5.9533714877e+04
    7.1000000000e+01    6.1877580093e+04
    7.1005000000e+01    6.3457951073e+04
    7.1010000000e+01    6.4263270411e+04
    7.1015000000e+01    6.4300204035e+04
    7.1020000000e+01    6.3592298639e+04
    7.1025000000e+01    6.2178425214e+04
    7.1030000000e+01    6.0111042715e+04
    7.1035000000e+01    5.7454317677e+04
    7.1040000000e+01    5.4282136791e+04
    7.1045000000e+01    5.0676049967e+04
    7.1050000000e+01    4.6723181362e+04
    7.1055000000e+01    4.2514145135e+04
    7.1060000000e+01    3.8141001426e+04
    7.1065000000e+01    3.3695286242e+04
    7.1070000000e+01    2.9266146586e+04
    7.1075000000e+01    2.4938609392e+04
    7.1080000000e+01    2.0792009629e+04
    7.1085000000e+01    1.6898599408e+04
    7.1090000000e+01    1.3322356114e+04
    7.1095000000e+01    1.0118003577e+04
    7.1100000000e+01    7.3302561491e+03
    7.1105000000e+01    4.9932913342e+03
    7.1110000000e+01    3.1304524130e+03
    7.1115000000e+01    1.7541783961e+03
    7.1120000000e+01    8.6615464391e+02
    7.1125000000e+01    4.5767373484e+02
    7.1130000000e+01    5.1019266695e+02
    7.1135000000e+01    9.9606931016e+02
    7.1140000000e+01    1.8794582299e+03
    7.1145000000e+01    3.1173436236e+03
    7.1150000000e+01    4.6606851798e+03
    7.1155000000e+01    6.4556512093e+03
    7.1160000000e+01    8.4449124337e+03
    7.1165000000e+01    1.0568969343e+04
    7.1170000000e+01    1.2767486072e+04
    7.1175000000e+01    1.4980604249e+04
    7.1180000000e+01    1.7150211293e+04
    7.1185000000e+01    1.9221139043e+04
    7.1190000000e+01    2.1142270485e+04
    7.1195000000e+01    2.2867534561e+04
    7.1200000000e+01    2.4356771630e+04
    7.1205000000e+01    2.5576454955e+04
    7.1210000000e+01    2.6500256718e+04
    7.1215000000e+01    2.7109450242e+04
    7.1220000000e+01    2.7393143495e+04
    7.1225000000e+01    2.7348342293e+04
    7.1230000000e+01    2.6979845019e+04
    7.1235000000e+01    2.6299973960e+04
    7.1240000000e+01    2.5328151482e+04
    7.1245000000e+01    2.4090332261e+04
    7.1250000000e+01    2.2618305450e+04
    7.1255000000e+01    2.0948883100e+04
    7.1260000000e+01    1.9122993186e+04
    7.1265000000e+01    1.7184697316e+04
    7.1270000000e+01    1.5180154453e+04
    7.1275000000e+01    1.3156552869e+04
    7.1280000000e+01    1.1161032952e+04
    7.1285000000e+01    9.2396234825e+03
    7.1290000000e+01    7.4362135062e+03
    7.1295000000e+01    5.7915810774e+03
    7.1300000000e+01    4.3424987948e+03
    7.1305000000e+01    3.1209343960e+03
    7.1310000000e+01    2.1533626171e+03
    7.1315000000e+01    1.4602021786e+03
    7.1320000000e+01    1.0553891345e+03
    7.1325000000e+01    9.4609499088e+02
    7.1330000000e+01    1.1325950078e+03
    7.1335000000e+01    1.6082889986e+03
    7.1340000000e+01    2.3598738082e+03
    7.1345000000e+01    3.3676635300e+03
    7.1350000000e+01    4.6060504808e+03
    7.1355000000e+01    6.0440970538e+03
    7.1360000000e+01    7.6462458594e+03
    7.1365000000e+01    9.3731331057e+03
    7.1370000000e+01    1.1182488007e+04
    7.1375000000e+01    1.3030099187e+04
    7.1380000000e+01    1.4870827585e+04
    7.1385000000e+01    1.6659644357e+04
    7.1390000000e+01    1.8352671607e+04
    7.1395000000e+01    1.9908203667e+04
    7.1400000000e+01    2.1287686871e+04
    7.1405000000e+01    2.2456636511e+04
    7.1410000000e+01    2.3385470837e+04
    7.1415000000e+01    2.4050243486e+04
    7.1420000000e+01    2.4433257730e+04
    7.1425000000e+01    2.4523548203e+04
    7.1430000000e+01    2.4317218405e+04
    7.1435000000e+01    2.3817625136e+04
    7.1440000000e+01    2.3035404119e+04
    7.1445000000e+01    2.1988334266e+04
    7.1450000000e+01    2.0701041385e+04
    7.1455000000e+01    1.9204545437e+04
    7.1460000000e+01    1.7535658762e+04
    7.1465000000e+01    1.5736245855e+04
    7.1470000000e+01    1.3852358309e+04
    7.1475000000e+01    1.1933261297e+04
    7.1480000000e+01    1.0030370464e+04
    7.1485000000e+01    8.1961202633e+03
    7.1490000000e+01    6.4827864970e+03
    7.1495000000e+01    4.9412871969e+03
    7.1500000000e+01    3.6199868286e+03
    7.1505000000e+01    2.5635292134e+03
    7.1510000000e+01    1.8117244618e+03
    7.1515000000e+01    1.3985146144e+03
    7.1520000000e+01    1.3510415943e+03
    7.1525000000e+01    1.6888395021e+03
    7.1530000000e+01    2.4231712539e+03
    7.1535000000e+01    3.5565271069e+03
    7.1540000000e+01    5.0822997747e+03
    7.1545000000e+01    6.9846476606e+03
    7.1550000000e+01    9.2385542756e+03
    7.1555000000e+01    1.1810088235e+04
    7.1560000000e+01    1.4656864390e+04
    7.1565000000e+01    1.7728702749e+04
    7.1570000000e+01    2.0968477904e+04
    7.1575000000e+01    2.4313147828e+04
    7.1580000000e+01    2.7694947181e+04
    7.1585000000e+01    3.1042726738e+04
    7.1590000000e+01    3.4283417323e+04
    7.1595000000e+01    3.7343593718e+04
    7.1600000000e+01    4.0151111539e+04
    7.1605000000e+01    4.2636787994e+04
    7.1610000000e+01    4.4736095913e+04
    7.1615000000e+01    4.6390839410e+04
    7.1620000000e+01    4.7550779086e+04
    7.1625000000e+01    4.8175174795e+04
    7.1630000000e+01    4.8234214709e+04
    7.1635000000e+01    4.7710300687e+04
    7.1640000000e+01    4.6599161816e+04
    7.1645000000e+01    4.4910770370e+04
    7.1650000000e+01    4.2670037323e+04
    7.1655000000e+01    3.9917267915e+04
    7.1660000000e+01    3.6708361527e+04
    7.1665000000e+01    3.3114744212e+04
    7.1670000000e+01    2.9223026643e+04
    7.1675000000e+01    2.5134384792e+04
    7.1680000000e+01    2.0963665396e+04
    7.1685000000e+01    1.6838223009e+04
    7.1690000000e+01    1.2896500164e+04
    7.1695000000e+01    9.2863667683e+03
    7.1700000000e+01    6.1632392626e+03
    7.1705000000e+01    3.6880041685e+03
    7.1710000000e+01    2.0247744418e+03
    7.1715000000e+01    1.3385103628e+03
    7.1720000000e+01    1.7925395587e+03
    7.1725000000e+01    3.5460130640e+03
    7.1730000000e+01    6.7513360519e+03
    7.1735000000e+01    1.1551612979e+04
    7.1740000000e+01    1.8078147350e+04
    7.1745000000e+01    2.6448036114e+04
    7.1750000000e+01    3.6761897859e+04
    7.1755000000e+01    4.9101772439e+04
    7.1760000000e+01    6.3529227588e+04
    7.1765000000e+01    8.0083705269e+04
    7.1770000000e+01    9.8781137276e+04
    7.1775000000e+01    1.1961285577e+05
    7.1780000000e+01    1.4254482020e+05
    7.1785000000e+01    1.6751717745e+05
    7.1790000000e+01    1.9444416707e+05
    7.1795000000e+01    2.2321437835e+05
    7.1800000000e+01    2.5369136077e+05
    7.1805000000e+01    2.8571458377e+05
    7.1810000000e+01    3.1910073677e+05
    7.1815000000e+01    3.5364535504e+05
    7.1820000000e+01    3.8912475192e+05
    7.1825000000e+01    4.2529823344e+05
    7.1830000000e+01    4.6191056686e+05
    7.1835000000e+01    4.9869467073e+05
    7.1840000000e+01    5.3537449094e+05
    7.1845000000e+01    5.7166802389e+05
    7.1850000000e+01    6.0729044614e+05
    7.1855000000e+01    6.4195730792e+05
    7.1860000000e+01    6.7538774713e+05
    7.1865000000e+01    7.0730767991e+05
    7.1870000000e+01    7.3745292453e+05
    7.1875000000e+01    7.6557221604e+05
    7.1880000000e+01    7.9143007102e+05
    7.1885000000e+01    8.1480946405e+05
    7.1890000000e+01    8.3551428013e+05
    7.1895000000e+01    8.5337151092e+05
    7.1900000000e+01    8.6823316640e+05
    7.1905000000e+01    8.7997787773e+05
    7.1910000000e+01    8.8851217179e+05
    7.1915000000e+01    8.9377140259e+05
    7.1920000000e+01    8.9572032967e+05
    7.1925000000e+01    8.9435333909e+05
    7.1930000000e+01    8.8969430706e+05
    7.1935000000e+01    8.8179611203e+05
    7.1940000000e+01    8.7073980533e+05
    7.1945000000e+01    8.5663345552e+05
    7.1950000000e+01    8.3961068591e+05
    7.1955000000e+01    8.1982892850e+05
    7.1960000000e+01    7.9746742163e+05
    7.1965000000e+01    7.7272498139e+05
    7.1970000000e+01    7.4581757970e+05
    7.1975000000e+01    7.1697576400e+05
    7.1980000000e+01    6.8644195510e+05
    7.1985000000e+01    6.5446766061e+05
    7.1990000000e+01    6.2131064188e+05
    7.1995000000e+01    5.8723207213e+05
    7.2000000000e+01    5.5249372268e+05
    7.2005000000e+01    5.1735521311e+05
    7.2010000000e+01    4.8207135911e+05
    7.2015000000e+01    4.4688964984e+05
    7.2020000000e+01    4.1204788371e+05
    7.2025000000e+01    3.7777198880e+05
    7.2030000000e+01    3.4427405044e+05
    7.2035000000e+01    3.1175056524e+05
    7.2040000000e+01    2.8038093685e+05
    7.2045000000e+01    2.5032622521e+05
    7.2050000000e+01    2.2172815662e+05
    7.2055000000e+01    1.9470839864e+05
    7.2060000000e+01    1.6936809955e+05
    7.2065000000e+01    1.4578768855e+05
    7.2070000000e+01    1.2402692953e+05
    7.2075000000e+01    1.0412521759e+05
    7.2080000000e+01    8.6102104915e+04
    7.2085000000e+01    6.9958039556e+04
    7.2090000000e+01    5.5675298612e+04
    7.2095000000e+01    4.3219095200e+04
    7.2100000000e+01    3.2538837077e+04
    7.2105000000e+01    2.3569513648e+04
    7.2110000000e+01    1.6233187289e+04
    7.2115000000e+01    1.0440564597e+04
    7.2120000000e+01    6.0926231915e+03
    7.2125000000e+01    3.0822701068e+03
    7.2130000000e+01    1.2960085781e+03
    7.2135000000e+01    6.1559108505e+02
    7.2140000000e+01    9.1963789631e+02
    7.2145000000e+01    2.0852019678e+03
    7.2150000000e+01    3.9892628796e+03
    7.2155000000e+01    6.5101344958e+03
    7.2160000000e+01    9.5287731594e+03
    7.2165000000e+01    1.2929975451e+04
    7.2170000000e+01    1.6603456793e+04
    7.2175000000e+01    2.0444804440e+04
    7.2180000000e+01    2.4356300623e+04
    7.2185000000e+01    2.8247613754e+04
    7.2190000000e+01    3.2036357630e+04
    7.2195000000e+01    3.5648520504e+04
    7.2200000000e+01    3.9018767592e+04
    7.2205000000e+01    4.2090622165e+04
    7.2210000000e+01    4.4816531721e+04
    7.2215000000e+01    4.7157826870e+04
    7.2220000000e+01    4.9084581497e+04
    7.2225000000e+01    5.0575383453e+04
    7.2230000000e+01    5.1617025533e+04
    7.2235000000e+01    5.2204126748e+04
    7.2240000000e+01    5.2338693976e+04
    7.2245000000e+01    5.2029633980e+04
    7.2250000000e+01    5.1292225462e+04
    7.2255000000e+01    5.0147560420e+04
    7.2260000000e+01    4.8621963502e+04
    7.2265000000e+01    4.6746397376e+04
    7.2270000000e+01    4.4555861414e+04
    7.2275000000e+01    4.2088790161e+04
    7.2280000000e+01    3.9386457261e+04
    7.2285000000e+01    3.6492389641e+04
    7.2290000000e+01    3.3451795956e+04
    7.2295000000e+01    3.0311012511e+04
    7.2300000000e+01    2.7116969115e+04
    7.2305000000e+01    2.3916676700e+04
    7.2310000000e+01    2.0756737918e+04
    7.2315000000e+01    1.7682881472e+04
    7.2320000000e+01    1.4739520524e+04
    7.2325000000e+01    1.1969335262e+04
    7.2330000000e+01    9.4128795045e+03
    7.2335000000e+01    7.1082111777e+03
    7.2340000000e+01    5.0905464977e+03
    7.2345000000e+01    3.3919378150e+03
    7.2350000000e+01    2.0409752808e+03
    7.2355000000e+01    1.0625127554e+03
    7.2360000000e+01    4.7741870851e+02
    7.2365000000e+01    3.0235322742e+02
    7.2370000000e+01    5.4957264747e+02
    7.2375000000e+01    1.2267637296e+03
    7.2380000000e+01    2.3369097188e+03
    7.2385000000e+01    3.8781910106e+03
    7.2390000000e+01    5.8439235208e+03
    7.2395000000e+01    8.2225381794e+03
    7.2400000000e+01    1.0997605251e+04
    7.2405000000e+01    1.4147907413e+04
    7.2410000000e+01    1.7647565696e+04
    7.2415000000e+01    2.1466222515e+04
    7.2420000000e+01    2.5569286097e+04
    7.2425000000e+01    2.9918240664e+04
    7.2430000000e+01    3.4471026752e+04
    7.2435000000e+01    3.9182496138e+04
    7.2440000000e+01    4.4004945915e+04
    7.2445000000e+01    4.8888736541e+04
    7.2450000000e+01    5.3782999040e+04
    7.2455000000e+01    5.8636437262e+04
    7.2460000000e+01    6.3398232173e+04
    7.2465000000e+01    6.8019056752e+04
    7.2470000000e+01    7.2452212522e+04
    7.2475000000e+01    7.6654902124e+04
    7.2480000000e+01    8.0589657309e+04
    7.2485000000e+01    8.4225948524e+04
    7.2490000000e+01    8.7542011934e+04
    7.2495000000e+01    9.0526943086e+04
    7.2500000000e+01    9.3183125163e+04
    7.2505000000e+01    9.5529085989e+04
    7.2510000000e+01    9.7602914953e+04
    7.2515000000e+01    9.9466423577e+04
    7.2520000000e+01    1.0121030885e+05
    7.2525000000e+01    1.0296068781e+05
    7.2530000000e+01    1.0488753268e+05
    7.2535000000e+01    1.0721577507e+05
    7.2540000000e+01    1.1024021065e+05
    7.2545000000e+01    1.1434589324e+05
    7.2550000000e+01    1.2003658308e+05
    7.2555000000e+01    1.2797521517e+05
    7.2560000000e+01    1.3904264818e+05
    7.2565000000e+01    1.5442480296e+05
    7.2570000000e+01    1.7574493228e+05
    7.2575000000e+01    2.0526953490e+05
    7.2580000000e+01    2.4623801249e+05
    7.2585000000e+01    3.0340720199e+05
    7.2590000000e+01    3.8398308348e+05
    7.2595000000e+01    4.9927967291e+05
    7.2600000000e+01    6.6780828512e+05
    7.2605000000e+01    9.2132573712e+05
    7.2610000000e+01    1.3173289179e+06
    7.2615000000e+01    1.9662164704e+06
    7.2620000000e+01    3.0918176984e+06
    7.2625000000e+01    5.1531317132e+06
    7.2630000000e+01    8.9045681982e+06
    7.2635000000e+01    1.3951001724e+07
    7.2640000000e+01    1.4839700590e+07
    7.2645000000e+01    1.0391833405e+07
    7.2650000000e+01    6.3894796512e+06
    7.2655000000e+01    4.0338443626e+06
    7.2660000000e+01    2.6926777385e+06
    7.2665000000e+01    1.8900903531e+06
    7.2670000000e+01    1.3808478478e+06
    7.2675000000e+01    1.0408197773e+06
    7.2680000000e+01    8.0424866707e+05
    7.2685000000e+01    6.3431575935e+05
    7.2690000000e+01    5.0929440147e+05
    7.2695000000e+01    4.1574762286e+05
    7.2700000000e+01    3.4501282310e+05
    7.2705000000e+01    2.9129456122e+05
    7.2710000000e+01    2.5058305679e+05
    7.2715000000e+01    2.2001634365e+05
    7.2720000000e+01    1.9749083563e+05
    7.2725000000e+01    1.8141624666e+05
    7.2730000000e+01    1.7055724294e+05
    7.2735000000e+01    1.6392879542e+05
    7.2740000000e+01    1.6072569555e+05
    7.2745000000e+01    1.6027434571e+05
    7.2750000000e+01    1.6199940064e+05
    7.2755000000e+01    1.6540051157e+05
    7.2760000000e+01    1.7003606849e+05
    7.2765000000e+01    1.7551186744e+05
    7.2770000000e+01    1.8147329068e+05
    7.2775000000e+01    1.8760001883e+05
    7.2780000000e+01    1.9360258050e+05
    7.2785000000e+01    1.9922023810e+05
    7.2790000000e+01    2.0421984092e+05
    7.2795000000e+01    2.0839536862e+05
    7.2800000000e+01    2.1156795332e+05
    7.2805000000e+01    2.1358621521e+05
    7.2810000000e+01    2.1432678064e+05
    7.2815000000e+01    2.1369487698e+05
    7.2820000000e+01    2.1162491821e+05
    7.2825000000e+01    2.0808100998e+05
    7.2830000000e+01    2.0305731549e+05
    7.2835000000e+01    1.9657823344e+05
    7.2840000000e+01    1.8869834841e+05
    7.2845000000e+01    1.7950212139e+05
    7.2850000000e+01    1.6910329574e+05
    7.2855000000e+01    1.5764400011e+05
    7.2860000000e+01    1.4529353638e+05
    7.2865000000e+01    1.3224684656e+05
    7.2870000000e+01    1.1872265855e+05
    7.2875000000e+01    1.0496131612e+05
    7.2880000000e+01    9.1222304170e+04
    7.2885000000e+01    7.7781485379e+04
    7.2890000000e+01    6.4928069405e+04
    7.2895000000e+01    5.2961340650e+04
    7.2900000000e+01    4.2187174925e+04
    7.2905000000e+01    3.2914379453e+04
    7.2910000000e+01    2.5450894322e+04
    7.2915000000e+01    2.0099896686e+04
    7.2920000000e+01    1.7155851708e+04
    7.2925000000e+01    1.6900556386e+04
    7.2930000000e+01    1.9599223999e+04
    7.2935000000e+01    2.5496657804e+04
    7.2940000000e+01    3.4813562978e+04
    7.2945000000e+01    4.7743045408e+04
    7.2950000000e+01    6.4447344922e+04
    7.2955000000e+01    8.5054848846e+04
    7.2960000000e+01    1.0965742941e+05
    7.2965000000e+01    1.3830814554e+05
    7.2970000000e+01    1.7101934586e+05
    7.2975000000e+01    2.0776120560e+05
    7.2980000000e+01    2.4846072528e+05
    7.2985000000e+01    2.9300121383e+05
    7.2990000000e+01    3.4122227300e+05
    7.2995000000e+01    3.9292029415e+05
    7.3000000000e+01    4.4784947178e+05
    7.3005000000e+01    5.0572333211e+05
    7.3010000000e+01    5.6621676796e+05
    7.3015000000e+01    6.2896856485e+05
    7.3020000000e+01    6.9358439644e+05
    7.3025000000e+01    7.5964026112e+05
    7.3030000000e+01    8.2668632545e+05
    7.3035000000e+01    8.9425113410e+05
    7.3040000000e+01    9.6184614095e+05
    7.3045000000e+01    1.0289705108e+06
    7.3050000000e+01    1.0951161368e+06
    7.3055000000e+01    1.1597728163e+06
    7.3060000000e+01    1.2224335226e+06
    7.3065000000e+01    1.2825997103e+06
    7.3070000000e+01    1.3397865904e+06
    7.3075000000e+01    1.3935283087e+06
    7.3080000000e+01    1.4433829652e+06
    7.3085000000e+01    1.4889374094e+06
    7.3090000000e+01    1.5298117529e+06
    7.3095000000e+01    1.5656635405e+06
    7.3100000000e+01    1.5961915254e+06
    7.3105000000e+01    1.6211390022e+06
    7.3110000000e+01    1.6402966500e+06
    7.3115000000e+01    1.6535048518e+06
    7.3120000000e+01    1.6606554574e+06
    7.3125000000e+01    1.6616929646e+06
    7.3130000000e+01    1.6566151059e+06
    7.3135000000e+01    1.6454728277e+06
    7.3140000000e+01    1.6283696645e+06
    7.3145000000e+01    1.6054605127e+06
    7.3150000000e+01    1.5769498212e+06
    7.3155000000e+01    1.5430892197e+06
    7.3160000000e+01    1.5041746157e+06
    7.3165000000e+01    1.4605427973e+06
    7.3170000000e+01    1.4125675852e+06
    7.3175000000e+01    1.3606555841e+06
    7.3180000000e+01    1.3052415875e+06
    7.3185000000e+01    1.2467836962e+06
    7.3190000000e+01    1.1857582129e+06
    7.3195000000e+01    1.1226543789e+06
    7.3200000000e+01    1.0579690207e+06
    7.3205000000e+01    9.9220117448e+05
    7.3210000000e+01    9.2584675760e+05
    7.3215000000e+01    8.5939335406e+05
    7.3220000000e+01    7.9331517930e+05
    7.3225000000e+01    7.2806828691e+05
    7.3230000000e+01    6.6408607586e+05
    7.3235000000e+01    6.0177515218e+05
    7.3240000000e+01    5.4151159388e+05
    7.3245000000e+01    4.8363766157e+05
    7.3250000000e+01    4.2845899089e+05
    7.3255000000e+01    3.7624229564e+05
    7.3260000000e+01    3.2721360311e+05
    7.3265000000e+01    2.8155703542e+05
    7.3270000000e+01    2.3941414289e+05
    7.3275000000e+01    2.0088378757e+05
    7.3280000000e+01    1.6602256744e+05
    7.3285000000e+01    1.3484576416e+05
    7.3290000000e+01    1.0732879028e+05
    7.3295000000e+01    8.3409104995e+04
    7.3300000000e+01    6.2988561233e+04
    7.3305000000e+01    4.5936141700e+04
    7.3310000000e+01    3.2091036276e+04
    7.3315000000e+01    2.1266009383e+04
    7.3320000000e+01    1.3251002621e+04
    7.3325000000e+01    7.8169156821e+03
    7.3330000000e+01    4.7195070838e+03
    7.3335000000e+01    3.7033557841e+03
    7.3340000000e+01    4.5058251064e+03
    7.3345000000e+01    6.8609716989e+03
    7.3350000000e+01    1.0503344396e+04
    7.3355000000e+01    1.5171620808e+04
    7.3360000000e+01    2.0612033189e+04
    7.3365000000e+01    2.6581539524e+04
    7.3370000000e+01    3.2850700794e+04
    7.3375000000e+01    3.9206230899e+04
    7.3380000000e+01    4.5453191656e+04
    7.3385000000e+01    5.1416811555e+04
    7.3390000000e+01    5.6943913425e+04
    7.3395000000e+01    6.1903942704e+04
    7.3400000000e+01    6.6189594601e+04
    7.3405000000e+01    6.9717044861e+04
    7.3410000000e+01    7.2425795044e+04
    7.3415000000e+01    7.4278149169e+04
    7.3420000000e+01    7.5258344029e+04
    7.3425000000e+01    7.5371360480e+04
    7.3430000000e+01    7.4641447442e+04
    7.3435000000e+01    7.3110394118e+04
    7.3440000000e+01    7.0835589050e+04
    7.3445000000e+01    6.7887906995e+04
    7.3450000000e+01    6.4349466247e+04
    7.3455000000e+01    6.0311299877e+04
    7.3460000000e+01    5.5870984470e+04
    7.3465000000e+01    5.1130269277e+04
    7.3470000000e+01    4.6192747353e+04
    7.3475000000e+01    4.1161608164e+04
    7.3480000000e+01    3.6137508478e+04
    7.3485000000e+01    3.1216595089e+04
    7.3490000000e+01    2.6488709155e+04
    7.3495000000e+01    2.2035797735e+04
    7.3500000000e+01    1.7930553588e+04
    7.3505000000e+01    1.4235299489e+04
    7.3510000000e+01    1.1001128383e+04
    7.3515000000e+01    8.2673056483e+03
    7.3520000000e+01    6.0609347563e+03
    7.3525000000e+01    4.3968827018e+03
    7.3530000000e+01    3.2779568846e+03
    7.3535000000e+01    2.6953206959e+03
    7.3540000000e+01    2.6291309908e+03
    7.3545000000e+01    3.0493769739e+03
    7.3550000000e+01    3.9168968442e+03
    7.3555000000e+01    5.1845458939e+03
    7.3560000000e+01    6.7984876576e+03
    7.3565000000e+01    8.6995782093e+03
    7.3570000000e+01    1.0824812796e+04
    7.3575000000e+01    1.3108803704e+04
    7.3580000000e+01    1.5485258566e+04
    7.3585000000e+01    1.7888429173e+04
    7.3590000000e+01    2.0254502332e+04
    7.3595000000e+01    2.2522906220e+04
    7.3600000000e+01    2.4637508106e+04
    7.3605000000e+01    2.6547682139e+04
    7.3610000000e+01    2.8209229066e+04
    7.3615000000e+01    2.9585133151e+04
    7.3620000000e+01    3.0646145265e+04
    7.3625000000e+01    3.1371184856e+04
    7.3630000000e+01    3.1747557344e+04
    7.3635000000e+01    3.1770987328e+04
    7.3640000000e+01    3.1445471670e+04
    7.3645000000e+01    3.0782960107e+04
    7.3650000000e+01    2.9802874358e+04
    7.3655000000e+01    2.8531479715e+04
    7.3660000000e+01    2.7001125807e+04
    7.3665000000e+01    2.5249375540e+04
    7.3670000000e+01    2.3318043038e+04
    7.3675000000e+01    2.1252162884e+04
    7.3680000000e+01    1.9098913842e+04
    7.3685000000e+01    1.6906520723e+04
    7.3690000000e+01    1.4723158016e+04
    7.3695000000e+01    1.2595878373e+04
    7.3700000000e+01    1.0569588084e+04
    7.3705000000e+01    8.6860902744e+03
    7.3710000000e+01    6.9832147430e+03
    7.3715000000e+01    5.4940512217e+03
    7.3720000000e+01    4.2463003802e+03
    7.3725000000e+01    3.2617541923e+03
    7.3730000000e+01    2.5559143868e+03
    7.3735000000e+01    2.1377546803e+03
    7.3740000000e+01    2.0096293996e+03
    7.3745000000e+01    2.1673280018e+03
    7.3750000000e+01    2.6002719676e+03
    7.3755000000e+01    3.2918476234e+03
    7.3760000000e+01    4.2198657071e+03
    7.3765000000e+01    5.3571359803e+03
    7.3770000000e+01    6.6721429557e+03
    7.3775000000e+01    8.1298068875e+03
    7.3780000000e+01    9.6923126114e+03
    7.3785000000e+01    1.1319987632e+04
    7.3790000000e+01    1.2972210067e+04
    7.3795000000e+01    1.4608326685e+04
    7.3800000000e+01    1.6188561293e+04
    7.3805000000e+01    1.7674894185e+04
    7.3810000000e+01    1.9031894179e+04
    7.3815000000e+01    2.0227485969e+04
    7.3820000000e+01    2.1233637078e+04
    7.3825000000e+01    2.2026950517e+04
    7.3830000000e+01    2.2589151393e+04
    7.3835000000e+01    2.2907458025e+04
    7.3840000000e+01    2.2974830632e+04
    7.3845000000e+01    2.2790093287e+04
    7.3850000000e+01    2.2357927490e+04
    7.3855000000e+01    2.1688738431e+04
    7.3860000000e+01    2.0798397641e+04
    7.3865000000e+01    1.9707868273e+04
    7.3870000000e+01    1.8442721665e+04
    7.3875000000e+01    1.7032556021e+04
    7.3880000000e+01    1.5510330017e+04
    7.3885000000e+01    1.3911625816e+04
    7.3890000000e+01    1.2273857359e+04
    7.3895000000e+01    1.0635440836e+04
    7.3900000000e+01    9.0349449414e+03
    7.3905000000e+01    7.5102388466e+03
    7.3910000000e+01    6.0976557866e+03
    7.3915000000e+01    4.8311897688e+03
    7.3920000000e+01    3.7417421615e+03
    7.3925000000e+01    2.8564338432e+03
    7.3930000000e+01    2.1979972041e+03
    7.3935000000e+01    1.7842606276e+03
    7.3940000000e+01    1.6277361641e+03
    7.3945000000e+01    1.7353190002e+03
    7.3950000000e+01    2.1081050445e+03
    7.3955000000e+01    2.7413305660e+03
    7.3960000000e+01    3.6244353607e+03
    7.3965000000e+01    4.7412484477e+03
    7.3970000000e+01    6.0702928526e+03
    7.3975000000e+01    7.5852036694e+03
    7.3980000000e+01    9.2552513504e+03
    7.3985000000e+01    1.1045960101e+04
    7.3990000000e+01    1.2919809386e+04
    7.3995000000e+01    1.4837004933e+04
    7.4000000000e+01    1.6756304249e+04
    7.4005000000e+01    1.8635880635e+04
    7.4010000000e+01    2.0434208897e+04
    7.4015000000e+01    2.2110955573e+04
    7.4020000000e+01    2.3627856383e+04
    7.4025000000e+01    2.4949563849e+04
    7.4030000000e+01    2.6044448628e+04
    7.4035000000e+01    2.6885338936e+04
    7.4040000000e+01    2.7450183656e+04
    7.4045000000e+01    2.7722626123e+04
    7.4050000000e+01    2.7692477269e+04
    7.4055000000e+01    2.7356078706e+04
    7.4060000000e+01    2.6716548330e+04
    7.4065000000e+01    2.5783903254e+04
    7.4070000000e+01    2.4575057099e+04
    7.4075000000e+01    2.3113690987e+04
    7.4080000000e+01    2.1429999893e+04
    7.4085000000e+01    1.9560318251e+04
    7.4090000000e+01    1.7546630899e+04
    7.4095000000e+01    1.5435977484e+04
    7.4100000000e+01    1.3279760345e+04
    7.4105000000e+01    1.1132967577e+04
    7.4110000000e+01    9.0533244596e+03
    7.4115000000e+01    7.1003876355e+03
    7.4120000000e+01    5.3345974074e+03
    7.4125000000e+01    3.8163041638e+03
    7.4130000000e+01    2.6047853479e+03
    7.4135000000e+01    1.7572694605e+03
    7.4140000000e+01    1.3279833838e+03
    7.4145000000e+01    1.3672388273e+03
    7.4150000000e+01    1.9205729301e+03
    7.4155000000e+01    3.0279570405e+03
    7.4160000000e+01    4.7230864446e+03
    7.4165000000e+01    7.0327623563e+03
    7.4170000000e+01    9.9763758493e+03
    7.4175000000e+01    1.3565501631e+04
    7.4180000000e+01    1.7803607659e+04
    7.4185000000e+01    2.2685884648e+04
    7.4190000000e+01    2.8199197476e+04
    7.4195000000e+01    3.4322158516e+04
    7.4200000000e+01    4.1025320917e+04
    7.4205000000e+01    4.8271487941e+04
    7.4210000000e+01    5.6016132651e+04
    7.4215000000e+01    6.4207920549e+04
    7.4220000000e+01    7.2789326224e+04
    7.4225000000e+01    8.1697333724e+04
    7.4230000000e+01    9.0864209187e+04
    7.4235000000e+01    1.0021833334e+05
    7.4240000000e+01    1.0968508075e+05
    7.4245000000e+01    1.1918773223e+05
    7.4250000000e+01    1.2864840650e+05
    7.4255000000e+01    1.3798899736e+05
    7.4260000000e+01    1.4713210254e+05
    7.4265000000e+01    1.5600193120e+05
    7.4270000000e+01    1.6452517735e+05
    7.4275000000e+01    1.7263184751e+05
    7.4280000000e+01    1.8025603185e+05
    7.4285000000e+01    1.8733660919e+05
    7.4290000000e+01    1.9381787751e+05
    7.4295000000e+01    1.9965010300e+05
    7.4300000000e+01    2.0478998215e+05
    7.4305000000e+01    2.0920101273e+05
    7.4310000000e+01    2.1285377119e+05
    7.4315000000e+01    2.1572609533e+05
    7.4320000000e+01    2.1780317276e+05
    7.4325000000e+01    2.1907753668e+05
    7.4330000000e+01    2.1954897231e+05
    7.4335000000e+01    2.1922433823e+05
    7.4340000000e+01    2.1811730784e+05
    7.4345000000e+01    2.1624803766e+05
    7.4350000000e+01    2.1364276931e+05
    7.4355000000e+01    2.1033337331e+05
    7.4360000000e+01    2.0635684299e+05
    7.4365000000e+01    2.0175474726e+05
    7.4370000000e+01    1.9657265119e+05
    7.4375000000e+01    1.9085951348e+05
    7.4380000000e+01    1.8466706971e+05
    7.4385000000e+01    1.7804920990e+05
    7.4390000000e+01    1.7106135906e+05
    7.4395000000e+01    1.6375986810e+05
    7.4400000000e+01    1.5620142282e+05
    7.4405000000e+01    1.4844247727e+05
    7.4410000000e+01    1.4053871756e+05
    7.4415000000e+01    1.3254456105e+05
    7.4420000000e+01    1.2451269545e+05
    7.4425000000e+01    1.1649366102e+05
    7.4430000000e+01    1.0853547873e+05
    7.4435000000e+01    1.0068332603e+05
    7.4440000000e+01    9.2979261296e+04
    7.4445000000e+01    8.5461997305e+04
    7.4450000000e+01    7.8166723102e+04
    7.4455000000e+01    7.1124973357e+04
    7.4460000000e+01    6.4364543458e+04
    7.4465000000e+01    5.7909448193e+04
    7.4470000000e+01    5.1779921443e+04
    7.4475000000e+01    4.5992453932e+04
    7.4480000000e+01    4.0559865838e+04
    7.4485000000e+01    3.5491410861e+04
    7.4490000000e+01    3.0792908230e+04
    7.4495000000e+01    2.6466899080e+04
    7.4500000000e+01    2.2512823655e+04
    7.4505000000e+01    1.8927215850e+04
    7.4510000000e+01    1.5703911736e+04
    7.4515000000e+01    1.2834268884e+04
    7.4520000000e+01    1.0307393483e+04
    7.4525000000e+01    8.1103724804e+03
    7.4530000000e+01    6.2285082278e+03
    7.4535000000e+01    4.6455533330e+03
    7.4540000000e+01    3.3439437070e+03
    7.4545000000e+01    2.3050280166e+03
    7.4550000000e+01    1.5092920063e+03
    7.4555000000e+01    9.3657637065e+02
    7.4560000000e+01    5.6628706169e+02
    7.4565000000e+01    3.7759710185e+02
    7.4570000000e+01    3.4963912739e+02
    7.4575000000e+01    4.6168802344e+02
    7.4580000000e+01    6.9333312009e+02
    7.4585000000e+01    1.0246395050e+03
    7.4590000000e+01    1.4362980719e+03
    7.4595000000e+01    1.9097639705e+03
    7.4600000000e+01    2.4273831507e+03
    7.4605000000e+01    2.9725067141e+03
    7.4610000000e+01    3.5295927916e+03
    7.4615000000e+01    4.0842956715e+03
    7.4620000000e+01    4.6235419092e+03
    7.4625000000e+01    5.1355931516e+03
    7.4630000000e+01    5.6100954325e+03
    7.4635000000e+01    6.0381147134e+03
    7.4640000000e+01    6.4121584889e+03
    7.4645000000e+01    6.7261833271e+03
    7.4650000000e+01    6.9755882873e+03
    7.4655000000e+01    7.1571942461e+03
    7.4660000000e+01    7.2692092680e+03
    7.4665000000e+01    7.3111802790e+03
    7.4670000000e+01    7.2839314404e+03
    7.4675000000e+01    7.1894897661e+03
    7.4680000000e+01    7.0309986905e+03
    7.4685000000e+01    6.8126204558e+03
    7.4690000000e+01    6.5394283591e+03
    7.4695000000e+01    6.2172900624e+03
    7.4700000000e+01    5.8527433304e+03
    7.4705000000e+01    5.4528657100e+03
    7.4710000000e+01    5.0251397952e+03
    7.4715000000e+01    4.5773158396e+03
    7.4720000000e+01    4.1172735625e+03
    7.4725000000e+01    3.6528850609e+03
    7.4730000000e+01    3.1918807684e+03
    7.4735000000e+01    2.7417204007e+03
    7.4740000000e+01    2.3094707920e+03
    7.4745000000e+01    1.9016924531e+03
    7.4750000000e+01    1.5243365747e+03
    7.4755000000e+01    1.1826540574e+03
    7.4760000000e+01    8.8111797422e+02
    7.4765000000e+01    6.2336066211e+02
    7.4770000000e+01    4.1212640921e+02
    7.4775000000e+01    2.4924044329e+02
    7.4780000000e+01    1.3559465284e+02
    7.4785000000e+01    7.1150181171e+01
    7.4790000000e+01    5.4956737130e+01
    7.4795000000e+01    8.5188165821e+01
    7.4800000000e+01    1.5919352783e+02
    7.4805000000e+01    2.7356265049e+02
    7.4810000000e+01    4.2420484639e+02
    7.4815000000e+01    6.0643924846e+02
    7.4820000000e+01    8.1509499273e+02
    7.4825000000e+01    1.0446192943e+03
    7.4830000000e+01    1.2891913136e+03
    7.4835000000e+01    1.5428396014e+03
    7.4840000000e+01    1.7995608471e+03
    7.4845000000e+01    2.0534376331e+03
    7.4850000000e+01    2.2987529240e+03
    7.4855000000e+01    2.5300990921e+03
    7.4860000000e+01    2.7424793927e+03
    7.4865000000e+01    2.9313999626e+03
    7.4870000000e+01    3.0929506108e+03
    7.4875000000e+01    3.2238729032e+03
    7.4880000000e+01    3.3216143027e+03
    7.4885000000e+01    3.3843674165e+03
    7.4890000000e+01    3.4110937059e+03
    7.4895000000e+01    3.4015313350e+03
    7.4900000000e+01    3.3561871589e+03
    7.4905000000e+01    3.2763131738e+03
    7.4910000000e+01    3.1638680720e+03
    7.4915000000e+01    3.0214648425e+03
    7.4920000000e+01    2.8523056416e+03
    7.4925000000e+01    2.6601054093e+03
    7.4930000000e+01    2.4490059337e+03
    7.4935000000e+01    2.2234822457e+03
    7.4940000000e+01    1.9882433750e+03
    7.4945000000e+01    1.7481295973e+03
    7.4950000000e+01    1.5080083591e+03
    7.4955000000e+01    1.2726710733e+03
    7.4960000000e+01    1.0467329448e+03
    7.4965000000e+01    8.3453789563e+02
    7.4970000000e+01    6.4007053960e+02
    7.4975000000e+01    4.6687698062e+02
    7.4980000000e+01    3.1799601084e+02
    7.4985000000e+01    1.9590204381e+02
    7.4990000000e+01    1.0246085572e+02
    7.4995000000e+01    3.8898923032e+01
    7.5000000000e+01    5.7868449170e+00
    7.5005000000e+01    3.0370321029e+00
    7.5010000000e+01    2.9915534550e+01
    7.5015000000e+01    8.5067577443e+01
    7.5020000000e+01    1.6655608360e+02
    7.5025000000e+01    2.7191218761e+02
    7.5030000000e+01    3.9819649831e+02
    7.5035000000e+01    5.4206964683e+02
    7.5040000000e+01    6.9987047249e+02
    7.5045000000e+01    8.6770005115e+02
    7.5050000000e+01    1.0415096641e+03
    7.5055000000e+01    1.2171907421e+03
    7.5060000000e+01    1.3906647982e+03
    7.5065000000e+01    1.5579713882e+03
    7.5070000000e+01    1.7153522035e+03
    7.5075000000e+01    1.8593295094e+03
    7.5080000000e+01    1.9867772873e+03
    7.5085000000e+01    2.0949836227e+03
    7.5090000000e+01    2.1817030891e+03
    7.5095000000e+01    2.2451981162e+03
    7.5100000000e+01    2.2842685884e+03
    7.5105000000e+01    2.2982691873e+03
    7.5110000000e+01    2.2871142725e+03
    7.5115000000e+01    2.2512703729e+03
    7.5120000000e+01    2.1917366368e+03
    7.5125000000e+01    2.1100138504e+03
    7.5130000000e+01    2.0080628844e+03
    7.5135000000e+01    1.8882536487e+03
    7.5140000000e+01    1.7533058371e+03
    7.5145000000e+01    1.6062229060e+03
    7.5150000000e+01    1.4502208671e+03
    7.5155000000e+01    1.2886535625e+03
    7.5160000000e+01    1.1249361535e+03
    7.5165000000e+01    9.6246856201e+02
    7.5170000000e+01    8.0456058548e+02
    7.5175000000e+01    6.5436034025e+02
    7.5180000000e+01    5.1478758845e+02
    7.5185000000e+01    3.8847337086e+02
    7.5190000000e+01    2.7770720244e+02
    7.5195000000e+01    1.8439289662e+02
    7.5200000000e+01    1.1001387075e+02
    7.5205000000e+01    5.5608556017e+01
    7.5210000000e+01    2.1756293474e+01
    7.5215000000e+01    8.5738516638e+00
    7.5220000000e+01    1.5722454930e+01
    7.5225000000e+01    4.2424971163e+01
    7.5230000000e+01    8.7492678888e+01
    7.5235000000e+01    1.4936082138e+02
    7.5240000000e+01    2.2613196473e+02
    7.5245000000e+01    3.1562601141e+02
    7.5250000000e+01    4.1543558524e+02
    7.5255000000e+01    5.2298539903e+02
    7.5260000000e+01    6.3559414686e+02
    7.5265000000e+01    7.5053742781e+02
    7.5270000000e+01    8.6511020935e+02
    7.5275000000e+01    9.7668737490e+02
    7.5280000000e+01    1.0827809703e+03
    7.5285000000e+01    1.1810928665e+03
    7.5290000000e+01    1.2695616872e+03
    7.5295000000e+01    1.3464030069e+03
    7.5300000000e+01    1.4101420045e+03
    7.5305000000e+01    1.4596379528e+03
    7.5310000000e+01    1.4941001329e+03
    7.5315000000e+01    1.5130949767e+03
    7.5320000000e+01    1.5165444597e+03
    7.5325000000e+01    1.5047159788e+03
    7.5330000000e+01    1.4782041546e+03
    7.5335000000e+01    1.4379051899e+03
    7.5340000000e+01    1.3849845910e+03
    7.5345000000e+01    1.3208392080e+03
    7.5350000000e+01    1.2470546779e+03
    7.5355000000e+01    1.1653594527e+03
    7.5360000000e+01    1.0775766593e+03
    7.5365000000e+01    9.8557507895e+02
    7.5370000000e+01    8.9122052942e+02
    7.5375000000e+01    7.9632891176e+02
    7.5380000000e+01    7.0262211637e+02
    7.5385000000e+01    6.1168789693e+02
    7.5390000000e+01    5.2494470131e+02
    7.5395000000e+01    4.4361230795e+02
    7.5400000000e+01    3.6868895395e+02
    7.5405000000e+01    3.0093546292e+02
    7.5410000000e+01    2.4086669117e+02
    7.5415000000e+01    1.8875041330e+02
    7.5420000000e+01    1.4461357020e+02
    7.5425000000e+01    1.0825560608e+02
    7.5430000000e+01    7.9268433610e+01
    7.5435000000e+01    5.7062390824e+01
    7.5440000000e+01    4.0897395133e+01
    7.5445000000e+01    2.9918362332e+01
    7.5450000000e+01    2.3193845461e+01
    7.5455000000e+01    1.9756762392e+01
    7.5460000000e+01    1.8646024415e+01
    7.5465000000e+01    1.8947852211e+01
    7.5470000000e+01    1.9835571171e+01
    7.5475000000e+01    2.0606714819e+01
    7.5480000000e+01    2.0716332486e+01
    7.5485000000e+01    1.9805493493e+01
    7.5490000000e+01    1.7724102779e+01
    7.5495000000e+01    1.4547289082e+01
    7.5500000000e+01    1.0584792975e+01
    7.5505000000e+01    6.3829640316e+00
    7.5510000000e+01    2.7191699077e+00
    7.5515000000e+01    5.8862021531e-01
    7.5520000000e+01    1.1838099051e+00
    7.5525000000e+01    5.8669854017e+00
    7.5530000000e+01    1.6136227044e+01
    7.5535000000e+01    3.3585918650e+01
    7.5540000000e+01    5.9862534828e+01
    7.5545000000e+01    9.6616814862e+01
    7.5550000000e+01    1.4545350507e+02
    7.5555000000e+01    2.0787993651e+02
    7.5560000000e+01    2.8525475918e+02
    7.5565000000e+01    3.7873817667e+02
    7.5570000000e+01    4.8924501400e+02
    7.5575000000e+01    6.1740190856e+02
    7.5580000000e+01    7.6350983772e+02
    7.5585000000e+01    9.2751309041e+02
    7.5590000000e+01    1.1089756547e+03
    7.5595000000e+01    1.3070658329e+03
    7.5600000000e+01    1.5205497130e+03
    7.5605000000e+01    1.7477939247e+03
    7.5610000000e+01    1.9867778947e+03
    7.5615000000e+01    2.2351155932e+03
    7.5620000000e+01    2.4900865388e+03
    7.5625000000e+01    2.7486756062e+03
    7.5630000000e+01    3.0076209623e+03
    7.5635000000e+01    3.2634692585e+03
    7.5640000000e+01    3.5126370136e+03
    7.5645000000e+01    3.7514769651e+03
    7.5650000000e+01    3.9763480228e+03
    7.5655000000e+01    4.1836873532e+03
    7.5660000000e+01    4.3700830460e+03
    7.5665000000e+01    4.5323457722e+03
    7.5670000000e+01    4.6675778361e+03
    7.5675000000e+01    4.7732380561e+03
    7.5680000000e+01    4.8472009730e+03
    7.5685000000e+01    4.8878089855e+03
    7.5690000000e+01    4.8939161485e+03
    7.5695000000e+01    4.8649225313e+03
    7.5700000000e+01    4.8007982239e+03
    7.5705000000e+01    4.7020962952e+03
    7.5710000000e+01    4.5699542348e+03
    7.5715000000e+01    4.4060836575e+03
    7.5720000000e+01    4.2127483003e+03
    7.5725000000e+01    3.9927305958e+03
    7.5730000000e+01    3.7492873589e+03
    7.5735000000e+01    3.4860953608e+03
    7.5740000000e+01    3.2071877963e+03
    7.5745000000e+01    2.9168828522e+03
    7.5750000000e+01    2.6197057720e+03
    7.5755000000e+01    2.3203059612e+03
    7.5760000000e+01    2.0233708020e+03
    7.5765000000e+01    1.7335379292e+03
    7.5770000000e+01    1.4553077710e+03
    7.5775000000e+01    1.1929581630e+03
    7.5780000000e+01    9.5046281902e+02
    7.5785000000e+01    7.3141537026e+02
    7.5790000000e+01    5.3896058019e+02
    7.5795000000e+01    3.7573419956e+02
    7.5800000000e+01    2.4381275319e+02
    7.5805000000e+01    1.4467434630e+02
    7.5810000000e+01    7.9171351099e+01
    7.5815000000e+01    4.7515586812e+01
    7.5820000000e+01    4.9276344961e+01
    7.5825000000e+01    8.3391341074e+01
    7.5830000000e+01    1.4819040094e+02
    7.5835000000e+01    2.4143141922e+02
    7.5840000000e+01    3.6034786711e+02
    7.5845000000e+01    5.0170687926e+02
    7.5850000000e+01    6.6187672373e+02
    7.5855000000e+01    8.3690225762e+02
    7.5860000000e+01    1.0225867992e+03
    7.5865000000e+01    1.2145787095e+03
    7.5870000000e+01    1.4084608732e+03
    7.5875000000e+01    1.5998412080e+03
    7.5880000000e+01    1.7844423057e+03
    7.5885000000e+01    1.9581883287e+03
    7.5890000000e+01    2.1172873424e+03
    7.5895000000e+01    2.2583073625e+03
    7.5900000000e+01    2.3782445298e+03
    7.5905000000e+01    2.4745819942e+03
    7.5910000000e+01    2.5453382914e+03
    7.5915000000e+01    2.5891042172e+03
    7.5920000000e+01    2.6050674549e+03
    7.5925000000e+01    2.5930244743e+03
    7.5930000000e+01    2.5533794915e+03
    7.5935000000e+01    2.4871305592e+03
    7.5940000000e+01    2.3958431322e+03
    7.5945000000e+01    2.2816117200e+03
    7.5950000000e+01    2.1470104944e+03
    7.5955000000e+01    1.9950339555e+03
    7.5960000000e+01    1.8290289685e+03
    7.5965000000e+01    1.6526196690e+03
    7.5970000000e+01    1.4696268824e+03
    7.5975000000e+01    1.2839838159e+03
    7.5980000000e+01    1.0996498593e+03
    7.5985000000e+01    9.2052436167e+02
    7.5990000000e+01    7.5036225057e+02
    7.5995000000e+01    5.9269330838e+02
    7.6000000000e+01    4.5074683954e+02
    7.6005000000e+01    3.2738333612e+02
    7.6010000000e+01    2.2503459228e+02
    7.6015000000e+01    1.4565352868e+02
    7.6020000000e+01    9.0674771536e+01
    7.6025000000e+01    6.0986792509e+01
    7.6030000000e+01    5.6916160199e+01
    7.6035000000e+01    7.8224187182e+01
    7.6040000000e+01    1.2411598439e+02
    7.6045000000e+01    1.9326166310e+02
    7.6050000000e+01    2.8382915966e+02
    7.6055000000e+01    3.9352790556e+02
    7.6060000000e+01    5.1966233059e+02
    7.6065000000e+01    6.5919397504e+02
    7.6070000000e+01    8.0881080285e+02
    7.6075000000e+01    9.6500215506e+02
    7.6080000000e+01    1.1241376650e+03
    7.6085000000e+01    1.2825483769e+03
    7.6090000000e+01    1.4366082672e+03
    7.6095000000e+01    1.5828143684e+03
    7.6100000000e+01    1.7178637308e+03
    7.6105000000e+01    1.8387255374e+03
    7.6110000000e+01    1.9427067993e+03
    7.6115000000e+01    2.0275102082e+03
    7.6120000000e+01    2.0912829015e+03
    7.6125000000e+01    2.1326551024e+03
    7.6130000000e+01    2.1507678255e+03
    7.6135000000e+01    2.1452890831e+03
    7.6140000000e+01    2.1164182866e+03
    7.6145000000e+01    2.0648787984e+03
    7.6150000000e+01    1.9918988540e+03
    7.6155000000e+01    1.8991813319e+03
    7.6160000000e+01    1.7888630918e+03
    7.6165000000e+01    1.6634648355e+03
    7.6170000000e+01    1.5258326459e+03
    7.6175000000e+01    1.3790725460e+03
    7.6180000000e+01    1.2264795640e+03
    7.6185000000e+01    1.0714629129e+03
    7.6190000000e+01    9.1746896800e+02
    7.6195000000e+01    7.6790377223e+02
    7.6200000000e+01    6.2605680112e+02
    7.6205000000e+01    4.9502768470e+02
    7.6210000000e+01    3.7765751204e+02
    7.6215000000e+01    2.7646623515e+02
    7.6220000000e+01    1.9359754719e+02
    7.6225000000e+01    1.3077243830e+02
    7.6230000000e+01    8.9252433840e+01
    7.6235000000e+01    6.9813299915e+01
    7.6240000000e+01    7.2729764307e+01
    7.6245000000e+01    9.7771552662e+01
    7.6250000000e+01    1.4421078568e+02
    7.6255000000e+01    2.1084052868e+02
    7.6260000000e+01    2.9600403613e+02
    7.6265000000e+01    3.9763399584e+02
    7.6270000000e+01    5.1330085604e+02
    7.6275000000e+01    6.4026911806e+02
    7.6280000000e+01    7.7556030291e+02
    7.6285000000e+01    9.1602115418e+02
    7.6290000000e+01    1.0583955277e+03
    7.6295000000e+01    1.1993983398e+03
    7.6300000000e+01    1.3357899060e+03
    7.6305000000e+01    1.4644489973e+03
    7.6310000000e+01    1.5824429758e+03
    7.6315000000e+01    1.6870934419e+03
    7.6320000000e+01    1.7760359299e+03
    7.6325000000e+01    1.8472723276e+03
    7.6330000000e+01    1.8992148624e+03
    7.6335000000e+01    1.9307206876e+03
    7.6340000000e+01    1.9411163192e+03
    7.6345000000e+01    1.9302114000e+03
    7.6350000000e+01    1.8983015124e+03
    7.6355000000e+01    1.8461600043e+03
    7.6360000000e+01    1.7750190425e+03
    7.6365000000e+01    1.6865403478e+03
    7.6370000000e+01    1.5827762977e+03
    7.6375000000e+01    1.4661222951e+03
    7.6380000000e+01    1.3392614994e+03
    7.6385000000e+01    1.2051031812e+03
    7.6390000000e+01    1.0667161067e+03
    7.6395000000e+01    9.2725846087e+02
    7.6400000000e+01    7.8990590039e+02
    7.6405000000e+01    6.5777935866e+02
    7.6410000000e+01    5.3387423318e+02
    7.6415000000e+01    4.2099254841e+02
    7.6420000000e+01    3.2167961866e+02
    7.6425000000e+01    2.3816663132e+02
    7.6430000000e+01    1.7232043569e+02
    7.6435000000e+01    1.2560165855e+02
    7.6440000000e+01    9.9032079022e+01
    7.6445000000e+01    9.3171986119e+01
    7.6450000000e+01    1.0810801721e+02
    7.6455000000e+01    1.4345174003e+02
    7.6460000000e+01    1.9834899942e+02
    7.6465000000e+01    2.7149980881e+02
    7.6470000000e+01    3.6118833030e+02
    7.6475000000e+01    4.6532226178e+02
    7.6480000000e+01    5.8148073966e+02
    7.6485000000e+01    7.0696967608e+02
    7.6490000000e+01    8.3888328400e+02
    7.6495000000e+01    9.7417040684e+02
    7.6500000000e+01    1.1097041626e+03
    7.6505000000e+01    1.2423533401e+03
    7.6510000000e+01    1.3690539464e+03
    7.6515000000e+01    1.4868793032e+03
    7.6520000000e+01    1.5931071228e+03
    7.6525000000e+01    1.6852820629e+03
    7.6530000000e+01    1.7612723608e+03
    7.6535000000e+01    1.8193192809e+03
    7.6540000000e+01    1.8580782690e+03
    7.6545000000e+01    1.8766508932e+03
    7.6550000000e+01    1.8746068547e+03
    7.6555000000e+01    1.8519955743e+03
    7.6560000000e+01    1.8093470902e+03
    7.6565000000e+01    1.7476622410e+03
    7.6570000000e+01    1.6683923437e+03
    7.6575000000e+01    1.5734088113e+03
    7.6580000000e+01    1.4649633726e+03
    7.6585000000e+01    1.3456397681e+03
    7.6590000000e+01    1.2182979812e+03
    7.6595000000e+01    1.0860122280e+03
    7.6600000000e+01    9.5200406576e+02
    7.6605000000e+01    8.1957208741e+02
    7.6610000000e+01    6.9201974166e+02
    7.6615000000e+01    5.7258285959e+02
    7.6620000000e+01    4.6435847298e+02
    7.6625000000e+01    3.7023647983e+02
    7.6630000000e+01    2.9283564852e+02
    7.6635000000e+01    2.3444535532e+02
    7.6640000000e+01    1.9697432291e+02
    7.6645000000e+01    1.8190747280e+02
    7.6650000000e+01    1.9027182582e+02
    7.6655000000e+01    2.2261218596e+02
    7.6660000000e+01    2.7897712832e+02
    7.6665000000e+01    3.5891558661e+02
    7.6670000000e+01    4.6148410421e+02
    7.6675000000e+01    5.8526458088e+02
    7.6680000000e+01    7.2839211928e+02
    7.6685000000e+01    8.8859235712e+02
    7.6690000000e+01    1.0632274662e+03
    7.6695000000e+01    1.2493498139e+03
    7.6700000000e+01    1.4437621192e+03
    7.6705000000e+01    1.6430827983e+03
    7.6710000000e+01    1.8438150858e+03
    7.6715000000e+01    2.0424184413e+03
    7.6720000000e+01    2.2353807070e+03
    7.6725000000e+01    2.4192894698e+03
    7.6730000000e+01    2.5909011066e+03
    7.6735000000e+01    2.7472060466e+03
    7.6740000000e+01    2.8854888722e+03
    7.6745000000e+01    3.0033819990e+03
    7.6750000000e+01    3.0989118193e+03
    7.6755000000e+01    3.1705363614e+03
    7.6760000000e+01    3.2171737066e+03
    7.6765000000e+01    3.2382206084e+03
    7.6770000000e+01    3.2335609744e+03
    7.6775000000e+01    3.2035640919e+03
    7.6780000000e+01    3.1490727018e+03
    7.6785000000e+01    3.0713812437e+03
    7.6790000000e+01    2.9722048076e+03
    7.6795000000e+01    2.8536395240e+03
    7.6800000000e+01    2.7181153064e+03
    7.6805000000e+01    2.5683420204e+03
    7.6810000000e+01    2.4072502879e+03
    7.6815000000e+01    2.2379282440e+03
    7.6820000000e+01    2.0635556435e+03
    7.6825000000e+01    1.8873367591e+03
    7.6830000000e+01    1.7124335327e+03
    7.6835000000e+01    1.5419004207e+03
    7.6840000000e+01    1.3786223291e+03
    7.6845000000e+01    1.2252569554e+03
    7.6850000000e+01    1.0841827446e+03
    7.6855000000e+01    9.5745353848e+02
    7.6860000000e+01    8.4676083810e+02
    7.6865000000e+01    7.5340442626e+02
    7.6870000000e+01    6.7827190672e+02
    7.6875000000e+01    6.2182751566e+02
    7.6880000000e+01    5.8411035382e+02
    7.6885000000e+01    5.6474197847e+02
    7.6890000000e+01    5.6294308831e+02
    7.6895000000e+01    5.7755883559e+02
    7.6900000000e+01    6.0709211239e+02
    7.6905000000e+01    6.4974398743e+02
    7.6910000000e+01    7.0346031769e+02
    7.6915000000e+01    7.6598343062e+02
    7.6920000000e+01    8.3490766940e+02
    7.6925000000e+01    9.0773751823e+02
    7.6930000000e+01    9.8194697811e+02
    7.6935000000e+01    1.0550388472e+03
    7.6940000000e+01    1.1246025737e+03
    7.6945000000e+01    1.1883693924e+03
    7.6950000000e+01    1.2442635292e+03
    7.6955000000e+01    1.2904483530e+03
    7.6960000000e+01    1.3253664840e+03
    7.6965000000e+01    1.3477730031e+03
    7.6970000000e+01    1.3567610785e+03
    7.6975000000e+01    1.3517794951e+03
    7.6980000000e+01    1.3326417634e+03
    7.6985000000e+01    1.2995266768e+03
    7.6990000000e+01    1.2529703791e+03
    7.6995000000e+01    1.1938501986e+03
    7.7000000000e+01    1.1233606863e+03
    7.7005000000e+01    1.0429824735e+03
    7.7010000000e+01    9.5444471820e+02
    7.7015000000e+01    8.5968205291e+02
    7.7020000000e+01    7.6078706384e+02
    7.7025000000e+01    6.5995942542e+02
    7.7030000000e+01    5.5945288325e+02
    7.7035000000e+01    4.6152131900e+02
    7.7040000000e+01    3.6836514389e+02
    7.7045000000e+01    2.8207925136e+02
    7.7050000000e+01    2.0460371668e+02
    7.7055000000e+01    1.3767836076e+02
    7.7060000000e+01    8.2802200836e+01
    7.7065000000e+01    4.1198692790e+01
    7.7070000000e+01    1.3787532660e+01
    7.7075000000e+01    1.1636306875e+00
    7.7080000000e+01    3.5837041304e+00
    7.7085000000e+01    2.0960758706e+01
    7.7090000000e+01    5.2866547018e+01
    7.7095000000e+01    9.8541909736e+01
    7.7100000000e+01    1.5691472585e+02
    7.7105000000e+01    2.2662502601e+02
    7.7110000000e+01    3.0605666159e+02
    7.7115000000e+01    3.9337477564e+02
    7.7120000000e+01    4.8656819263e+02
    7.7125000000e+01    5.8349573633e+02
    7.7130000000e+01    6.8193539937e+02
    7.7135000000e+01    7.7963522852e+02
    7.7140000000e+01    8.7436475482e+02
    7.7145000000e+01    9.6396579078e+02
    7.7150000000e+01    1.0464014362e+03
    7.7155000000e+01    1.1198021793e+03
    7.7160000000e+01    1.1825080515e+03
    7.7165000000e+01    1.2331058871e+03
    7.7170000000e+01    1.2704608549e+03
    7.7175000000e+01    1.2937415626e+03
    7.7180000000e+01    1.3024381833e+03
    7.7185000000e+01    1.2963732143e+03
    7.7190000000e+01    1.2757046479e+03
    7.7195000000e+01    1.2409215058e+03
    7.7200000000e+01    1.1928318647e+03
    7.7205000000e+01    1.1325436684e+03
    7.7210000000e+01    1.0614387861e+03
    7.7215000000e+01    9.8114092787e+02
    7.7220000000e+01    8.9347816491e+02
    7.7225000000e+01    8.0044092270e+02
    7.7230000000e+01    7.0413641496e+02
    7.7235000000e+01    6.0674056278e+02
    7.7240000000e+01    5.1044849756e+02
    7.7245000000e+01    4.1742477421e+02
    7.7250000000e+01    3.2975442397e+02
    7.7255000000e+01    2.4939595319e+02
    7.7260000000e+01    1.7813734668e+02
    7.7265000000e+01    1.1755606249e+02
    7.7270000000e+01    6.8983911196e+01
    7.7275000000e+01    3.3477599494e+01
    7.7280000000e+01    1.1795586571e+01
    7.7285000000e+01    4.3817571253e+00
    7.7290000000e+01    1.1356258756e+01
    7.7295000000e+01    3.2513688286e+01
    7.7300000000e+01    6.7328644738e+01
    7.7305000000e+01    1.1496850007e+02
    7.7310000000e+01    1.7431307607e+02
    7.7315000000e+01    2.4398076075e+02
    7.7320000000e+01    3.2236045356e+02
    7.7325000000e+01    4.0764859916e+02
    7.7330000000e+01    4.9789045687e+02
    7.7335000000e+01    5.9102466012e+02
    7.7340000000e+01    6.8493004905e+02
    7.7345000000e+01    7.7747371160e+02
    7.7350000000e+01    8.6655914429e+02
    7.7355000000e+01    9.5017344535e+02
    7.7360000000e+01    1.0264324780e+03
    7.7365000000e+01    1.0936229908e+03
    7.7370000000e+01    1.1502407550e+03
    7.7375000000e+01    1.1950238706e+03
    7.7380000000e+01    1.2269805052e+03
    7.7385000000e+01    1.2454104584e+03
    7.7390000000e+01    1.2499200852e+03
    7.7395000000e+01    1.2404302623e+03
    7.7400000000e+01    1.2171772419e+03
    7.7405000000e+01    1.1807063946e+03
    7.7410000000e+01    1.1318590081e+03
    7.7415000000e+01    1.0717524592e+03
    7.7420000000e+01    1.0017542291e+03
    7.7425000000e+01    9.2345036797e+02
    7.7430000000e+01    8.3860913536e+02
    7.7435000000e+01    7.4914065434e+02
    7.7440000000e+01    6.5705349883e+02
    7.7445000000e+01    5.6440920343e+02
    7.7450000000e+01    4.7327572660e+02
    7.7455000000e+01    3.8568091867e+02
    7.7460000000e+01    3.0356704247e+02
    7.7465000000e+01    2.2874736686e+02
    7.7470000000e+01    1.6286580329e+02
    7.7475000000e+01    1.0736048384e+02
    7.7480000000e+01    6.3432086948e+01
    7.7485000000e+01    3.2017607603e+01
    7.7490000000e+01    1.3770143634e+01
    7.7495000000e+01    9.0451322588e+00
    7.7500000000e+01    1.7893324348e+01
    7.7505000000e+01    4.0060631116e+01
    7.7510000000e+01    7.4994822789e+01
    7.7515000000e+01    1.2185890463e+02
    7.7520000000e+01    1.7955084598e+02
    7.7525000000e+01    2.4672919626e+02
    7.7530000000e+01    3.2184399079e+02
    7.7535000000e+01    4.0317223286e+02
    7.7540000000e+01    4.8885713748e+02
    7.7545000000e+01    5.7695024112e+02
    7.7550000000e+01    6.6545542020e+02
    7.7555000000e+01    7.5237382180e+02
    7.7560000000e+01    8.3574869315e+02
    7.7565000000e+01    9.1370910265e+02
    7.7570000000e+01    9.8451157381e+02
    7.7575000000e+01    1.0465787040e+03
    7.7580000000e+01    1.0985339117e+03
    7.7585000000e+01    1.1392315456e+03
    7.7590000000e+01    1.1677816976e+03
    7.7595000000e+01    1.1835691809e+03
    7.7600000000e+01    1.1862662711e+03
    7.7605000000e+01    1.1758389478e+03
    7.7610000000e+01    1.1525465215e+03
    7.7615000000e+01    1.1169346818e+03
    7.7620000000e+01    1.0698221485e+03
    7.7625000000e+01    1.0122812523e+03
    7.7630000000e+01    9.4561290591e+02
    7.7635000000e+01    8.7131655148e+02
    7.7640000000e+01    7.9105578067e+02
    7.7645000000e+01    7.0662041817e+02
    7.7650000000e+01    6.1988593598e+02
    7.7655000000e+01    5.3277112225e+02
    7.7660000000e+01    4.4719496372e+02
    7.7665000000e+01    3.6503371456e+02
    7.7670000000e+01    2.8807911612e+02
    7.7675000000e+01    2.1799870160e+02
    7.7680000000e+01    1.5629906932e+02
    7.7685000000e+01    1.0429293659e+02
    7.7690000000e+01    6.3070698236e+01
    7.7695000000e+01    3.3477108263e+01
    7.7700000000e+01    1.6093585392e+01
    7.7705000000e+01    1.1226513725e+01
    7.7710000000e+01    1.8901772927e+01
    7.7715000000e+01    3.8865590604e+01
    7.7720000000e+01    7.0591666367e+01
    7.7725000000e+01    1.1329437562e+02
    7.7730000000e+01    1.6594772469e+02
    7.7735000000e+01    2.2730960034e+02
    7.7740000000e+01    2.9595073937e+02
    7.7745000000e+01    3.7028773972e+02
    7.7750000000e+01    4.4861934637e+02
    7.7755000000e+01    5.2916517513e+02
    7.7760000000e+01    6.1010598577e+02
    7.7765000000e+01    6.8962458551e+02
    7.7770000000e+01    7.6594643411e+02
    7.7775000000e+01    8.3737903281e+02
    7.7780000000e+01    9.0234921188e+02
    7.7785000000e+01    9.5943748332e+02
    7.7790000000e+01    1.0074086963e+03
    7.7795000000e+01    1.0452383209e+03
    7.7800000000e+01    1.0721337875e+03
    7.7805000000e+01    1.0875504271e+03
    7.7810000000e+01    1.0912016792e+03
    7.7815000000e+01    1.0830633711e+03
    7.7820000000e+01    1.0633720036e+03
    7.7825000000e+01    1.0326171197e+03
    7.7830000000e+01    9.9152796545e+02
    7.7835000000e+01    9.4105478095e+02
    7.7840000000e+01    8.8234518385e+02
    7.7845000000e+01    8.1671621434e+02
    7.7850000000e+01    7.4562270987e+02
    7.7855000000e+01    6.7062275793e+02
    7.7860000000e+01    5.9334103887e+02
    7.7865000000e+01    5.1543091600e+02
    7.7870000000e+01    4.3853615457e+02
    7.7875000000e+01    3.6425315634e+02
    7.7880000000e+01    2.9409458050e+02
    7.7885000000e+01    2.2945518613e+02
    7.7890000000e+01    1.7158067643e+02
    7.7895000000e+01    1.2154025292e+02
    7.7900000000e+01    8.0203498544e+01
    7.7905000000e+01    4.8222106757e+01
    7.7910000000e+01    2.6016859097e+01
    7.7915000000e+01    1.3770130817e+01
    7.7920000000e+01    1.1424074983e+01
    7.7925000000e+01    1.8684503066e+01
    7.7930000000e+01    3.5030347737e+01
    7.7935000000e+01    5.9728464113e+01
    7.7940000000e+01    9.1853402169e+01
    7.7945000000e+01    1.3031166833e+02
    7.7950000000e+01    1.7386989078e+02
    7.7955000000e+01    2.2118621352e+02
    7.7960000000e+01    2.7084416992e+02
    7.7965000000e+01    3.2138823061e+02
    7.7970000000e+01    3.7136018212e+02
    7.7975000000e+01    4.1933547496e+02
    7.7980000000e+01    4.6395868121e+02
    7.7985000000e+01    5.0397722350e+02
    7.7990000000e+01    5.3827257806e+02
    7.7995000000e+01    5.6588821392e+02
    7.8000000000e+01    5.8605360678e+02
    7.8005000000e+01    5.9820375776e+02
    7.8010000000e+01    6.0199375188e+02
    7.8015000000e+01    5.9730800684e+02
    7.8020000000e+01    5.8426398637e+02
    7.8025000000e+01    5.6321028110e+02
    7.8030000000e+01    5.3471909114e+02
    7.8035000000e+01    4.9957327535e+02
    7.8040000000e+01    4.5874825849e+02
    7.8045000000e+01    4.1338920810e+02
    7.8050000000e+01    3.6478400337e+02
    7.8055000000e+01    3.1433261740e+02
    7.8060000000e+01    2.6351361881e+02
    7.8065000000e+01    2.1384856722e+02
    7.8070000000e+01    1.6686512802e+02
    7.8075000000e+01    1.2405976395e+02
    7.8080000000e+01    8.6860873036e+01
    7.8085000000e+01    5.6593235352e+01
    7.8090000000e+01    3.4444603151e+01
    7.8095000000e+01    2.1435222833e+01
    7.8100000000e+01    1.8391012311e+01
    7.8105000000e+01    2.5921035967e+01
    7.8110000000e+01    4.4399823239e+01
    7.8115000000e+01    7.3954967842e+01
    7.8120000000e+01    1.1446032551e+02
    7.8125000000e+01    1.6553500139e+02
    7.8130000000e+01    2.2654818679e+02
    7.8135000000e+01    2.9662977188e+02
    7.8140000000e+01    3.7468652909e+02
    7.8145000000e+01    4.5942353436e+02
    7.8150000000e+01    5.4937037317e+02
    7.8155000000e+01    6.4291156770e+02
    7.8160000000e+01    7.3832056347e+02
    7.8165000000e+01    8.3379653053e+02
    7.8170000000e+01    9.2750316750e+02
    7.8175000000e+01    1.0176086479e+03
    7.8180000000e+01    1.1023258193e+03
    7.8185000000e+01    1.1799517551e+03
    7.8190000000e+01    1.2489057719e+03
    7.8195000000e+01    1.3077650531e+03
    7.8200000000e+01    1.3552970714e+03
    7.8205000000e+01    1.3904880705e+03
    7.8210000000e+01    1.4125669527e+03
    7.8215000000e+01    1.4210240157e+03
    7.8220000000e+01    1.4156240983e+03
    7.8225000000e+01    1.3964138153e+03
    7.8230000000e+01    1.3637226928e+03
    7.8235000000e+01    1.3181581493e+03
    7.8240000000e+01    1.2605944055e+03
    7.8245000000e+01    1.1921555395e+03
    7.8250000000e+01    1.1141930341e+03
    7.8255000000e+01    1.0282582882e+03
    7.8260000000e+01    9.3607067347e+02
    7.8265000000e+01    8.3948182059e+02
    7.8270000000e+01    7.4043690348e+02
    7.8275000000e+01    6.4093375737e+02
    7.8280000000e+01    5.4298071794e+02
    7.8285000000e+01    4.4855409806e+02
    7.8290000000e+01    3.5955622951e+02
    7.8295000000e+01    2.7777498622e+02
    7.8300000000e+01    2.0484567534e+02
    7.8305000000e+01    1.4221613215e+02
    7.8310000000e+01    9.1115785885e+01
    7.8315000000e+01    5.2529378214e+01
    7.8320000000e+01    2.7175914676e+01
    7.8325000000e+01    1.5493316003e+01
    7.8330000000e+01    1.7629111704e+01
    7.8335000000e+01    3.3437386485e+01
    7.8340000000e+01    6.2482053307e+01
    7.8345000000e+01    1.0404638844e+02
    7.8350000000e+01    1.5714862667e+02
    7.8355000000e+01    2.2056328208e+02
    7.8360000000e+01    2.9284773401e+02
    7.8365000000e+01    3.7237350259e+02
    7.8370000000e+01    4.5736153504e+02
    7.8375000000e+01    5.4592073595e+02
    7.8380000000e+01    6.3608890346e+02
    7.8385000000e+01    7.2587518048e+02
    7.8390000000e+01    8.1330309652e+02
    7.8395000000e+01    8.9645326308e+02
    7.8400000000e+01    9.7350479256e+02
    7.8405000000e+01    1.0427745392e+03
    7.8410000000e+01    1.1027533080e+03
    7.8415000000e+01    1.1521382437e+03
    7.8420000000e+01    1.1898606970e+03
    7.8425000000e+01    1.2151089626e+03
    7.8430000000e+01    1.2273453979e+03
    7.8435000000e+01    1.2263175526e+03
    7.8440000000e+01    1.2120630729e+03
    7.8445000000e+01    1.1849082779e+03
    7.8450000000e+01    1.1454604469e+03
    7.8455000000e+01    1.0945939920e+03
    7.8460000000e+01    1.0334308252e+03
    7.8465000000e+01    9.6331535551e+02
    7.8470000000e+01    8.8578466954e+02
    7.8475000000e+01    8.0253455350e+02
    7.8480000000e+01    7.1538210454e+02
    7.8485000000e+01    6.2622575456e+02
    7.8490000000e+01    5.3700358433e+02
    7.8495000000e+01    4.4965084272e+02
    7.8500000000e+01    3.6605760236e+02
    7.8505000000e+01    2.8802747847e+02
    7.8510000000e+01    2.1723831365e+02
    7.8515000000e+01    1.5520568690e+02
    7.8520000000e+01    1.0325004211e+02
    7.8525000000e+01    6.2468150888e+01
    7.8530000000e+01    3.3709528514e+01
    7.8535000000e+01    1.7558312233e+01
    7.8540000000e+01    1.4320990531e+01
    7.8545000000e+01    2.4020243089e+01
    7.8550000000e+01    4.6395016536e+01
    7.8555000000e+01    8.0906824067e+01
    7.8560000000e+01    1.2675212034e+02
    7.8565000000e+01    1.8288046984e+02
    7.8570000000e+01    2.4801810015e+02
    7.8575000000e+01    3.2069631383e+02
    7.8580000000e+01    3.9928412673e+02
    7.8585000000e+01    4.8202440869e+02
    7.8590000000e+01    5.6707272683e+02
    7.8595000000e+01    6.5253803336e+02
    7.8600000000e+01    7.3652430092e+02
    7.8605000000e+01    8.1717218882e+02
    7.8610000000e+01    8.9269982473e+02
    7.8615000000e+01    9.6144180694e+02
    7.8620000000e+01    1.0218855732e+03
    7.8625000000e+01    1.0727043413e+03
    7.8630000000e+01    1.1127859038e+03
    7.8635000000e+01    1.1412566505e+03
    7.8640000000e+01    1.1575003002e+03
    7.8645000000e+01    1.1611709379e+03
    7.8650000000e+01    1.1522000826e+03
    7.8655000000e+01    1.1307976403e+03
    7.8660000000e+01    1.0974467330e+03
    7.8665000000e+01    1.0528925273e+03
    7.8670000000e+01    9.9812532100e+02
    7.8675000000e+01    9.3435827010e+02
    7.8680000000e+01    8.6300025474e+02
    7.8685000000e+01    7.8562449173e+02
    7.8690000000e+01    7.0393359136e+02
    7.8695000000e+01    6.1972183412e+02
    7.8700000000e+01    5.3483550282e+02
    7.8705000000e+01    4.5113214646e+02
    7.8710000000e+01    3.7043967459e+02
    7.8715000000e+01    2.9451618265e+02
    7.8720000000e+01    2.2501139120e+02
    7.8725000000e+01    1.6343054467e+02
    7.8730000000e+01    1.1110155978e+02
    7.8735000000e+01    6.9146140466e+01
    7.8740000000e+01    3.8455487735e+01
    7.8745000000e+01    1.9671130382e+01
    7.8750000000e+01    1.3171288824e+01
    7.8755000000e+01    1.9063061685e+01
    7.8760000000e+01    3.7180595976e+01
    7.8765000000e+01    6.7089269677e+01
    7.8770000000e+01    1.0809578304e+02
    7.8775000000e+01    1.5926392501e+02
    7.8780000000e+01    2.1943565668e+02
    7.8785000000e+01    2.8725703711e+02
    7.8790000000e+01    3.6120841136e+02
    7.8795000000e+01    4.3963818754e+02
    7.8800000000e+01    5.2079945220e+02
    7.8805000000e+01    6.0288861208e+02
    7.8810000000e+01    6.8408520733e+02
    7.8815000000e+01    7.6259201714e+02
    7.8820000000e+01    8.3667457402e+02
    7.8825000000e+01    9.0469921754e+02
    7.8830000000e+01    9.6516885262e+02
    7.8835000000e+01    1.0167556292e+03
    7.8840000000e+01    1.0583298298e+03
    7.8845000000e+01    1.0889843365e+03
    7.8850000000e+01    1.1080541473e+03
    7.8855000000e+01    1.1151305216e+03
    7.8860000000e+01    1.1100694552e+03
    7.8865000000e+01    1.0929943083e+03
    7.8870000000e+01    1.0642925418e+03
    7.8875000000e+01    1.0246066456e+03
    7.8880000000e+01    9.7481946965e+02
    7.8885000000e+01    9.1603429399e+02
    7.8890000000e+01    8.4955008698e+02
    7.8895000000e+01    7.7683250649e+02
    7.8900000000e+01    6.9948129235e+02
    7.8905000000e+01    6.1919477563e+02
    7.8910000000e+01    5.3773229286e+02
    7.8915000000e+01    4.5687533759e+02
    7.8920000000e+01    3.7838830783e+02
    7.8925000000e+01    3.0397971515e+02
    7.8930000000e+01    2.3526470893e+02
    7.8935000000e+01    1.7372973876e+02
    7.8940000000e+01    1.2070012880e+02
    7.8945000000e+01    7.7311272367e+01
    7.8950000000e+01    4.4484073277e+01
    7.8955000000e+01    2.2905165920e+01
    7.8960000000e+01    1.3012339137e+01
    7.8965000000e+01    1.4985473491e+01
    7.8970000000e+01    2.8743179190e+01
    7.8975000000e+01    5.3945195744e+01
    7.8980000000e+01    9.0000487248e+01
    7.8985000000e+01    1.3608084165e+02
    7.8990000000e+01    1.9113966132e+02
    7.8995000000e+01    2.5393551848e+02
    7.9000000000e+01    3.2305994472e+02
    7.9005000000e+01    3.9696883162e+02
    7.9010000000e+01    4.7401674128e+02
    7.9015000000e+01    5.5249336267e+02
    7.9020000000e+01    6.3066130426e+02
    7.9025000000e+01    7.0679438561e+02
    7.9030000000e+01    7.7921558155e+02
    7.9035000000e+01    8.4633378190e+02
    7.9040000000e+01    9.0667855820e+02
    7.9045000000e+01    9.5893217434e+02
    7.9050000000e+01    1.0019581409e+03
    7.9055000000e+01    1.0348256906e+03
    7.9060000000e+01    1.0568296450e+03
    7.9065000000e+01    1.0675052431e+03
    7.9070000000e+01    1.0666376188e+03
    7.9075000000e+01    1.0542657289e+03
    7.9080000000e+01    1.0306806600e+03
    7.9085000000e+01    9.9641836553e+02
    7.9090000000e+01    9.5224700747e+02
    7.9095000000e+01    8.9914919632e+02
    7.9100000000e+01    8.3829953593e+02
    7.9105000000e+01    7.7103798200e+02
    7.9110000000e+01    6.9883961491e+02
    7.9115000000e+01    6.2328150618e+02
    7.9120000000e+01    5.4600741997e+02
    7.9125000000e+01    4.6869113836e+02
    7.9130000000e+01    3.9299922720e+02
    7.9135000000e+01    3.2055407061e+02
    7.9140000000e+01    2.5289799422e+02
    7.9145000000e+01    1.9145927168e+02
    7.9150000000e+01    1.3752076535e+02
    7.9155000000e+01    9.2191892417e+01
    7.9160000000e+01    5.6384532338e+01
    7.9165000000e+01    3.0793402937e+01
    7.9170000000e+01    1.5881332310e+01
    7.9175000000e+01    1.1869744097e+01
    7.9180000000e+01    1.8734557359e+01
    7.9185000000e+01    3.6207581663e+01
    7.9190000000e+01    6.3783365683e+01
    7.9195000000e+01    1.0073133654e+02
    7.9200000000e+01    1.4611294973e+02
    7.9205000000e+01    1.9880345848e+02
    7.9210000000e+01    2.5751780936e+02
    7.9215000000e+01    3.2084007985e+02
    7.9220000000e+01    3.8725579557e+02
    7.9225000000e+01    4.5518640176e+02
    7.9230000000e+01    5.2302511660e+02
    7.9235000000e+01    5.8917336421e+02
    7.9240000000e+01    6.5207697296e+02
    7.9245000000e+01    7.1026133120e+02
    7.9250000000e+01    7.6236471614e+02
    7.9255000000e+01    8.0716905349e+02
    7.9260000000e+01    8.4362742267e+02
    7.9265000000e+01    8.7088769605e+02
    7.9270000000e+01    8.8831178659e+02
    7.9275000000e+01    8.9549007672e+02
    7.9280000000e+01    8.9225070845e+02
    7.9285000000e+01    8.7866352927e+02
    7.9290000000e+01    8.5503860750e+02
    7.9295000000e+01    8.2191935120e+02
    7.9300000000e+01    7.8007038490e+02
    7.9305000000e+01    7.3046045490e+02
    7.9310000000e+01    6.7424074401e+02
    7.9315000000e+01    6.1271907881e+02
    7.9320000000e+01    5.4733060335e+02
    7.9325000000e+01    4.7960557186e+02
    7.9330000000e+01    4.1113497665e+02
    7.9335000000e+01    3.4353477575e+02
    7.9340000000e+01    2.7840951556e+02
    7.9345000000e+01    2.1731615755e+02
    7.9350000000e+01    1.6172891350e+02
    7.9355000000e+01    1.1300587150e+02
    7.9360000000e+01    7.2358155528e+01
    7.9365000000e+01    4.0822305514e+01
    7.9370000000e+01    1.9236493479e+01
    7.9375000000e+01    8.2211069891e+00
    7.9380000000e+01    8.1641344297e+00
    7.9385000000e+01    1.9211680797e+01
    7.9390000000e+01    4.1263829340e+01
    7.9395000000e+01    7.3975946421e+01
    7.9400000000e+01    1.1676540678e+02
    7.9405000000e+01    1.6882359673e+02
    7.9410000000e+01    2.2913293625e+02
    7.9415000000e+01    2.9648855029e+02
    7.9420000000e+01    3.6952411647e+02
    7.9425000000e+01    4.4674132478e+02
    7.9430000000e+01    5.2654230428e+02
    7.9435000000e+01    6.0726430661e+02
    7.9440000000e+01    6.8721588589e+02
    7.9445000000e+01    7.6471378132e+02
    7.9450000000e+01    8.3811969274e+02
    7.9455000000e+01    9.0587614156e+02
    7.9460000000e+01    9.6654062893e+02
    7.9465000000e+01    1.0188173401e+03
    7.9470000000e+01    1.0615856972e+03
    7.9475000000e+01    1.0939251320e+03
    7.9480000000e+01    1.1151355321e+03
    7.9485000000e+01    1.1247529084e+03
    7.9490000000e+01    1.1225599381e+03
    7.9495000000e+01    1.1085911468e+03
    7.9500000000e+01    1.0831326124e+03
    7.9505000000e+01    1.0467161936e+03
    7.9510000000e+01    1.0001084038e+03
    7.9515000000e+01    9.4429416974e+02
    7.9520000000e+01    8.8045582733e+02
    7.9525000000e+01    8.0994780754e+02
    7.9530000000e+01    7.3426756374e+02
    7.9535000000e+01    6.5502337156e+02
    7.9540000000e+01    5.7389970143e+02
    7.9545000000e+01    4.9262091729e+02
    7.9550000000e+01    4.1291409138e+02
    7.9555000000e+01    3.3647174437e+02
    7.9560000000e+01    2.6491532189e+02
    7.9565000000e+01    1.9976020246e+02
    7.9570000000e+01    1.4238299830e+02
    7.9575000000e+01    9.3991860646e+01
    7.9580000000e+01    5.5600435635e+01
    7.9585000000e+01    2.8006037029e+01
    7.9590000000e+01    1.1772510319e+01
    7.9595000000e+01    7.2181602830e+00
    7.9600000000e+01    1.4409003791e+01
    7.9605000000e+01    3.3157493539e+01
    7.9610000000e+01    6.3026739261e+01
    7.9615000000e+01    1.0334013322e+02
    7.9620000000e+01    1.5319616914e+02
    7.9625000000e+01    2.1148813078e+02
    7.9630000000e+01    2.7692822039e+02
    7.9635000000e+01    3.4807560104e+02
    7.9640000000e+01    4.2336774147e+02
    7.9645000000e+01    5.0115438101e+02
    7.9650000000e+01    5.7973337497e+02
    7.9655000000e+01    6.5738764083e+02
    7.9660000000e+01    7.3242240152e+02
    7.9665000000e+01    8.0320191657e+02
    7.9670000000e+01    8.6818490328e+02
    7.9675000000e+01    9.2595787896e+02
    7.9680000000e+01    9.7526570132e+02
    7.9685000000e+01    1.0150386453e+03
    7.9690000000e+01    1.0444154301e+03
    7.9695000000e+01    1.0627617003e+03
    7.9700000000e+01    1.0696835609e+03
    7.9705000000e+01    1.0650358778e+03
    7.9710000000e+01    1.0489251675e+03
    7.9715000000e+01    1.0217070161e+03
    7.9720000000e+01    9.8397809045e+02
    7.9725000000e+01    9.3656291807e+02
    7.9730000000e+01    8.8049572880e+02
    7.9735000000e+01    8.1699775682e+02
    7.9740000000e+01    7.4745050067e+02
    7.9745000000e+01    6.7336552626e+02
    7.9750000000e+01    5.9635147244e+02
    7.9755000000e+01    5.1807897928e+02
    7.9760000000e+01    4.4024430320e+02
    7.9765000000e+01    3.6453241150e+02
    7.9770000000e+01    2.9258035914e+02
    7.9775000000e+01    2.2594174377e+02
    7.9780000000e+01    1.6605301081e+02
    7.9785000000e+01    1.1420233955e+02
    7.9790000000e+01    7.1501784158e+01
    7.9795000000e+01    3.8863272301e+01
    7.9800000000e+01    1.6978979395e+01
    7.9805000000e+01    6.3065009740e+00
    7.9810000000e+01    7.0591408358e+00
    7.9815000000e+01    1.9201521036e+01
    7.9820000000e+01    4.2450603913e+01
    7.9825000000e+01    7.6282098491e+01
    7.9830000000e+01    1.1994210655e+02
    7.9835000000e+01    1.7246374985e+02
    7.9840000000e+01    2.3268841197e+02
    7.9845000000e+01    2.9929112816e+02
    7.9850000000e+01    3.7080956689e+02
    7.9855000000e+01    4.4567596944e+02
    7.9860000000e+01    5.2225134976e+02
    7.9865000000e+01    5.9886120897e+02
    7.9870000000e+01    6.7383198610e+02
    7.9875000000e+01    7.4552745203e+02
    7.9880000000e+01    8.1238425518e+02
    7.9885000000e+01    8.7294584699e+02
    7.9890000000e+01    9.2589405134e+02
    7.9895000000e+01    9.7007759375e+02
    7.9900000000e+01    1.0045369733e+03
    7.9905000000e+01    1.0285251403e+03
    7.9910000000e+01    1.0415235341e+03
    7.9915000000e+01    1.0432531378e+03
    7.9920000000e+01    1.0336803136e+03
    7.9925000000e+01    1.0130172979e+03
    7.9930000000e+01    9.8171735143e+02
    7.9935000000e+01    9.4046467296e+02
    7.9940000000e+01    8.9015930415e+02
    7.9945000000e+01    8.3189735626e+02
    7.9950000000e+01    7.6694699455e+02
    7.9955000000e+01    6.9672070607e+02
    7.9960000000e+01    6.2274445755e+02
    7.9965000000e+01    5.4662441658e+02
    7.9970000000e+01    4.7001196200e+02
    7.9975000000e+01    3.9456774529e+02
    7.9980000000e+01    3.2192558519e+02
    7.9985000000e+01    2.5365697990e+02
    7.9990000000e+01    1.9123700771e+02
    7.9995000000e+01    1.3601235529e+02
