    3.0000000000e+01    1.2022183106e+03
    3.0005000000e+01    1.1959743959e+03
    3.0010000000e+01    1.1430377421e+03
    3.0015000000e+01    1.1005317312e+03
    3.0020000000e+01    1.2000970903e+03
    3.0025000000e+01    1.2441621594e+03
    3.0030000000e+01    1.2383878669e+03
    3.0035000000e+01    1.1102680029e+03
    3.0040000000e+01    1.1016389773e+03
    3.0045000000e+01    1.2047663455e+03
    3.0050000000e+01    1.3244448661e+03
    3.0055000000e+01    1.1841773602e+03
    3.0060000000e+01    1.2551045036e+03
    3.0065000000e+01    1.0855535686e+03
    3.0070000000e+01    1.1672864543e+03
    3.0075000000e+01    1.1033580741e+03
    3.0080000000e+01    1.2910311164e+03
    3.0085000000e+01    1.1195368809e+03
    3.0090000000e+01    1.1618122592e+03
    3.0095000000e+01    1.1052839142e+03
    3.0100000000e+01    1.2004401356e+03
    3.0105000000e+01    1.1036688965e+03
    3.0110000000e+01    1.2235757726e+03
    3.0115000000e+01    1.1911994662e+03
    3.0120000000e+01    1.2477221456e+03
    3.0125000000e+01    1.1865213066e+03
    3.0130000000e+01    1.1000875373e+03
    3.0135000000e+01    1.1649583574e+03
    3.0140000000e+01    1.2874752246e+03
    3.0145000000e+01    1.2759447409e+03
    3.0150000000e+01    1.1315786807e+03
    3.0155000000e+01    1.2641547751e+03
    3.0160000000e+01    1.3012173623e+03
    3.0165000000e+01    1.1579526754e+03
    3.0170000000e+01    1.4402219721e+03
    3.0175000000e+01    1.2528677474e+03
    3.0180000000e+01    1.1066313604e+03
    3.0185000000e+01    1.3137023355e+03
    3.0190000000e+01    1.1553838016e+03
    3.0195000000e+01    1.1762016027e+03
    3.0200000000e+01    1.2552204956e+03
    3.0205000000e+01    1.2504026499e+03
    3.0210000000e+01    1.1839506572e+03
    3.0215000000e+01    1.0490934860e+03
    3.0220000000e+01    1.3782041595e+03
    3.0225000000e+01    1.2147535363e+03
    3.0230000000e+01    1.2772251121e+03
    3.0235000000e+01    1.3128934290e+03
    3.0240000000e+01    1.2409569925e+03
    3.0245000000e+01    1.2360747433e+03
    3.0250000000e+01    1.2329300863e+03
    3.0255000000e+01    1.2467892949e+03
    3.0260000000e+01    1.2215793570e+03
    3.0265000000e+01    1.2562942246e+03
    3.0270000000e+01    1.2584166977e+03
    3.0275000000e+01    1.3847363666e+03
    3.0280000000e+01    1.1805411365e+03
    3.0285000000e+01    1.2065405707e+03
    3.0290000000e+01    1.3478727585e+03
    3.0295000000e+01    1.1427346411e+03
    3.0300000000e+01    1.1619697916e+03
    3.0305000000e+01    1.2608333814e+03
    3.0310000000e+01    1.2410062325e+03
    3.0315000000e+01    1.2689866744e+03
    3.0320000000e+01    1.4649683130e+03
    3.0325000000e+01    1.2959756545e+03
    3.0330000000e+01    1.2559636743e+03
    3.0335000000e+01    1.2247975470e+03
    3.0340000000e+01    1.1715711935e+03
    3.0345000000e+01    1.3241212789e+03
    3.0350000000e+01    1.1506604989e+03
    3.0355000000e+01    1.4016411897e+03
    3.0360000000e+01    1.2015016607e+03
    3.0365000000e+01    1.2059173135e+03
    3.0370000000e+01    1.2361760663e+03
    3.0375000000e+01    1.3660430641e+03
    3.0380000000e+01    1.2543964145e+03
    3.0385000000e+01    1.2636152262e+03
    3.0390000000e+01    1.4613000394e+03
    3.0395000000e+01    1.3921372480e+03
    3.0400000000e+01    1.4900758334e+03
    3.0405000000e+01    1.3448909290e+03
    3.0410000000e+01    1.2805220057e+03
    3.0415000000e+01    1.3735533602e+03
    3.0420000000e+01    1.3682403407e+03
    3.0425000000e+01    1.4673066498e+03
    3.0430000000e+01    1.3578485828e+03
    3.0435000000e+01    1.4720537476e+03
    3.0440000000e+01    1.5055986820e+03
    3.0445000000e+01    1.4583944377e+03
    3.0450000000e+01    1.4278691170e+03
    3.0455000000e+01    1.2603711767e+03
    3.0460000000e+01    1.3035620487e+03
    3.0465000000e+01    1.3762894499e+03
    3.0470000000e+01    1.2867260378e+03
    3.0475000000e+01    1.4331206586e+03
    3.0480000000e+01    1.2354374610e+03
    3.0485000000e+01    1.3126306836e+03
    3.0490000000e+01    1.3487570047e+03
    3.0495000000e+01    1.3594207120e+03
    3.0500000000e+01    1.3602402933e+03
    3.0505000000e+01    1.4223999648e+03
    3.0510000000e+01    1.3660580038e+03
    3.0515000000e+01    1.5473265376e+03
    3.0520000000e+01    1.3735741751e+03
    3.0525000000e+01    1.4592812431e+03
    3.0530000000e+01    1.3796503848e+03
    3.0535000000e+01    1.4498997827e+03
    3.0540000000e+01    1.4143402939e+03
    3.0545000000e+01    1.5034682022e+03
    3.0550000000e+01    1.4850933799e+03
    3.0555000000e+01    1.4322581896e+03
    3.0560000000e+01    1.5710194145e+03
    3.0565000000e+01    1.4147744609e+03
    3.0570000000e+01    1.3906437496e+03
    3.0575000000e+01    1.5178434579e+03
    3.0580000000e+01    1.3054328530e+03
    3.0585000000e+01    1.4668587633e+03
    3.0590000000e+01    1.4589717688e+03
    3.0595000000e+01    1.3190520901e+03
    3.0600000000e+01    1.5607644212e+03
    3.0605000000e+01    1.5521613166e+03
    3.0610000000e+01    1.5203604152e+03
    3.0615000000e+01    1.3589631910e+03
    3.0620000000e+01    1.3868075199e+03
    3.0625000000e+01    1.3915346735e+03
    3.0630000000e+01    1.4061534744e+03
    3.0635000000e+01    1.3563772960e+03
    3.0640000000e+01    1.3123214763e+03
    3.0645000000e+01    1.4136407890e+03
    3.0650000000e+01    1.5623964854e+03
    3.0655000000e+01    1.4923319358e+03
    3.0660000000e+01    1.3948365939e+03
    3.0665000000e+01    1.5614762015e+03
    3.0670000000e+01    1.4482619734e+03
    3.0675000000e+01    1.4424019905e+03
    3.0680000000e+01    1.4747984424e+03
    3.0685000000e+01    1.3553412165e+03
    3.0690000000e+01    1.2999742060e+03
    3.0695000000e+01    1.3807002818e+03
    3.0700000000e+01    1.4907628293e+03
    3.0705000000e+01    1.4410438991e+03
    3.0710000000e+01    1.4568041294e+03
    3.0715000000e+01    1.3967160021e+03
    3.0720000000e+01    1.4652862989e+03
    3.0725000000e+01    1.4091076626e+03
    3.0730000000e+01    1.4305416765e+03
    3.0735000000e+01    1.2734896707e+03
    3.0740000000e+01    1.5233368900e+03
    3.0745000000e+01    1.3371460335e+03
    3.0750000000e+01    1.3157295593e+03
    3.0755000000e+01    1.5443491799e+03
    3.0760000000e+01    1.5255057907e+03
    3.0765000000e+01    1.6097502523e+03
    3.0770000000e+01    1.3964618708e+03
    3.0775000000e+01    1.5297380724e+03
    3.0780000000e+01    1.3581635248e+03
    3.0785000000e+01    1.4738164972e+03
    3.0790000000e+01    1.3718408675e+03
    3.0795000000e+01    1.3780087529e+03
    3.0800000000e+01    1.3388377019e+03
    3.0805000000e+01    1.2513120197e+03
    3.0810000000e+01    1.4178543674e+03
    3.0815000000e+01    1.3019694581e+03
    3.0820000000e+01    1.3773450217e+03
    3.0825000000e+01    1.2909863173e+03
    3.0830000000e+01    1.4984656129e+03
    3.0835000000e+01    1.4345249181e+03
    3.0840000000e+01    1.2711627825e+03
    3.0845000000e+01    1.3222690832e+03
    3.0850000000e+01    1.3226529942e+03
    3.0855000000e+01    1.3681533183e+03
    3.0860000000e+01    1.3729612903e+03
    3.0865000000e+01    1.3217041371e+03
    3.0870000000e+01    1.3828502897e+03
    3.0875000000e+01    1.3524536907e+03
    3.0880000000e+01    1.3736483499e+03
    3.0885000000e+01    1.2325946204e+03
    3.0890000000e+01    1.4151180817e+03
    3.0895000000e+01    1.4719088509e+03
    3.0900000000e+01    1.2914471223e+03
    3.0905000000e+01    1.1855662387e+03
    3.0910000000e+01    1.3379763688e+03
    3.0915000000e+01    1.1621472375e+03
    3.0920000000e+01    1.5165194750e+03
    3.0925000000e+01    1.3093921520e+03
    3.0930000000e+01    1.3598761540e+03
    3.0935000000e+01    1.4257982435e+03
    3.0940000000e+01    1.2596739670e+03
    3.0945000000e+01    1.3756385889e+03
    3.0950000000e+01    1.2516636521e+03
    3.0955000000e+01    1.4123346402e+03
    3.0960000000e+01    1.4508248853e+03
    3.0965000000e+01    1.2425426867e+03
    3.0970000000e+01    1.1983892311e+03
    3.0975000000e+01    1.2005810327e+03
    3.0980000000e+01    1.3592963551e+03
    3.0985000000e+01    1.2284218269e+03
    3.0990000000e+01    1.2776697365e+03
    3.0995000000e+01    1.2107070266e+03
    3.1000000000e+01    1.2616846277e+03
    3.1005000000e+01    1.3513686222e+03
    3.1010000000e+01    1.3049870538e+03
    3.1015000000e+01    1.1589762959e+03
    3.1020000000e+01    1.3469879100e+03
    3.1025000000e+01    1.3733189407e+03
    3.1030000000e+01    1.2324735049e+03
    3.1035000000e+01    1.2272679674e+03
    3.1040000000e+01    1.3754061127e+03
    3.1045000000e+01    1.3782634675e+03
    3.1050000000e+01    1.3099191809e+03
    3.1055000000e+01    1.2511900445e+03
    3.1060000000e+01    1.2702664291e+03
    3.1065000000e+01    1.2675572984e+03
    3.1070000000e+01    1.2939046521e+03
    3.1075000000e+01    1.2551894695e+03
    3.1080000000e+01    1.3895032053e+03
    3.1085000000e+01    1.4158417114e+03
    3.1090000000e+01    1.3897084742e+03
    3.1095000000e+01    1.2311809245e+03
    3.1100000000e+01    1.3000042978e+03
    3.1105000000e+01    1.3719691891e+03
    3.1110000000e+01    1.2133132920e+03
    3.1115000000e+01    1.3129793768e+03
    3.1120000000e+01    1.2420437231e+03
    3.1125000000e+01    1.3153568268e+03
    3.1130000000e+01    1.2537781384e+03
    3.1135000000e+01    1.2653486492e+03
    3.1140000000e+01    1.3621471053e+03
    3.1145000000e+01    1.2927855667e+03
    3.1150000000e+01    1.3398314949e+03
    3.1155000000e+01    1.4221738643e+03
    3.1160000000e+01    1.5032170432e+03
    3.1165000000e+01    1.3263850166e+03
    3.1170000000e+01    1.3021630799e+03
    3.1175000000e+01    1.1889256649e+03
    3.1180000000e+01    1.3517753229e+03
    3.1185000000e+01    1.2873250255e+03
    3.1190000000e+01    1.3166431741e+03
    3.1195000000e+01    1.2791228537e+03
    3.1200000000e+01    1.3242353460e+03
    3.1205000000e+01    1.2525391247e+03
    3.1210000000e+01    1.3893232636e+03
    3.1215000000e+01    1.3508675623e+03
    3.1220000000e+01    1.2395079714e+03
    3.1225000000e+01    1.2370198565e+03
    3.1230000000e+01    1.2704052394e+03
    3.1235000000e+01    1.4254016957e+03
    3.1240000000e+01    1.2324048074e+03
    3.1245000000e+01    1.3012730159e+03
    3.1250000000e+01    1.3274004344e+03
    3.1255000000e+01    1.3682228969e+03
    3.1260000000e+01    1.3540112377e+03
    3.1265000000e+01    1.3761304161e+03
    3.1270000000e+01    1.2568752303e+03
    3.1275000000e+01    1.3238501507e+03
    3.1280000000e+01    1.3036641435e+03
    3.1285000000e+01    1.4100344318e+03
    3.1290000000e+01    1.2480522531e+03
    3.1295000000e+01    1.3098647965e+03
    3.1300000000e+01    1.3163656197e+03
    3.1305000000e+01    1.3001929451e+03
    3.1310000000e+01    1.3880426257e+03
    3.1315000000e+01    1.2337101546e+03
    3.1320000000e+01    1.2749813593e+03
    3.1325000000e+01    1.3528105951e+03
    3.1330000000e+01    1.3993029504e+03
    3.1335000000e+01    1.4235724418e+03
    3.1340000000e+01    1.2786512457e+03
    3.1345000000e+01    1.3544464020e+03
    3.1350000000e+01    1.2197650603e+03
    3.1355000000e+01    1.2663439596e+03
    3.1360000000e+01    1.3021209846e+03
    3.1365000000e+01    1.3774473569e+03
    3.1370000000e+01    1.2599830431e+03
    3.1375000000e+01    1.3698290413e+03
    3.1380000000e+01    1.2986340535e+03
    3.1385000000e+01    1.3772647473e+03
    3.1390000000e+01    1.3472289260e+03
    3.1395000000e+01    1.4663835730e+03
    3.1400000000e+01    1.3783684816e+03
    3.1405000000e+01    1.3479223175e+03
    3.1410000000e+01    1.3833557973e+03
    3.1415000000e+01    1.2409887332e+03
    3.1420000000e+01    1.3686093910e+03
    3.1425000000e+01    1.4816000886e+03
    3.1430000000e+01    1.2235491565e+03
    3.1435000000e+01    1.2943908430e+03
    3.1440000000e+01    1.3389742075e+03
    3.1445000000e+01    1.3035802705e+03
    3.1450000000e+01    1.3849311604e+03
    3.1455000000e+01    1.3132973357e+03
    3.1460000000e+01    1.3380886782e+03
    3.1465000000e+01    1.3095337868e+03
    3.1470000000e+01    1.4142433832e+03
    3.1475000000e+01    1.3341945199e+03
    3.1480000000e+01    1.3138816669e+03
    3.1485000000e+01    1.3415866880e+03
    3.1490000000e+01    1.3777550608e+03
    3.1495000000e+01    1.2308840248e+03
    3.1500000000e+01    1.4684424831e+03
    3.1505000000e+01    1.4556171631e+03
    3.1510000000e+01    1.4651778536e+03
    3.1515000000e+01    1.3504828580e+03
    3.1520000000e+01    1.2721497967e+03
    3.1525000000e+01    1.2611072824e+03
    3.1530000000e+01    1.3440347719e+03
    3.1535000000e+01    1.2555894689e+03
    3.1540000000e+01    1.2505177733e+03
    3.1545000000e+01    1.3862318423e+03
    3.1550000000e+01    1.3525894667e+03
    3.1555000000e+01    1.2878030160e+03
    3.1560000000e+01    1.2493468287e+03
    3.1565000000e+01    1.1796392233e+03
    3.1570000000e+01    1.3626422267e+03
    3.1575000000e+01    1.3886610492e+03
    3.1580000000e+01    1.4870347171e+03
    3.1585000000e+01    1.3935700137e+03
    3.1590000000e+01    1.3195858845e+03
    3.1595000000e+01    1.4455505312e+03
    3.1600000000e+01    1.3551880610e+03
    3.1605000000e+01    1.4847444563e+03
    3.1610000000e+01    1.3707694254e+03
    3.1615000000e+01    1.4823916536e+03
    3.1620000000e+01    1.4169909646e+03
    3.1625000000e+01    1.3506335557e+03
    3.1630000000e+01    1.4700015435e+03
    3.1635000000e+01    1.3998793882e+03
    3.1640000000e+01    1.3001317218e+03
    3.1645000000e+01    1.2554601633e+03
    3.1650000000e+01    1.3627481787e+03
    3.1655000000e+01    1.3441524064e+03
    3.1660000000e+01    1.4095072170e+03
    3.1665000000e+01    1.4931258462e+03
    3.1670000000e+01    1.2936958398e+03
    3.1675000000e+01    1.4567606769e+03
    3.1680000000e+01    1.3767250078e+03
    3.1685000000e+01    1.4880453519e+03
    3.1690000000e+01    1.3953156683e+03
    3.1695000000e+01    1.5121123617e+03
    3.1700000000e+01    1.3093813051e+03
    3.1705000000e+01    1.4031672221e+03
    3.1710000000e+01    1.4850943196e+03
    3.1715000000e+01    1.3636759833e+03
    3.1720000000e+01    1.2700056352e+03
    3.1725000000e+01    1.2867440533e+03
    3.1730000000e+01    1.3190189068e+03
    3.1735000000e+01    1.3804479960e+03
    3.1740000000e+01    1.2927017945e+03
    3.1745000000e+01    1.3097887364e+03
    3.1750000000e+01    1.3356908852e+03
    3.1755000000e+01    1.2505207354e+03
    3.1760000000e+01    1.3133671280e+03
    3.1765000000e+01    1.2802361957e+03
    3.1770000000e+01    1.4071682447e+03
    3.1775000000e+01    1.1837198947e+03
    3.1780000000e+01    1.4224571073e+03
    3.1785000000e+01    1.2047276669e+03
    3.1790000000e+01    1.2700380655e+03
    3.1795000000e+01    1.4335752738e+03
    3.1800000000e+01    1.4446649616e+03
    3.1805000000e+01    1.4189243202e+03
    3.1810000000e+01    1.2618314509e+03
    3.1815000000e+01    1.3692428237e+03
    3.1820000000e+01    1.2913251964e+03
    3.1825000000e+01    1.2066338597e+03
    3.1830000000e+01    1.2377139360e+03
    3.1835000000e+01    1.2717519681e+03
    3.1840000000e+01    1.3301567436e+03
    3.1845000000e+01    1.2848440304e+03
    3.1850000000e+01    1.3479137788e+03
    3.1855000000e+01    1.4249227789e+03
    3.1860000000e+01    1.2420684491e+03
    3.1865000000e+01    1.3818512441e+03
    3.1870000000e+01    1.4198917309e+03
    3.1875000000e+01    1.3476664278e+03
    3.1880000000e+01    1.3313192652e+03
    3.1885000000e+01    1.3917364097e+03
    3.1890000000e+01    1.2112977905e+03
    3.1895000000e+01    1.2872950719e+03
    3.1900000000e+01    1.2823813350e+03
    3.1905000000e+01    1.2812257743e+03
    3.1910000000e+01    1.2253068708e+03
    3.1915000000e+01    1.3503990501e+03
    3.1920000000e+01    1.1301804236e+03
    3.1925000000e+01    1.2081448180e+03
    3.1930000000e+01    1.4130066120e+03
    3.1935000000e+01    1.1297141423e+03
    3.1940000000e+01    1.2531085201e+03
    3.1945000000e+01    1.3149561059e+03
    3.1950000000e+01    1.3061457536e+03
    3.1955000000e+01    1.3892834724e+03
    3.1960000000e+01    1.4751163668e+03
    3.1965000000e+01    1.1538941218e+03
    3.1970000000e+01    1.3477041193e+03
    3.1975000000e+01    1.2814115541e+03
    3.1980000000e+01    1.4248845861e+03
    3.1985000000e+01    1.3228477978e+03
    3.1990000000e+01    1.3951425155e+03
    3.1995000000e+01    1.2390191761e+03
    3.2000000000e+01    1.2826942863e+03
    3.2005000000e+01    1.2584513762e+03
    3.2010000000e+01    1.3268648105e+03
    3.2015000000e+01    1.3372906079e+03
    3.2020000000e+01    1.2362076237e+03
    3.2025000000e+01    1.2745326823e+03
    3.2030000000e+01    1.2476216080e+03
    3.2035000000e+01    1.2372538966e+03
    3.2040000000e+01    1.2969852732e+03
    3.2045000000e+01    1.1364093492e+03
    3.2050000000e+01    1.2667005501e+03
    3.2055000000e+01    1.2291322868e+03
    3.2060000000e+01    1.1252255968e+03
    3.2065000000e+01    1.4250249726e+03
    3.2070000000e+01    1.3188240130e+03
    3.2075000000e+01    1.3476338318e+03
    3.2080000000e+01    1.3727829142e+03
    3.2085000000e+01    1.2861407419e+03
    3.2090000000e+01    1.1576686973e+03
    3.2095000000e+01    1.2787985475e+03
    3.2100000000e+01    1.2503285491e+03
    3.2105000000e+01    1.2028889559e+03
    3.2110000000e+01    1.3193388420e+03
    3.2115000000e+01    1.2411665685e+03
    3.2120000000e+01    1.1584857980e+03
    3.2125000000e+01    1.2147522588e+03
    3.2130000000e+01    1.2639487768e+03
    3.2135000000e+01    1.1872605881e+03
    3.2140000000e+01    1.1456062093e+03
    3.2145000000e+01    1.1839603407e+03
    3.2150000000e+01    1.3347394046e+03
    3.2155000000e+01    1.3074733256e+03
    3.2160000000e+01    1.3261839565e+03
    3.2165000000e+01    1.3089203036e+03
    3.2170000000e+01    1.2643732970e+03
    3.2175000000e+01    1.2592435509e+03
    3.2180000000e+01    1.3058473546e+03
    3.2185000000e+01    1.3706670794e+03
    3.2190000000e+01    1.1894814958e+03
    3.2195000000e+01    1.3034833087e+03
    3.2200000000e+01    1.2295827239e+03
    3.2205000000e+01    1.2651476992e+03
    3.2210000000e+01    1.1279425590e+03
    3.2215000000e+01    1.4038479556e+03
    3.2220000000e+01    1.3119684510e+03
    3.2225000000e+01    1.3588659622e+03
    3.2230000000e+01    1.2598393045e+03
    3.2235000000e+01    1.4014422519e+03
    3.2240000000e+01    1.3713379941e+03
    3.2245000000e+01    1.3233743210e+03
    3.2250000000e+01    1.2077949253e+03
    3.2255000000e+01    1.1179547089e+03
    3.2260000000e+01    1.3299910346e+03
    3.2265000000e+01    1.2483828995e+03
    3.2270000000e+01    1.1821046741e+03
    3.2275000000e+01    1.2287671911e+03
    3.2280000000e+01    1.2365894336e+03
    3.2285000000e+01    1.2945212762e+03
    3.2290000000e+01    1.4273897636e+03
    3.2295000000e+01    1.2843046910e+03
    3.2300000000e+01    1.2892744430e+03
    3.2305000000e+01    1.3995944667e+03
    3.2310000000e+01    1.2415036343e+03
    3.2315000000e+01    1.3011052910e+03
    3.2320000000e+01    1.0800690812e+03
    3.2325000000e+01    1.2972223321e+03
    3.2330000000e+01    1.2531935945e+03
    3.2335000000e+01    1.3088022464e+03
    3.2340000000e+01    1.2537635863e+03
    3.2345000000e+01    1.2332880343e+03
    3.2350000000e+01    1.1788297956e+03
    3.2355000000e+01    1.2941710166e+03
    3.2360000000e+01    1.3045235775e+03
    3.2365000000e+01    1.2984837828e+03
    3.2370000000e+01    1.2560860427e+03
    3.2375000000e+01    1.4764438061e+03
    3.2380000000e+01    1.3104547536e+03
    3.2385000000e+01    1.2138416210e+03
    3.2390000000e+01    1.3799434724e+03
    3.2395000000e+01    1.2811779109e+03
    3.2400000000e+01    1.3973345261e+03
    3.2405000000e+01    1.3262387748e+03
    3.2410000000e+01    1.2095855915e+03
    3.2415000000e+01    1.4323479662e+03
    3.2420000000e+01    1.2578967944e+03
    3.2425000000e+01    1.4029512995e+03
    3.2430000000e+01    1.2660425351e+03
    3.2435000000e+01    1.2282427613e+03
    3.2440000000e+01    1.2533007976e+03
    3.2445000000e+01    1.3580168967e+03
    3.2450000000e+01    1.3337845818e+03
    3.2455000000e+01    1.3409680851e+03
    3.2460000000e+01    1.2348306327e+03
    3.2465000000e+01    1.2538493605e+03
    3.2470000000e+01    1.2857003380e+03
    3.2475000000e+01    1.3635641639e+03
    3.2480000000e+01    1.2989577575e+03
    3.2485000000e+01    1.1745402909e+03
    3.2490000000e+01    1.3081925228e+03
    3.2495000000e+01    1.3189635891e+03
    3.2500000000e+01    1.1861078013e+03
    3.2505000000e+01    1.1567867811e+03
    3.2510000000e+01    1.2703338522e+03
    3.2515000000e+01    1.3216817966e+03
    3.2520000000e+01    1.2096140770e+03
    3.2525000000e+01    1.3779256520e+03
    3.2530000000e+01    1.4221532542e+03
    3.2535000000e+01    1.3288208856e+03
    3.2540000000e+01    1.2261560834e+03
    3.2545000000e+01    1.2815658879e+03
    3.2550000000e+01    1.2305019013e+03
    3.2555000000e+01    1.4692995809e+03
    3.2560000000e+01    1.2241407918e+03
    3.2565000000e+01    1.2967151071e+03
    3.2570000000e+01    1.2359932276e+03
    3.2575000000e+01    1.3221436039e+03
    3.2580000000e+01    1.3880039400e+03
    3.2585000000e+01    1.3936780103e+03
    3.2590000000e+01    1.3809416496e+03
    3.2595000000e+01    1.3172048420e+03
    3.2600000000e+01    1.3286017468e+03
    3.2605000000e+01    1.2425388645e+03
    3.2610000000e+01    1.3331049184e+03
    3.2615000000e+01    1.2217670131e+03
    3.2620000000e+01    1.1502035838e+03
    3.2625000000e+01    1.3276943218e+03
    3.2630000000e+01    1.3567842242e+03
    3.2635000000e+01    1.3249276065e+03
    3.2640000000e+01    1.2467118501e+03
    3.2645000000e+01    1.3385933971e+03
    3.2650000000e+01    1.3048024696e+03
    3.2655000000e+01    1.4728260011e+03
    3.2660000000e+01    1.3816531114e+03
    3.2665000000e+01    1.3956368981e+03
    3.2670000000e+01    1.3870269251e+03
    3.2675000000e+01    1.3052486728e+03
    3.2680000000e+01    1.3400054774e+03
    3.2685000000e+01    1.3185392155e+03
    3.2690000000e+01    1.3575316545e+03
    3.2695000000e+01    1.4263081202e+03
    3.2700000000e+01    1.3936072057e+03
    3.2705000000e+01    1.4637284666e+03
    3.2710000000e+01    1.3983580787e+03
    3.2715000000e+01    1.3455872014e+03
    3.2720000000e+01    1.3689665909e+03
    3.2725000000e+01    1.3171100417e+03
    3.2730000000e+01    1.2987194677e+03
    3.2735000000e+01    1.3217330394e+03
    3.2740000000e+01    1.3568065145e+03
    3.2745000000e+01    1.4359999614e+03
    3.2750000000e+01    1.3731681076e+03
    3.2755000000e+01    1.2925900244e+03
    3.2760000000e+01    1.2847068217e+03
    3.2765000000e+01    1.3900762090e+03
    3.2770000000e+01    1.4358147200e+03
    3.2775000000e+01    1.3877527395e+03
    3.2780000000e+01    1.3184741998e+03
    3.2785000000e+01    1.3885353708e+03
    3.2790000000e+01    1.4218647496e+03
    3.2795000000e+01    1.4319120641e+03
    3.2800000000e+01    1.3451126832e+03
    3.2805000000e+01    1.3956096387e+03
    3.2810000000e+01    1.3759718740e+03
    3.2815000000e+01    1.3756837281e+03
    3.2820000000e+01    1.2823425334e+03
    3.2825000000e+01    1.4496992133e+03
    3.2830000000e+01    1.2424143786e+03
    3.2835000000e+01    1.3958519068e+03
    3.2840000000e+01    1.2042565589e+03
    3.2845000000e+01    1.3562365620e+03
    3.2850000000e+01    1.4066557165e+03
    3.2855000000e+01    1.3703547216e+03
    3.2860000000e+01    1.3156625296e+03
    3.2865000000e+01    1.3349645629e+03
    3.2870000000e+01    1.2951573942e+03
    3.2875000000e+01    1.3609138115e+03
    3.2880000000e+01    1.3624606750e+03
    3.2885000000e+01    1.3797636871e+03
    3.2890000000e+01    1.5415243032e+03
    3.2895000000e+01    1.2934504888e+03
    3.2900000000e+01    1.4869442315e+03
    3.2905000000e+01    1.3953319611e+03
    3.2910000000e+01    1.3147982258e+03
    3.2915000000e+01    1.4354613147e+03
    3.2920000000e+01    1.3745665766e+03
    3.2925000000e+01    1.3955314424e+03
    3.2930000000e+01    1.3861844726e+03
    3.2935000000e+01    1.2770783842e+03
    3.2940000000e+01    1.5305703920e+03
    3.2945000000e+01    1.4450368621e+03
    3.2950000000e+01    1.4716094849e+03
    3.2955000000e+01    1.4180930916e+03
    3.2960000000e+01    1.5246438349e+03
    3.2965000000e+01    1.4038381966e+03
    3.2970000000e+01    1.4195833102e+03
    3.2975000000e+01    1.3893856630e+03
    3.2980000000e+01    1.2409853561e+03
    3.2985000000e+01    1.3551248191e+03
    3.2990000000e+01    1.3765597426e+03
    3.2995000000e+01    1.3900807491e+03
    3.3000000000e+01    1.3443739839e+03
    3.3005000000e+01    1.5411464531e+03
    3.3010000000e+01    1.3899092076e+03
    3.3015000000e+01    1.3618055806e+03
    3.3020000000e+01    1.3865469254e+03
    3.3025000000e+01    1.4293341720e+03
    3.3030000000e+01    1.4543186288e+03
    3.3035000000e+01    1.4060516108e+03
    3.3040000000e+01    1.3997346750e+03
    3.3045000000e+01    1.6171053902e+03
    3.3050000000e+01    1.4534941137e+03
    3.3055000000e+01    1.4287635730e+03
    3.3060000000e+01    1.3651412253e+03
    3.3065000000e+01    1.5717651130e+03
    3.3070000000e+01    1.2928037292e+03
    3.3075000000e+01    1.4954522963e+03
    3.3080000000e+01    1.4150529662e+03
    3.3085000000e+01    1.5148782211e+03
    3.3090000000e+01    1.4332111111e+03
    3.3095000000e+01    1.3715046618e+03
    3.3100000000e+01    1.3704468241e+03
    3.3105000000e+01    1.3866757172e+03
    3.3110000000e+01    1.4555933988e+03
    3.3115000000e+01    1.6203286339e+03
    3.3120000000e+01    1.4614219664e+03
    3.3125000000e+01    1.3421126209e+03
    3.3130000000e+01    1.3807482052e+03
    3.3135000000e+01    1.4286866911e+03
    3.3140000000e+01    1.3342059547e+03
    3.3145000000e+01    1.5149572250e+03
    3.3150000000e+01    1.5096515749e+03
    3.3155000000e+01    1.2948335998e+03
    3.3160000000e+01    1.4478057872e+03
    3.3165000000e+01    1.4945207319e+03
    3.3170000000e+01    1.4438425719e+03
    3.3175000000e+01    1.4330178622e+03
    3.3180000000e+01    1.4064491611e+03
    3.3185000000e+01    1.2701742176e+03
    3.3190000000e+01    1.4968203802e+03
    3.3195000000e+01    1.5472670382e+03
    3.3200000000e+01    1.5283010402e+03
    3.3205000000e+01    1.5030467387e+03
    3.3210000000e+01    1.5600060908e+03
    3.3215000000e+01    1.3689398979e+03
    3.3220000000e+01    1.4972976444e+03
    3.3225000000e+01    1.4095348239e+03
    3.3230000000e+01    1.6413680603e+03
    3.3235000000e+01    1.4995366030e+03
    3.3240000000e+01    1.5409498553e+03
    3.3245000000e+01    1.4141993296e+03
    3.3250000000e+01    1.4217555144e+03
    3.3255000000e+01    1.5231734841e+03
    3.3260000000e+01    1.3705689301e+03
    3.3265000000e+01    1.4829536622e+03
    3.3270000000e+01    1.4028890663e+03
    3.3275000000e+01    1.6976671023e+03
    3.3280000000e+01    1.5717945292e+03
    3.3285000000e+01    1.3493805520e+03
    3.3290000000e+01    1.5101650077e+03
    3.3295000000e+01    1.6476158754e+03
    3.3300000000e+01    1.5800001036e+03
    3.3305000000e+01    1.5028105478e+03
    3.3310000000e+01    1.6189637936e+03
    3.3315000000e+01    1.3964707200e+03
    3.3320000000e+01    1.5014102189e+03
    3.3325000000e+01    1.6384447058e+03
    3.3330000000e+01    1.5751538758e+03
    3.3335000000e+01    1.5726088474e+03
    3.3340000000e+01    1.6267995663e+03
    3.3345000000e+01    1.5723142934e+03
    3.3350000000e+01    1.6209980401e+03
    3.3355000000e+01    1.6800215890e+03
    3.3360000000e+01    1.4481413974e+03
    3.3365000000e+01    1.4515660813e+03
    3.3370000000e+01    1.6502545492e+03
    3.3375000000e+01    1.7425695537e+03
    3.3380000000e+01    1.7191644237e+03
    3.3385000000e+01    1.5057207450e+03
    3.3390000000e+01    1.8377152118e+03
    3.3395000000e+01    1.7183526791e+03
    3.3400000000e+01    1.6588124150e+03
    3.3405000000e+01    1.6736541406e+03
    3.3410000000e+01    1.6447397833e+03
    3.3415000000e+01    1.5912511430e+03
    3.3420000000e+01    1.6457819414e+03
    3.3425000000e+01    1.7005860174e+03
    3.3430000000e+01    1.6053041087e+03
    3.3435000000e+01    1.5964354224e+03
    3.3440000000e+01    1.7097879693e+03
    3.3445000000e+01    1.6532424494e+03
    3.3450000000e+01    1.4918135866e+03
    3.3455000000e+01    1.5746175286e+03
    3.3460000000e+01    1.5611153113e+03
    3.3465000000e+01    1.7155043502e+03
    3.3470000000e+01    1.5641108362e+03
    3.3475000000e+01    1.5947928158e+03
    3.3480000000e+01    1.6468913772e+03
    3.3485000000e+01    1.6400409357e+03
    3.3490000000e+01    1.7213587170e+03
    3.3495000000e+01    1.7850291506e+03
    3.3500000000e+01    1.7055500942e+03
    3.3505000000e+01    1.8371476399e+03
    3.3510000000e+01    1.6296148538e+03
    3.3515000000e+01    1.4282677720e+03
    3.3520000000e+01    1.6995585399e+03
    3.3525000000e+01    1.5350583930e+03
    3.3530000000e+01    1.6550606714e+03
    3.3535000000e+01    1.5017594439e+03
    3.3540000000e+01    1.6557048809e+03
    3.3545000000e+01    1.8096958074e+03
    3.3550000000e+01    1.5763046377e+03
    3.3555000000e+01    1.5352711895e+03
    3.3560000000e+01    1.6650702784e+03
    3.3565000000e+01    1.7656169893e+03
    3.3570000000e+01    1.6975451145e+03
    3.3575000000e+01    1.6050612826e+03
    3.3580000000e+01    1.6661566567e+03
    3.3585000000e+01    1.7362792363e+03
    3.3590000000e+01    1.8206748122e+03
    3.3595000000e+01    1.7198730103e+03
    3.3600000000e+01    1.5787622447e+03
    3.3605000000e+01    1.7111479831e+03
    3.3610000000e+01    1.6396507578e+03
    3.3615000000e+01    1.5968785051e+03
    3.3620000000e+01    1.8133971116e+03
    3.3625000000e+01    1.7240476834e+03
    3.3630000000e+01    1.8316638992e+03
    3.3635000000e+01    1.6964881214e+03
    3.3640000000e+01    1.6666768750e+03
    3.3645000000e+01    1.6911957222e+03
    3.3650000000e+01    1.4358262411e+03
    3.3655000000e+01    1.9565772848e+03
    3.3660000000e+01    1.7103883484e+03
    3.3665000000e+01    1.7962058744e+03
    3.3670000000e+01    1.7776292644e+03
    3.3675000000e+01    1.5855594777e+03
    3.3680000000e+01    1.7211625983e+03
    3.3685000000e+01    1.5962358329e+03
    3.3690000000e+01    1.8130663677e+03
    3.3695000000e+01    1.7402565063e+03
    3.3700000000e+01    1.8358192229e+03
    3.3705000000e+01    1.7062198972e+03
    3.3710000000e+01    1.7034510378e+03
    3.3715000000e+01    1.5954860152e+03
    3.3720000000e+01    1.5887204686e+03
    3.3725000000e+01    1.6268020870e+03
    3.3730000000e+01    1.9601153993e+03
    3.3735000000e+01    1.5608267974e+03
    3.3740000000e+01    1.8074568954e+03
    3.3745000000e+01    1.6272491401e+03
    3.3750000000e+01    1.7163771583e+03
    3.3755000000e+01    1.8430809194e+03
    3.3760000000e+01    1.6777106312e+03
    3.3765000000e+01    1.7720993079e+03
    3.3770000000e+01    1.8889464267e+03
    3.3775000000e+01    1.6297724834e+03
    3.3780000000e+01    1.7499744079e+03
    3.3785000000e+01    1.9375239608e+03
    3.3790000000e+01    1.5152086422e+03
    3.3795000000e+01    1.6697896816e+03
    3.3800000000e+01    1.6572083997e+03
    3.3805000000e+01    1.7142245816e+03
    3.3810000000e+01    1.6339681825e+03
    3.3815000000e+01    1.7423517481e+03
    3.3820000000e+01    1.7608959601e+03
    3.3825000000e+01    1.6954463118e+03
    3.3830000000e+01    1.6916722981e+03
    3.3835000000e+01    1.6143704495e+03
    3.3840000000e+01    1.6582803748e+03
    3.3845000000e+01    1.4260424710e+03
    3.3850000000e+01    1.6349573900e+03
    3.3855000000e+01    1.5650045686e+03
    3.3860000000e+01    1.9441258495e+03
    3.3865000000e+01    1.5326135142e+03
    3.3870000000e+01    1.5644825382e+03
    3.3875000000e+01    1.3940295327e+03
    3.3880000000e+01    1.7050744299e+03
    3.3885000000e+01    1.6272085221e+03
    3.3890000000e+01    1.7503207947e+03
    3.3895000000e+01    1.5362096393e+03
    3.3900000000e+01    1.6226086035e+03
    3.3905000000e+01    1.5565886821e+03
    3.3910000000e+01    1.5909316101e+03
    3.3915000000e+01    1.6962569789e+03
    3.3920000000e+01    1.6294565512e+03
    3.3925000000e+01    1.5326147275e+03
    3.3930000000e+01    1.5069513947e+03
    3.3935000000e+01    1.4946097926e+03
    3.3940000000e+01    1.6299460434e+03
    3.3945000000e+01    1.6056255192e+03
    3.3950000000e+01    1.6351586875e+03
    3.3955000000e+01    1.6580069104e+03
    3.3960000000e+01    1.6674729135e+03
    3.3965000000e+01    1.8599859355e+03
    3.3970000000e+01    1.7147366770e+03
    3.3975000000e+01    1.5843809602e+03
    3.3980000000e+01    1.5851742915e+03
    3.3985000000e+01    1.5547977051e+03
    3.3990000000e+01    1.5031707078e+03
    3.3995000000e+01    1.5587390372e+03
    3.4000000000e+01    1.5396594078e+03
    3.4005000000e+01    1.3825485780e+03
    3.4010000000e+01    1.6118891742e+03
    3.4015000000e+01    1.5741275720e+03
    3.4020000000e+01    1.5343034187e+03
    3.4025000000e+01    1.4868669539e+03
    3.4030000000e+01    1.6499717833e+03
    3.4035000000e+01    1.6559161615e+03
    3.4040000000e+01    1.4215724297e+03
    3.4045000000e+01    1.6231965057e+03
    3.4050000000e+01    1.5886941361e+03
    3.4055000000e+01    1.4856817545e+03
    3.4060000000e+01    1.5089771082e+03
    3.4065000000e+01    1.5689105291e+03
    3.4070000000e+01    1.5263907680e+03
    3.4075000000e+01    1.5764387860e+03
    3.4080000000e+01    1.6064696950e+03
    3.4085000000e+01    1.4143929736e+03
    3.4090000000e+01    1.6468113231e+03
    3.4095000000e+01    1.5484629096e+03
    3.4100000000e+01    1.5814474666e+03
    3.4105000000e+01    1.7442201098e+03
    3.4110000000e+01    1.5465798919e+03
    3.4115000000e+01    1.6145882087e+03
    3.4120000000e+01    1.5122428612e+03
    3.4125000000e+01    1.6773134501e+03
    3.4130000000e+01    1.5568378343e+03
    3.4135000000e+01    1.7292760924e+03
    3.4140000000e+01    1.4406927816e+03
    3.4145000000e+01    1.5679766371e+03
    3.4150000000e+01    1.5468441564e+03
    3.4155000000e+01    1.6185220138e+03
    3.4160000000e+01    1.3401468065e+03
    3.4165000000e+01    1.5582341545e+03
    3.4170000000e+01    1.5670110290e+03
    3.4175000000e+01    1.4425331382e+03
    3.4180000000e+01    1.5965935933e+03
    3.4185000000e+01    1.4797454809e+03
    3.4190000000e+01    1.5536695958e+03
    3.4195000000e+01    1.6122365468e+03
    3.4200000000e+01    1.5824562251e+03
    3.4205000000e+01    1.5335112749e+03
    3.4210000000e+01    1.5543541287e+03
    3.4215000000e+01    1.5717736264e+03
    3.4220000000e+01    1.5161911785e+03
    3.4225000000e+01    1.4925323810e+03
    3.4230000000e+01    1.4116585337e+03
    3.4235000000e+01    1.4847011404e+03
    3.4240000000e+01    1.4366427898e+03
    3.4245000000e+01    1.3675115453e+03
    3.4250000000e+01    1.4959221523e+03
    3.4255000000e+01    1.5561706560e+03
    3.4260000000e+01    1.4810964153e+03
    3.4265000000e+01    1.4494795669e+03
    3.4270000000e+01    1.5094985167e+03
    3.4275000000e+01    1.3597638521e+03
    3.4280000000e+01    1.6936528929e+03
    3.4285000000e+01    1.4342706298e+03
    3.4290000000e+01    1.4700208904e+03
    3.4295000000e+01    1.4840579351e+03
    3.4300000000e+01    1.5724299780e+03
    3.4305000000e+01    1.3903273778e+03
    3.4310000000e+01    1.5054937465e+03
    3.4315000000e+01    1.5029350869e+03
    3.4320000000e+01    1.5661128745e+03
    3.4325000000e+01    1.5471852832e+03
    3.4330000000e+01    1.4158762458e+03
    3.4335000000e+01    1.5276474053e+03
    3.4340000000e+01    1.4542901338e+03
    3.4345000000e+01    1.5021913458e+03
    3.4350000000e+01    1.4085990339e+03
    3.4355000000e+01    1.4263048038e+03
    3.4360000000e+01    1.4682658429e+03
    3.4365000000e+01    1.4119112800e+03
    3.4370000000e+01    1.3423711723e+03
    3.4375000000e+01    1.4719456811e+03
    3.4380000000e+01    1.4571038777e+03
    3.4385000000e+01    1.3643304064e+03
    3.4390000000e+01    1.4785523235e+03
    3.4395000000e+01    1.4697470755e+03
    3.4400000000e+01    1.5661680938e+03
    3.4405000000e+01    1.4789343831e+03
    3.4410000000e+01    1.5764360061e+03
    3.4415000000e+01    1.5661779413e+03
    3.4420000000e+01    1.4010456545e+03
    3.4425000000e+01    1.3981838462e+03
    3.4430000000e+01    1.5961745915e+03
    3.4435000000e+01    1.5227626814e+03
    3.4440000000e+01    1.6860689574e+03
    3.4445000000e+01    1.5303828467e+03
    3.4450000000e+01    1.5345167952e+03
    3.4455000000e+01    1.3909528143e+03
    3.4460000000e+01    1.4118349917e+03
    3.4465000000e+01    1.4189732977e+03
    3.4470000000e+01    1.3471093110e+03
    3.4475000000e+01    1.4633640679e+03
    3.4480000000e+01    1.4865172408e+03
    3.4485000000e+01    1.4564126547e+03
    3.4490000000e+01    1.5385897106e+03
    3.4495000000e+01    1.3856133265e+03
    3.4500000000e+01    1.4118768600e+03
    3.4505000000e+01    1.4646897431e+03
    3.4510000000e+01    1.5555843199e+03
    3.4515000000e+01    1.4766455026e+03
    3.4520000000e+01    1.4548285757e+03
    3.4525000000e+01    1.3903753970e+03
    3.4530000000e+01    1.3219621760e+03
    3.4535000000e+01    1.4572669851e+03
    3.4540000000e+01    1.3693798675e+03
    3.4545000000e+01    1.4039568409e+03
    3.4550000000e+01    1.3694693589e+03
    3.4555000000e+01    1.5593547319e+03
    3.4560000000e+01    1.4913343293e+03
    3.4565000000e+01    1.3422133634e+03
    3.4570000000e+01    1.5745331735e+03
    3.4575000000e+01    1.4945587745e+03
    3.4580000000e+01    1.4332959884e+03
    3.4585000000e+01    1.4816049111e+03
    3.4590000000e+01    1.5056280628e+03
    3.4595000000e+01    1.4745478017e+03
    3.4600000000e+01    1.4906535577e+03
    3.4605000000e+01    1.5447198800e+03
    3.4610000000e+01    1.4780417250e+03
    3.4615000000e+01    1.5102070884e+03
    3.4620000000e+01    1.4845786950e+03
    3.4625000000e+01    1.5683292855e+03
    3.4630000000e+01    1.4604715346e+03
    3.4635000000e+01    1.5043910850e+03
    3.4640000000e+01    1.4165219182e+03
    3.4645000000e+01    1.4647223572e+03
    3.4650000000e+01    1.4071013394e+03
    3.4655000000e+01    1.4568130751e+03
    3.4660000000e+01    1.5457523976e+03
    3.4665000000e+01    1.3921989864e+03
    3.4670000000e+01    1.4169242471e+03
    3.4675000000e+01    1.4277175627e+03
    3.4680000000e+01    1.4540535204e+03
    3.4685000000e+01    1.3511147275e+03
    3.4690000000e+01    1.3845140623e+03
    3.4695000000e+01    1.4334942719e+03
    3.4700000000e+01    1.5310733228e+03
    3.4705000000e+01    1.4588555033e+03
    3.4710000000e+01    1.4489644839e+03
    3.4715000000e+01    1.3834966008e+03
    3.4720000000e+01    1.4473011288e+03
    3.4725000000e+01    1.6059913430e+03
    3.4730000000e+01    1.5851972511e+03
    3.4735000000e+01    1.5767562082e+03
    3.4740000000e+01    1.5489961699e+03
    3.4745000000e+01    1.4145101480e+03
    3.4750000000e+01    1.4552558022e+03
    3.4755000000e+01    1.4378008075e+03
    3.4760000000e+01    1.5250487475e+03
    3.4765000000e+01    1.5263836268e+03
    3.4770000000e+01    1.5905492785e+03
    3.4775000000e+01    1.3716785474e+03
    3.4780000000e+01    1.4611337019e+03
    3.4785000000e+01    1.3770351650e+03
    3.4790000000e+01    1.4621514317e+03
    3.4795000000e+01    1.5750560498e+03
    3.4800000000e+01    1.5133338990e+03
    3.4805000000e+01    1.6136763779e+03
    3.4810000000e+01    1.3417862063e+03
    3.4815000000e+01    1.4484808149e+03
    3.4820000000e+01    1.6447203998e+03
    3.4825000000e+01    1.8127637434e+03
    3.4830000000e+01    1.6183677737e+03
    3.4835000000e+01    1.4370347226e+03
    3.4840000000e+01    1.4739011711e+03
    3.4845000000e+01    1.5436675930e+03
    3.4850000000e+01    1.5616040102e+03
    3.4855000000e+01    1.5816125808e+03
    3.4860000000e+01    1.5428122085e+03
    3.4865000000e+01    1.6158834194e+03
    3.4870000000e+01    1.6732167196e+03
    3.4875000000e+01    1.7161344339e+03
    3.4880000000e+01    1.5579033153e+03
    3.4885000000e+01    1.5231547012e+03
    3.4890000000e+01    1.6495934277e+03
    3.4895000000e+01    1.5250767275e+03
    3.4900000000e+01    1.4593490268e+03
    3.4905000000e+01    1.5315061616e+03
    3.4910000000e+01    1.7167863810e+03
    3.4915000000e+01    1.5574663304e+03
    3.4920000000e+01    1.5571897461e+03
    3.4925000000e+01    1.5418724778e+03
    3.4930000000e+01    1.5922695015e+03
    3.4935000000e+01    1.5404814030e+03
    3.4940000000e+01    1.6346048697e+03
    3.4945000000e+01    1.4935018330e+03
    3.4950000000e+01    1.5383687683e+03
    3.4955000000e+01    1.5995256855e+03
    3.4960000000e+01    1.5675299604e+03
    3.4965000000e+01    1.5548587888e+03
    3.4970000000e+01    1.5537307263e+03
    3.4975000000e+01    1.4459370777e+03
    3.4980000000e+01    1.4182112725e+03
    3.4985000000e+01    1.5755892343e+03
    3.4990000000e+01    1.6375741552e+03
    3.4995000000e+01    1.6298281522e+03
    3.5000000000e+01    1.3795491549e+03
    3.5005000000e+01    1.4823833976e+03
    3.5010000000e+01    1.5559618997e+03
    3.5015000000e+01    1.3213945928e+03
    3.5020000000e+01    1.5937363977e+03
    3.5025000000e+01    1.6035025066e+03
    3.5030000000e+01    1.5105694654e+03
    3.5035000000e+01    1.7245638182e+03
    3.5040000000e+01    1.5996408888e+03
    3.5045000000e+01    1.5470731251e+03
    3.5050000000e+01    1.5524443100e+03
    3.5055000000e+01    1.6348572010e+03
    3.5060000000e+01    1.6925064044e+03
    3.5065000000e+01    1.5659194517e+03
    3.5070000000e+01    1.5762232335e+03
    3.5075000000e+01    1.6316210373e+03
    3.5080000000e+01    1.6924884837e+03
    3.5085000000e+01    1.5772442173e+03
    3.5090000000e+01    1.5278225115e+03
    3.5095000000e+01    1.5760569985e+03
    3.5100000000e+01    1.6964727568e+03
    3.5105000000e+01    1.8719479785e+03
    3.5110000000e+01    1.7247579943e+03
    3.5115000000e+01    1.7311438201e+03
    3.5120000000e+01    1.5056137036e+03
    3.5125000000e+01    1.6172677375e+03
    3.5130000000e+01    1.5917246624e+03
    3.5135000000e+01    1.7382046702e+03
    3.5140000000e+01    1.7934419358e+03
    3.5145000000e+01    1.5921866657e+03
    3.5150000000e+01    1.6357726734e+03
    3.5155000000e+01    1.6171629026e+03
    3.5160000000e+01    1.5575971095e+03
    3.5165000000e+01    1.7382424361e+03
    3.5170000000e+01    1.6884491943e+03
    3.5175000000e+01    1.6732665607e+03
    3.5180000000e+01    1.6337433623e+03
    3.5185000000e+01    1.6845415761e+03
    3.5190000000e+01    1.5638308556e+03
    3.5195000000e+01    1.7380059211e+03
    3.5200000000e+01    1.7416721570e+03
    3.5205000000e+01    1.6988000046e+03
    3.5210000000e+01    1.7022959139e+03
    3.5215000000e+01    1.6805278618e+03
    3.5220000000e+01    1.5883506434e+03
    3.5225000000e+01    1.6324161819e+03
    3.5230000000e+01    1.7625766000e+03
    3.5235000000e+01    1.7504211749e+03
    3.5240000000e+01    1.5697228364e+03
    3.5245000000e+01    1.7834337408e+03
    3.5250000000e+01    1.7727179680e+03
    3.5255000000e+01    1.9208012681e+03
    3.5260000000e+01    1.6211996236e+03
    3.5265000000e+01    1.6967466284e+03
    3.5270000000e+01    1.5986827331e+03
    3.5275000000e+01    1.6742025350e+03
    3.5280000000e+01    1.9472109825e+03
    3.5285000000e+01    1.7717062708e+03
    3.5290000000e+01    1.6874411826e+03
    3.5295000000e+01    1.8142461410e+03
    3.5300000000e+01    1.8078995110e+03
    3.5305000000e+01    1.8252012408e+03
    3.5310000000e+01    1.7739165562e+03
    3.5315000000e+01    1.8202641883e+03
    3.5320000000e+01    1.8790150360e+03
    3.5325000000e+01    1.7530712552e+03
    3.5330000000e+01    1.7770210337e+03
    3.5335000000e+01    1.9224822385e+03
    3.5340000000e+01    1.8469588263e+03
    3.5345000000e+01    1.9486641765e+03
    3.5350000000e+01    1.8423453760e+03
    3.5355000000e+01    2.0236074269e+03
    3.5360000000e+01    1.8117988245e+03
    3.5365000000e+01    2.0405408644e+03
    3.5370000000e+01    1.9430635112e+03
    3.5375000000e+01    1.8967271785e+03
    3.5380000000e+01    1.8818314161e+03
    3.5385000000e+01    1.8735517182e+03
    3.5390000000e+01    1.7643119575e+03
    3.5395000000e+01    1.8344780675e+03
    3.5400000000e+01    1.8756143799e+03
    3.5405000000e+01    1.9978387391e+03
    3.5410000000e+01    1.8928095316e+03
    3.5415000000e+01    1.8564346673e+03
    3.5420000000e+01    1.8862262761e+03
    3.5425000000e+01    2.0081975003e+03
    3.5430000000e+01    2.2071038850e+03
    3.5435000000e+01    1.9448925368e+03
    3.5440000000e+01    1.9404976423e+03
    3.5445000000e+01    1.9501232674e+03
    3.5450000000e+01    1.9142586994e+03
    3.5455000000e+01    1.7684346510e+03
    3.5460000000e+01    1.8278293409e+03
    3.5465000000e+01    1.9880157467e+03
    3.5470000000e+01    1.8712925195e+03
    3.5475000000e+01    2.0385515582e+03
    3.5480000000e+01    2.0968702801e+03
    3.5485000000e+01    1.9276286467e+03
    3.5490000000e+01    1.9128033960e+03
    3.5495000000e+01    1.7485712945e+03
    3.5500000000e+01    1.8838196721e+03
    3.5505000000e+01    2.0380011321e+03
    3.5510000000e+01    1.9963705060e+03
    3.5515000000e+01    2.0622911283e+03
    3.5520000000e+01    1.8055006200e+03
    3.5525000000e+01    2.0826272384e+03
    3.5530000000e+01    1.9781076895e+03
    3.5535000000e+01    2.0330608034e+03
    3.5540000000e+01    2.0764938564e+03
    3.5545000000e+01    1.8961960701e+03
    3.5550000000e+01    2.3510071429e+03
    3.5555000000e+01    2.0372977160e+03
    3.5560000000e+01    2.1622051938e+03
    3.5565000000e+01    2.0636966109e+03
    3.5570000000e+01    2.0793962657e+03
    3.5575000000e+01    2.1357411328e+03
    3.5580000000e+01    2.1234040635e+03
    3.5585000000e+01    2.0594970686e+03
    3.5590000000e+01    2.1541426176e+03
    3.5595000000e+01    2.2076064389e+03
    3.5600000000e+01    2.0512627129e+03
    3.5605000000e+01    1.9632225772e+03
    3.5610000000e+01    2.1004840117e+03
    3.5615000000e+01    2.0806891432e+03
    3.5620000000e+01    2.0370140969e+03
    3.5625000000e+01    2.3380925829e+03
    3.5630000000e+01    2.0244151092e+03
    3.5635000000e+01    2.1077944345e+03
    3.5640000000e+01    2.2790613323e+03
    3.5645000000e+01    2.2092901905e+03
    3.5650000000e+01    2.0093069613e+03
    3.5655000000e+01    2.3277013372e+03
    3.5660000000e+01    2.1541654635e+03
    3.5665000000e+01    2.2211617545e+03
    3.5670000000e+01    2.0731094957e+03
    3.5675000000e+01    2.0861449194e+03
    3.5680000000e+01    2.3976241307e+03
    3.5685000000e+01    2.2818470604e+03
    3.5690000000e+01    2.1552060437e+03
    3.5695000000e+01    2.3840078054e+03
    3.5700000000e+01    2.2830149040e+03
    3.5705000000e+01    2.1172862924e+03
    3.5710000000e+01    2.2737505808e+03
    3.5715000000e+01    2.2090315300e+03
    3.5720000000e+01    2.2172723408e+03
    3.5725000000e+01    2.1209723913e+03
    3.5730000000e+01    2.2385108182e+03
    3.5735000000e+01    2.1092257210e+03
    3.5740000000e+01    2.3611958031e+03
    3.5745000000e+01    2.3075519532e+03
    3.5750000000e+01    2.3274135083e+03
    3.5755000000e+01    2.2937344507e+03
    3.5760000000e+01    2.2248235416e+03
    3.5765000000e+01    2.3437661526e+03
    3.5770000000e+01    2.1912785434e+03
    3.5775000000e+01    2.1362227945e+03
    3.5780000000e+01    2.2657060381e+03
    3.5785000000e+01    2.1835755256e+03
    3.5790000000e+01    2.4108697977e+03
    3.5795000000e+01    2.1424758282e+03
    3.5800000000e+01    2.6238731128e+03
    3.5805000000e+01    2.1355376126e+03
    3.5810000000e+01    2.3348356061e+03
    3.5815000000e+01    2.2182693493e+03
    3.5820000000e+01    2.3286973503e+03
    3.5825000000e+01    2.1032720900e+03
    3.5830000000e+01    2.0692331746e+03
    3.5835000000e+01    2.5216175745e+03
    3.5840000000e+01    2.3599939163e+03
    3.5845000000e+01    2.1810520099e+03
    3.5850000000e+01    2.1445177194e+03
    3.5855000000e+01    2.1373723673e+03
    3.5860000000e+01    2.1696962052e+03
    3.5865000000e+01    2.5707374091e+03
    3.5870000000e+01    2.2017889497e+03
    3.5875000000e+01    2.3037941880e+03
    3.5880000000e+01    2.2602984785e+03
    3.5885000000e+01    2.4954461645e+03
    3.5890000000e+01    2.2337900441e+03
    3.5895000000e+01    2.1582309788e+03
    3.5900000000e+01    2.2959869462e+03
    3.5905000000e+01    2.2420705311e+03
    3.5910000000e+01    2.3063837175e+03
    3.5915000000e+01    2.1413994026e+03
    3.5920000000e+01    1.8728261346e+03
    3.5925000000e+01    2.0222618172e+03
    3.5930000000e+01    2.2716775487e+03
    3.5935000000e+01    2.1496408293e+03
    3.5940000000e+01    2.1957293378e+03
    3.5945000000e+01    2.0544202039e+03
    3.5950000000e+01    2.0445814842e+03
    3.5955000000e+01    2.1961215781e+03
    3.5960000000e+01    2.3108989528e+03
    3.5965000000e+01    2.4364896056e+03
    3.5970000000e+01    2.2188557368e+03
    3.5975000000e+01    2.3104233013e+03
    3.5980000000e+01    2.2302263831e+03
    3.5985000000e+01    2.3916816427e+03
    3.5990000000e+01    2.3445219181e+03
    3.5995000000e+01    2.0693354216e+03
    3.6000000000e+01    2.2176956011e+03
    3.6005000000e+01    2.1706005961e+03
    3.6010000000e+01    2.3474190773e+03
    3.6015000000e+01    2.1768415096e+03
    3.6020000000e+01    2.1766635379e+03
    3.6025000000e+01    2.0689236524e+03
    3.6030000000e+01    2.4247335137e+03
    3.6035000000e+01    2.1625939329e+03
    3.6040000000e+01    2.3223886739e+03
    3.6045000000e+01    1.9565555818e+03
    3.6050000000e+01    2.2617812101e+03
    3.6055000000e+01    2.0071046759e+03
    3.6060000000e+01    2.1683643456e+03
    3.6065000000e+01    2.2804814170e+03
    3.6070000000e+01    2.1499237994e+03
    3.6075000000e+01    2.1561632897e+03
    3.6080000000e+01    2.0263816546e+03
    3.6085000000e+01    2.2371017121e+03
    3.6090000000e+01    2.1997761579e+03
    3.6095000000e+01    2.1626335435e+03
    3.6100000000e+01    2.3114000418e+03
    3.6105000000e+01    2.3844879666e+03
    3.6110000000e+01    2.1356802968e+03
    3.6115000000e+01    2.3339500189e+03
    3.6120000000e+01    2.4381193045e+03
    3.6125000000e+01    2.2264191095e+03
    3.6130000000e+01    2.2628537430e+03
    3.6135000000e+01    2.0811744076e+03
    3.6140000000e+01    2.2348467211e+03
    3.6145000000e+01    2.0595115991e+03
    3.6150000000e+01    2.0878998839e+03
    3.6155000000e+01    1.9966003600e+03
    3.6160000000e+01    2.1580067199e+03
    3.6165000000e+01    2.2907598873e+03
    3.6170000000e+01    2.0412686882e+03
    3.6175000000e+01    2.2893119527e+03
    3.6180000000e+01    2.1939080679e+03
    3.6185000000e+01    1.8876776715e+03
    3.6190000000e+01    2.1580338353e+03
    3.6195000000e+01    2.0622799265e+03
    3.6200000000e+01    2.0010414186e+03
    3.6205000000e+01    1.9115352152e+03
    3.6210000000e+01    2.1329295459e+03
    3.6215000000e+01    2.2639943349e+03
    3.6220000000e+01    2.1391509236e+03
    3.6225000000e+01    2.3256122646e+03
    3.6230000000e+01    2.2633146235e+03
    3.6235000000e+01    2.2790049088e+03
    3.6240000000e+01    2.3820534965e+03
    3.6245000000e+01    2.1829399998e+03
    3.6250000000e+01    2.0597478631e+03
    3.6255000000e+01    2.0620982813e+03
    3.6260000000e+01    2.1061674891e+03
    3.6265000000e+01    2.1108082110e+03
    3.6270000000e+01    2.0178105262e+03
    3.6275000000e+01    2.1330467479e+03
    3.6280000000e+01    2.3397727351e+03
    3.6285000000e+01    2.0128001455e+03
    3.6290000000e+01    2.0955783966e+03
    3.6295000000e+01    2.1709415227e+03
    3.6300000000e+01    2.2424728911e+03
    3.6305000000e+01    2.2271397170e+03
    3.6310000000e+01    2.2178370200e+03
    3.6315000000e+01    2.0366087430e+03
    3.6320000000e+01    2.3546794935e+03
    3.6325000000e+01    2.3266818495e+03
    3.6330000000e+01    2.2407478706e+03
    3.6335000000e+01    2.0438255971e+03
    3.6340000000e+01    2.0796355453e+03
    3.6345000000e+01    2.2316886118e+03
    3.6350000000e+01    2.1977634648e+03
    3.6355000000e+01    2.2791585084e+03
    3.6360000000e+01    2.2053457609e+03
    3.6365000000e+01    2.2035170837e+03
    3.6370000000e+01    2.3034109395e+03
    3.6375000000e+01    2.0919511175e+03
    3.6380000000e+01    2.2905377967e+03
    3.6385000000e+01    2.1889198933e+03
    3.6390000000e+01    2.1781520174e+03
    3.6395000000e+01    2.0543155561e+03
    3.6400000000e+01    2.1658162274e+03
    3.6405000000e+01    2.0465554904e+03
    3.6410000000e+01    2.3355631499e+03
    3.6415000000e+01    2.3435941778e+03
    3.6420000000e+01    2.2563427105e+03
    3.6425000000e+01    2.2883605523e+03
    3.6430000000e+01    2.2194887216e+03
    3.6435000000e+01    2.4256608370e+03
    3.6440000000e+01    2.2642299808e+03
    3.6445000000e+01    2.3975179117e+03
    3.6450000000e+01    2.2573546943e+03
    3.6455000000e+01    2.3348168311e+03
    3.6460000000e+01    2.1928646523e+03
    3.6465000000e+01    2.4100702479e+03
    3.6470000000e+01    2.3685046648e+03
    3.6475000000e+01    2.2149464634e+03
    3.6480000000e+01    2.4073439076e+03
    3.6485000000e+01    2.3735486561e+03
    3.6490000000e+01    2.3065723185e+03
    3.6495000000e+01    2.1900284801e+03
    3.6500000000e+01    2.2318985955e+03
    3.6505000000e+01    2.1253322602e+03
    3.6510000000e+01    2.0401273319e+03
    3.6515000000e+01    2.2637889313e+03
    3.6520000000e+01    2.2170085650e+03
    3.6525000000e+01    2.1244726755e+03
    3.6530000000e+01    2.1650193470e+03
    3.6535000000e+01    2.4380572551e+03
    3.6540000000e+01    2.5184398132e+03
    3.6545000000e+01    2.0780597908e+03
    3.6550000000e+01    2.5289388738e+03
    3.6555000000e+01    2.5278053442e+03
    3.6560000000e+01    2.1502248914e+03
    3.6565000000e+01    2.1859988523e+03
    3.6570000000e+01    1.9716351289e+03
    3.6575000000e+01    2.1458136190e+03
    3.6580000000e+01    2.2280987697e+03
    3.6585000000e+01    2.3868246777e+03
    3.6590000000e+01    2.2546818153e+03
    3.6595000000e+01    2.2288558901e+03
    3.6600000000e+01    2.2172785476e+03
    3.6605000000e+01    2.3428837244e+03
    3.6610000000e+01    2.3162273162e+03
    3.6615000000e+01    2.1438353884e+03
    3.6620000000e+01    2.2961570615e+03
    3.6625000000e+01    2.1550180745e+03
    3.6630000000e+01    2.2305158765e+03
    3.6635000000e+01    2.2196454556e+03
    3.6640000000e+01    2.1375924853e+03
    3.6645000000e+01    2.5672766820e+03
    3.6650000000e+01    2.4069986080e+03
    3.6655000000e+01    2.2578797488e+03
    3.6660000000e+01    2.1714705198e+03
    3.6665000000e+01    2.4080880218e+03
    3.6670000000e+01    2.3081907704e+03
    3.6675000000e+01    2.5105147235e+03
    3.6680000000e+01    2.4297282009e+03
    3.6685000000e+01    2.3854363934e+03
    3.6690000000e+01    2.2732738298e+03
    3.6695000000e+01    2.2585736733e+03
    3.6700000000e+01    2.3230244024e+03
    3.6705000000e+01    2.5027399604e+03
    3.6710000000e+01    2.5084834680e+03
    3.6715000000e+01    2.3758766806e+03
    3.6720000000e+01    2.2339279526e+03
    3.6725000000e+01    2.4791602665e+03
    3.6730000000e+01    2.1612477890e+03
    3.6735000000e+01    2.6302107079e+03
    3.6740000000e+01    2.2489842330e+03
    3.6745000000e+01    2.2338430282e+03
    3.6750000000e+01    2.3064408261e+03
    3.6755000000e+01    2.2298837127e+03
    3.6760000000e+01    2.1921475598e+03
    3.6765000000e+01    2.1554017464e+03
    3.6770000000e+01    2.2437188484e+03
    3.6775000000e+01    2.4307889303e+03
    3.6780000000e+01    2.2832818400e+03
    3.6785000000e+01    2.2862414706e+03
    3.6790000000e+01    2.3732302467e+03
    3.6795000000e+01    2.2572305026e+03
    3.6800000000e+01    2.5444211720e+03
    3.6805000000e+01    2.5294995052e+03
    3.6810000000e+01    2.1036417877e+03
    3.6815000000e+01    2.5584085588e+03
    3.6820000000e+01    2.1624709767e+03
    3.6825000000e+01    2.1454344679e+03
    3.6830000000e+01    2.2075304694e+03
    3.6835000000e+01    2.0277463792e+03
    3.6840000000e+01    2.4833851843e+03
    3.6845000000e+01    2.1625387440e+03
    3.6850000000e+01    2.4188465883e+03
    3.6855000000e+01    2.4380630235e+03
    3.6860000000e+01    2.3758322629e+03
    3.6865000000e+01    2.2558084539e+03
    3.6870000000e+01    2.0150899594e+03
    3.6875000000e+01    2.2991674299e+03
    3.6880000000e+01    2.3028537442e+03
    3.6885000000e+01    2.4528852595e+03
    3.6890000000e+01    2.1536130966e+03
    3.6895000000e+01    2.3114818453e+03
    3.6900000000e+01    2.2318366482e+03
    3.6905000000e+01    2.2716265505e+03
    3.6910000000e+01    2.3325570700e+03
    3.6915000000e+01    2.2154912785e+03
    3.6920000000e+01    2.2802138600e+03
    3.6925000000e+01    2.2009733236e+03
    3.6930000000e+01    2.1927405401e+03
    3.6935000000e+01    2.2701794954e+03
    3.6940000000e+01    2.1998242851e+03
    3.6945000000e+01    2.1105993022e+03
    3.6950000000e+01    2.3450587954e+03
    3.6955000000e+01    2.1218308366e+03
    3.6960000000e+01    2.4018928699e+03
    3.6965000000e+01    2.2709649635e+03
    3.6970000000e+01    2.4546548333e+03
    3.6975000000e+01    2.3101771353e+03
    3.6980000000e+01    2.1968095835e+03
    3.6985000000e+01    2.1093905493e+03
    3.6990000000e+01    2.4890289026e+03
    3.6995000000e+01    2.2399970250e+03
    3.7000000000e+01    2.0334180914e+03
    3.7005000000e+01    2.1077386679e+03
    3.7010000000e+01    2.1890283172e+03
    3.7015000000e+01    2.2240977858e+03
    3.7020000000e+01    2.3205580441e+03
    3.7025000000e+01    2.1494220604e+03
    3.7030000000e+01    2.3250746393e+03
    3.7035000000e+01    2.2838935416e+03
    3.7040000000e+01    2.1190071182e+03
    3.7045000000e+01    2.2617931330e+03
    3.7050000000e+01    2.2019624524e+03
    3.7055000000e+01    2.3174424745e+03
    3.7060000000e+01    2.2179134301e+03
    3.7065000000e+01    2.1620164418e+03
    3.7070000000e+01    1.9049743356e+03
    3.7075000000e+01    2.1803481742e+03
    3.7080000000e+01    1.8932018769e+03
    3.7085000000e+01    2.1815835073e+03
    3.7090000000e+01    2.1072518976e+03
    3.7095000000e+01    2.2790142304e+03
    3.7100000000e+01    2.3354137206e+03
    3.7105000000e+01    2.1648677242e+03
    3.7110000000e+01    2.0345997287e+03
    3.7115000000e+01    2.0912557122e+03
    3.7120000000e+01    2.3428843265e+03
    3.7125000000e+01    2.0872566678e+03
    3.7130000000e+01    2.0771529267e+03
    3.7135000000e+01    1.9416270336e+03
    3.7140000000e+01    2.3847602865e+03
    3.7145000000e+01    2.1131387162e+03
    3.7150000000e+01    2.1517037974e+03
    3.7155000000e+01    2.2413330550e+03
    3.7160000000e+01    2.1272506574e+03
    3.7165000000e+01    2.1313612185e+03
    3.7170000000e+01    2.2427466393e+03
    3.7175000000e+01    2.0541549849e+03
    3.7180000000e+01    1.8981304459e+03
    3.7185000000e+01    1.9669054816e+03
    3.7190000000e+01    2.3572924657e+03
    3.7195000000e+01    2.4131068652e+03
    3.7200000000e+01    1.9084813289e+03
    3.7205000000e+01    2.3052837121e+03
    3.7210000000e+01    2.3197686416e+03
    3.7215000000e+01    2.1477504655e+03
    3.7220000000e+01    2.1512572125e+03
    3.7225000000e+01    2.0899650545e+03
    3.7230000000e+01    2.0229349317e+03
    3.7235000000e+01    2.2555040204e+03
    3.7240000000e+01    1.9843895219e+03
    3.7245000000e+01    2.0210824117e+03
    3.7250000000e+01    2.1375524875e+03
    3.7255000000e+01    2.2470783585e+03
    3.7260000000e+01    2.0108357308e+03
    3.7265000000e+01    2.1103716087e+03
    3.7270000000e+01    1.9800789470e+03
    3.7275000000e+01    1.9799144907e+03
    3.7280000000e+01    2.1409642786e+03
    3.7285000000e+01    2.1544525838e+03
    3.7290000000e+01    2.0645122120e+03
    3.7295000000e+01    2.1764423789e+03
    3.7300000000e+01    2.0601013324e+03
    3.7305000000e+01    1.9870263624e+03
    3.7310000000e+01    2.1625353222e+03
    3.7315000000e+01    2.2315169063e+03
    3.7320000000e+01    2.0653448019e+03
    3.7325000000e+01    2.3445261677e+03
    3.7330000000e+01    2.0770977354e+03
    3.7335000000e+01    1.8946960866e+03
    3.7340000000e+01    2.0970591407e+03
    3.7345000000e+01    2.2569411008e+03
    3.7350000000e+01    2.1050430240e+03
    3.7355000000e+01    2.4720200366e+03
    3.7360000000e+01    2.4159543327e+03
    3.7365000000e+01    2.1669057089e+03
    3.7370000000e+01    2.0124465946e+03
    3.7375000000e+01    1.9935574445e+03
    3.7380000000e+01    2.1765031101e+03
    3.7385000000e+01    2.3265355226e+03
    3.7390000000e+01    2.2852697913e+03
    3.7395000000e+01    2.2171233302e+03
    3.7400000000e+01    2.1077376578e+03
    3.7405000000e+01    2.1185772963e+03
    3.7410000000e+01    2.3244465722e+03
    3.7415000000e+01    2.2532681688e+03
    3.7420000000e+01    2.2487816897e+03
    3.7425000000e+01    2.0816982402e+03
    3.7430000000e+01    2.1891229197e+03
    3.7435000000e+01    2.4335221559e+03
    3.7440000000e+01    2.2725899042e+03
    3.7445000000e+01    2.0564505520e+03
    3.7450000000e+01    2.2303844545e+03
    3.7455000000e+01    2.1541385503e+03
    3.7460000000e+01    2.2590199845e+03
    3.7465000000e+01    2.2217592193e+03
    3.7470000000e+01    2.0624265699e+03
    3.7475000000e+01    2.5852787609e+03
    3.7480000000e+01    2.2315576598e+03
    3.7485000000e+01    2.2483695059e+03
    3.7490000000e+01    2.3406026642e+03
    3.7495000000e+01    2.1685832969e+03
    3.7500000000e+01    2.2381565501e+03
    3.7505000000e+01    2.4099965461e+03
    3.7510000000e+01    2.2073140349e+03
    3.7515000000e+01    2.6264531020e+03
    3.7520000000e+01    2.3270231146e+03
    3.7525000000e+01    2.1857906019e+03
    3.7530000000e+01    2.2851933655e+03
    3.7535000000e+01    2.3830409395e+03
    3.7540000000e+01    2.5368373798e+03
    3.7545000000e+01    2.5841817143e+03
    3.7550000000e+01    2.6461679072e+03
    3.7555000000e+01    2.5406173817e+03
    3.7560000000e+01    2.4680781611e+03
    3.7565000000e+01    2.4393876701e+03
    3.7570000000e+01    2.4487952727e+03
    3.7575000000e+01    2.3489602878e+03
    3.7580000000e+01    2.2891220396e+03
    3.7585000000e+01    2.6814769813e+03
    3.7590000000e+01    2.5337583545e+03
    3.7595000000e+01    2.2307268558e+03
    3.7600000000e+01    2.6854660147e+03
    3.7605000000e+01    2.5199655818e+03
    3.7610000000e+01    2.7185880519e+03
    3.7615000000e+01    2.7181073281e+03
    3.7620000000e+01    2.5540845395e+03
    3.7625000000e+01    2.3032059786e+03
    3.7630000000e+01    2.5265879795e+03
    3.7635000000e+01    2.4464247202e+03
    3.7640000000e+01    2.4322760297e+03
    3.7645000000e+01    2.2057686087e+03
    3.7650000000e+01    2.3544831281e+03
    3.7655000000e+01    2.7841385649e+03
    3.7660000000e+01    2.3966466474e+03
    3.7665000000e+01    2.6938508027e+03
    3.7670000000e+01    2.6508307451e+03
    3.7675000000e+01    2.8866885053e+03
    3.7680000000e+01    3.0586437171e+03
    3.7685000000e+01    2.7055969273e+03
    3.7690000000e+01    2.8197470227e+03
    3.7695000000e+01    2.6848027755e+03
    3.7700000000e+01    2.6281267472e+03
    3.7705000000e+01    2.4232541250e+03
    3.7710000000e+01    2.6891998905e+03
    3.7715000000e+01    2.9203757453e+03
    3.7720000000e+01    2.6047207674e+03
    3.7725000000e+01    2.9487182088e+03
    3.7730000000e+01    2.9360230102e+03
    3.7735000000e+01    2.7985809564e+03
    3.7740000000e+01    2.5611585715e+03
    3.7745000000e+01    3.1817022241e+03
    3.7750000000e+01    3.1399437828e+03
    3.7755000000e+01    3.2233137236e+03
    3.7760000000e+01    2.8914930205e+03
    3.7765000000e+01    2.8677450381e+03
    3.7770000000e+01    2.8979857290e+03
    3.7775000000e+01    3.1339841254e+03
    3.7780000000e+01    3.2701571655e+03
    3.7785000000e+01    3.1450082617e+03
    3.7790000000e+01    2.7778701179e+03
    3.7795000000e+01    2.9953685515e+03
    3.7800000000e+01    2.9271259049e+03
    3.7805000000e+01    2.9268891815e+03
    3.7810000000e+01    3.0081330548e+03
    3.7815000000e+01    2.8710393717e+03
    3.7820000000e+01    3.0998155872e+03
    3.7825000000e+01    2.9834544299e+03
    3.7830000000e+01    2.7431505535e+03
    3.7835000000e+01    2.7850057512e+03
    3.7840000000e+01    2.9445132917e+03
    3.7845000000e+01    3.3853402176e+03
    3.7850000000e+01    3.0483150116e+03
    3.7855000000e+01    2.8964049478e+03
    3.7860000000e+01    3.1013054004e+03
    3.7865000000e+01    2.8091543590e+03
    3.7870000000e+01    2.9230590823e+03
    3.7875000000e+01    2.7570514596e+03
    3.7880000000e+01    2.8629443706e+03
    3.7885000000e+01    2.9867670230e+03
    3.7890000000e+01    2.8484710509e+03
    3.7895000000e+01    2.9109561526e+03
    3.7900000000e+01    3.0586988762e+03
    3.7905000000e+01    3.0962515377e+03
    3.7910000000e+01    3.2514977081e+03
    3.7915000000e+01    3.0896381677e+03
    3.7920000000e+01    2.9926644881e+03
    3.7925000000e+01    3.3260510722e+03
    3.7930000000e+01    3.1150217943e+03
    3.7935000000e+01    3.3023771926e+03
    3.7940000000e+01    3.4063300987e+03
    3.7945000000e+01    3.0372169415e+03
    3.7950000000e+01    3.3679788486e+03
    3.7955000000e+01    3.3376918568e+03
    3.7960000000e+01    3.0280984870e+03
    3.7965000000e+01    3.0378534039e+03
    3.7970000000e+01    2.9649783765e+03
    3.7975000000e+01    3.1404714836e+03
    3.7980000000e+01    2.9444541047e+03
    3.7985000000e+01    3.1690001454e+03
    3.7990000000e+01    3.0046645260e+03
    3.7995000000e+01    2.9391646384e+03
    3.8000000000e+01    3.0454167246e+03
    3.8005000000e+01    2.8399616917e+03
    3.8010000000e+01    3.1243242441e+03
    3.8015000000e+01    3.1659242391e+03
    3.8020000000e+01    3.2222014547e+03
    3.8025000000e+01    3.0030719882e+03
    3.8030000000e+01    2.9498536118e+03
    3.8035000000e+01    3.3566395610e+03
    3.8040000000e+01    3.0480914943e+03
    3.8045000000e+01    3.1762610344e+03
    3.8050000000e+01    3.0756537656e+03
    3.8055000000e+01    3.1029178450e+03
    3.8060000000e+01    3.3915223136e+03
    3.8065000000e+01    2.7944877628e+03
    3.8070000000e+01    2.9369618558e+03
    3.8075000000e+01    3.2112712670e+03
    3.8080000000e+01    2.9430823500e+03
    3.8085000000e+01    2.6991206278e+03
    3.8090000000e+01    3.3188802938e+03
    3.8095000000e+01    2.9859241707e+03
    3.8100000000e+01    3.5401605995e+03
    3.8105000000e+01    3.0993000642e+03
    3.8110000000e+01    3.0483615103e+03
    3.8115000000e+01    2.8779023159e+03
    3.8120000000e+01    3.2231475989e+03
    3.8125000000e+01    3.1180118495e+03
    3.8130000000e+01    3.3408171505e+03
    3.8135000000e+01    3.1340811839e+03
    3.8140000000e+01    3.4066785863e+03
    3.8145000000e+01    3.0937030865e+03
    3.8150000000e+01    3.2533026206e+03
    3.8155000000e+01    3.3871073459e+03
    3.8160000000e+01    3.3362410002e+03
    3.8165000000e+01    3.3042017336e+03
    3.8170000000e+01    3.4318809139e+03
    3.8175000000e+01    3.2099806237e+03
    3.8180000000e+01    3.1429481553e+03
    3.8185000000e+01    3.0148922173e+03
    3.8190000000e+01    3.1145178189e+03
    3.8195000000e+01    3.5499395654e+03
    3.8200000000e+01    3.1005199816e+03
    3.8205000000e+01    3.5939199338e+03
    3.8210000000e+01    3.2315626010e+03
    3.8215000000e+01    3.2515049567e+03
    3.8220000000e+01    3.5881651762e+03
    3.8225000000e+01    3.6634288724e+03
    3.8230000000e+01    3.3946357863e+03
    3.8235000000e+01    3.0669536162e+03
    3.8240000000e+01    3.5013377691e+03
    3.8245000000e+01    3.3485321735e+03
    3.8250000000e+01    3.1212435238e+03
    3.8255000000e+01    3.4677436683e+03
    3.8260000000e+01    3.7321811232e+03
    3.8265000000e+01    3.4033392310e+03
    3.8270000000e+01    3.2601664620e+03
    3.8275000000e+01    3.4184591736e+03
    3.8280000000e+01    3.3940151650e+03
    3.8285000000e+01    3.4105657185e+03
    3.8290000000e+01    3.0321371755e+03
    3.8295000000e+01    3.6646620994e+03
    3.8300000000e+01    3.3865461948e+03
    3.8305000000e+01    3.5594549285e+03
    3.8310000000e+01    3.4037949470e+03
    3.8315000000e+01    3.8218812940e+03
    3.8320000000e+01    3.9225989905e+03
    3.8325000000e+01    3.5814114793e+03
    3.8330000000e+01    3.7696099990e+03
    3.8335000000e+01    3.8392185488e+03
    3.8340000000e+01    3.9597491645e+03
    3.8345000000e+01    3.6918125342e+03
    3.8350000000e+01    3.3859960387e+03
    3.8355000000e+01    3.9508718186e+03
    3.8360000000e+01    3.5702870634e+03
    3.8365000000e+01    4.1936308713e+03
    3.8370000000e+01    3.7650235053e+03
    3.8375000000e+01    3.9589921461e+03
    3.8380000000e+01    4.1824195181e+03
    3.8385000000e+01    3.7003048922e+03
    3.8390000000e+01    3.5987904027e+03
    3.8395000000e+01    3.6186709302e+03
    3.8400000000e+01    3.3416363977e+03
    3.8405000000e+01    3.8536184673e+03
    3.8410000000e+01    3.8410987903e+03
    3.8415000000e+01    4.0959012402e+03
    3.8420000000e+01    4.0612907008e+03
    3.8425000000e+01    4.0367980454e+03
    3.8430000000e+01    3.9311990226e+03
    3.8435000000e+01    3.7772141989e+03
    3.8440000000e+01    4.1166856471e+03
    3.8445000000e+01    4.1947003888e+03
    3.8450000000e+01    4.0297073867e+03
    3.8455000000e+01    4.0641250503e+03
    3.8460000000e+01    4.2031149958e+03
    3.8465000000e+01    3.7650630078e+03
    3.8470000000e+01    4.0564685087e+03
    3.8475000000e+01    4.5399503004e+03
    3.8480000000e+01    3.8391144913e+03
    3.8485000000e+01    4.4478621705e+03
    3.8490000000e+01    4.1517197983e+03
    3.8495000000e+01    4.1056529089e+03
    3.8500000000e+01    4.1928898359e+03
    3.8505000000e+01    4.3107343473e+03
    3.8510000000e+01    4.7180221013e+03
    3.8515000000e+01    4.5085766502e+03
    3.8520000000e+01    4.4040216741e+03
    3.8525000000e+01    4.0085405811e+03
    3.8530000000e+01    4.3071963424e+03
    3.8535000000e+01    4.6102164911e+03
    3.8540000000e+01    4.8376631361e+03
    3.8545000000e+01    4.7585772775e+03
    3.8550000000e+01    5.1118381975e+03
    3.8555000000e+01    4.6277783949e+03
    3.8560000000e+01    5.2759966661e+03
    3.8565000000e+01    4.9957538960e+03
    3.8570000000e+01    4.4777060495e+03
    3.8575000000e+01    4.9389429643e+03
    3.8580000000e+01    5.0350021422e+03
    3.8585000000e+01    5.3260644490e+03
    3.8590000000e+01    4.8263989378e+03
    3.8595000000e+01    5.0565811936e+03
    3.8600000000e+01    4.7753855284e+03
    3.8605000000e+01    4.3465860554e+03
    3.8610000000e+01    5.1576264734e+03
    3.8615000000e+01    5.0581071231e+03
    3.8620000000e+01    5.3814990004e+03
    3.8625000000e+01    5.5810226237e+03
    3.8630000000e+01    5.1462175109e+03
    3.8635000000e+01    4.9926780572e+03
    3.8640000000e+01    5.0308436673e+03
    3.8645000000e+01    5.6180746457e+03
    3.8650000000e+01    5.6350133412e+03
    3.8655000000e+01    5.6446213436e+03
    3.8660000000e+01    5.4288840144e+03
    3.8665000000e+01    6.0095567708e+03
    3.8670000000e+01    5.7123253321e+03
    3.8675000000e+01    4.7580472715e+03
    3.8680000000e+01    6.2417355891e+03
    3.8685000000e+01    6.3438602245e+03
    3.8690000000e+01    6.6883153485e+03
    3.8695000000e+01    5.6706119701e+03
    3.8700000000e+01    6.7534276503e+03
    3.8705000000e+01    5.4387594680e+03
    3.8710000000e+01    5.7547002251e+03
    3.8715000000e+01    6.4352267319e+03
    3.8720000000e+01    5.9186803022e+03
    3.8725000000e+01    5.8394517863e+03
    3.8730000000e+01    6.1712120158e+03
    3.8735000000e+01    5.7161396999e+03
    3.8740000000e+01    6.2361918588e+03
    3.8745000000e+01    6.2510582587e+03
    3.8750000000e+01    5.5646807109e+03
    3.8755000000e+01    6.4816902353e+03
    3.8760000000e+01    5.9512750207e+03
    3.8765000000e+01    6.8231678095e+03
    3.8770000000e+01    5.9608724592e+03
    3.8775000000e+01    6.5435785858e+03
    3.8780000000e+01    6.8646634475e+03
    3.8785000000e+01    6.8495900016e+03
    3.8790000000e+01    6.4331079983e+03
    3.8795000000e+01    6.1094194230e+03
    3.8800000000e+01    6.1912343472e+03
    3.8805000000e+01    6.1848227723e+03
    3.8810000000e+01    6.5578496473e+03
    3.8815000000e+01    6.4721566807e+03
    3.8820000000e+01    6.9840958223e+03
    3.8825000000e+01    6.4447038207e+03
    3.8830000000e+01    6.4278933177e+03
    3.8835000000e+01    6.2417154253e+03
    3.8840000000e+01    6.6506276053e+03
    3.8845000000e+01    5.9613727755e+03
    3.8850000000e+01    6.8279242065e+03
    3.8855000000e+01    6.7863792049e+03
    3.8860000000e+01    6.3055483972e+03
    3.8865000000e+01    6.7621536398e+03
    3.8870000000e+01    6.1813437814e+03
    3.8875000000e+01    6.0229492109e+03
    3.8880000000e+01    6.1776429237e+03
    3.8885000000e+01    6.9920244003e+03
    3.8890000000e+01    6.2145905600e+03
    3.8895000000e+01    5.8050529394e+03
    3.8900000000e+01    6.0023509272e+03
    3.8905000000e+01    6.0995169683e+03
    3.8910000000e+01    5.8071771908e+03
    3.8915000000e+01    7.0353159018e+03
    3.8920000000e+01    6.1046808826e+03
    3.8925000000e+01    6.5204653142e+03
    3.8930000000e+01    6.0408189807e+03
    3.8935000000e+01    5.6111284204e+03
    3.8940000000e+01    6.0494711089e+03
    3.8945000000e+01    5.2778609858e+03
    3.8950000000e+01    5.1730127930e+03
    3.8955000000e+01    5.9229371294e+03
    3.8960000000e+01    5.1113893814e+03
    3.8965000000e+01    5.8161744545e+03
    3.8970000000e+01    5.5726254565e+03
    3.8975000000e+01    5.5166383468e+03
    3.8980000000e+01    6.0901423337e+03
    3.8985000000e+01    5.1085822408e+03
    3.8990000000e+01    5.3320105777e+03
    3.8995000000e+01    4.9063001137e+03
    3.9000000000e+01    4.7766026501e+03
    3.9005000000e+01    4.8820630667e+03
    3.9010000000e+01    4.7291389028e+03
    3.9015000000e+01    6.1167830849e+03
    3.9020000000e+01    5.0279417147e+03
    3.9025000000e+01    4.8108195297e+03
    3.9030000000e+01    5.1348319389e+03
    3.9035000000e+01    4.8770142465e+03
    3.9040000000e+01    5.1321921307e+03
    3.9045000000e+01    4.9317327568e+03
    3.9050000000e+01    4.9891746576e+03
    3.9055000000e+01    3.9411364006e+03
    3.9060000000e+01    5.0983897776e+03
    3.9065000000e+01    4.6659133893e+03
    3.9070000000e+01    4.3917022593e+03
    3.9075000000e+01    4.3886129689e+03
    3.9080000000e+01    4.1863710759e+03
    3.9085000000e+01    4.7632762611e+03
    3.9090000000e+01    4.1504046992e+03
    3.9095000000e+01    4.5082031803e+03
    3.9100000000e+01    4.3544629075e+03
    3.9105000000e+01    3.9552492721e+03
    3.9110000000e+01    4.1321823478e+03
    3.9115000000e+01    4.3106080039e+03
    3.9120000000e+01    4.3539842793e+03
    3.9125000000e+01    3.9525836217e+03
    3.9130000000e+01    4.2747883052e+03
    3.9135000000e+01    4.3121334611e+03
    3.9140000000e+01    4.1476567937e+03
    3.9145000000e+01    4.9475529860e+03
    3.9150000000e+01    4.4531728119e+03
    3.9155000000e+01    4.1602834537e+03
    3.9160000000e+01    4.3397571948e+03
    3.9165000000e+01    3.9429960979e+03
    3.9170000000e+01    3.9419243789e+03
    3.9175000000e+01    3.8385314236e+03
    3.9180000000e+01    3.7937723021e+03
    3.9185000000e+01    4.0173764390e+03
    3.9190000000e+01    3.6496818651e+03
    3.9195000000e+01    3.6930638612e+03
    3.9200000000e+01    3.5787276101e+03
    3.9205000000e+01    3.7782592830e+03
    3.9210000000e+01    3.9306314384e+03
    3.9215000000e+01    3.5862012353e+03
    3.9220000000e+01    3.5837760700e+03
    3.9225000000e+01    3.8326375249e+03
    3.9230000000e+01    3.8908199448e+03
    3.9235000000e+01    3.7735472781e+03
    3.9240000000e+01    3.6798713904e+03
    3.9245000000e+01    3.6804566195e+03
    3.9250000000e+01    4.0317342760e+03
    3.9255000000e+01    3.7167488451e+03
    3.9260000000e+01    3.7625463915e+03
    3.9265000000e+01    3.5482214614e+03
    3.9270000000e+01    3.5405603410e+03
    3.9275000000e+01    3.4215262787e+03
    3.9280000000e+01    3.8499846480e+03
    3.9285000000e+01    3.4696563865e+03
    3.9290000000e+01    3.3482322536e+03
    3.9295000000e+01    3.6600289173e+03
    3.9300000000e+01    3.6020915914e+03
    3.9305000000e+01    3.3880432800e+03
    3.9310000000e+01    3.3275833391e+03
    3.9315000000e+01    3.5345690748e+03
    3.9320000000e+01    3.6279216857e+03
    3.9325000000e+01    3.5959533904e+03
    3.9330000000e+01    3.4827309836e+03
    3.9335000000e+01    3.5047064488e+03
    3.9340000000e+01    3.5926904561e+03
    3.9345000000e+01    3.3710123242e+03
    3.9350000000e+01    3.3281205398e+03
    3.9355000000e+01    3.8286501897e+03
    3.9360000000e+01    3.6856888054e+03
    3.9365000000e+01    4.0070827124e+03
    3.9370000000e+01    3.4846781310e+03
    3.9375000000e+01    3.6544124131e+03
    3.9380000000e+01    3.3259641460e+03
    3.9385000000e+01    3.1835939030e+03
    3.9390000000e+01    3.4436859190e+03
    3.9395000000e+01    3.2640838733e+03
    3.9400000000e+01    3.6923139011e+03
    3.9405000000e+01    3.4818760238e+03
    3.9410000000e+01    3.5129416241e+03
    3.9415000000e+01    3.4283760623e+03
    3.9420000000e+01    3.8204691703e+03
    3.9425000000e+01    3.4613368519e+03
    3.9430000000e+01    3.7933837497e+03
    3.9435000000e+01    3.5974288590e+03
    3.9440000000e+01    3.2378060496e+03
    3.9445000000e+01    3.5260727032e+03
    3.9450000000e+01    3.3119577983e+03
    3.9455000000e+01    3.4592598862e+03
    3.9460000000e+01    3.3696295189e+03
    3.9465000000e+01    3.3864306016e+03
    3.9470000000e+01    3.3534955075e+03
    3.9475000000e+01    3.3074455257e+03
    3.9480000000e+01    2.9724570938e+03
    3.9485000000e+01    3.2508986357e+03
    3.9490000000e+01    3.2559903715e+03
    3.9495000000e+01    3.2040242657e+03
    3.9500000000e+01    3.3566224262e+03
    3.9505000000e+01    3.2026831158e+03
    3.9510000000e+01    3.1284249089e+03
    3.9515000000e+01    3.2593828223e+03
    3.9520000000e+01    3.4121726236e+03
    3.9525000000e+01    3.3686949478e+03
    3.9530000000e+01    3.2469647452e+03
    3.9535000000e+01    3.1029253940e+03
    3.9540000000e+01    3.1907160603e+03
    3.9545000000e+01    3.2069623290e+03
    3.9550000000e+01    2.9793124345e+03
    3.9555000000e+01    3.3730445741e+03
    3.9560000000e+01    3.1768313008e+03
    3.9565000000e+01    3.2013125321e+03
    3.9570000000e+01    3.0513083674e+03
    3.9575000000e+01    3.4238219766e+03
    3.9580000000e+01    3.4522583410e+03
    3.9585000000e+01    3.3244931074e+03
    3.9590000000e+01    3.1140159466e+03
    3.9595000000e+01    3.0739615468e+03
    3.9600000000e+01    3.2723716125e+03
    3.9605000000e+01    3.1984290613e+03
    3.9610000000e+01    3.1043366787e+03
    3.9615000000e+01    3.1530717060e+03
    3.9620000000e+01    3.4505019502e+03
    3.9625000000e+01    3.2635294348e+03
    3.9630000000e+01    3.1096841157e+03
    3.9635000000e+01    3.2586624806e+03
    3.9640000000e+01    2.8321522253e+03
    3.9645000000e+01    3.0766695413e+03
    3.9650000000e+01    3.3048768708e+03
    3.9655000000e+01    3.1510473455e+03
    3.9660000000e+01    3.1243794483e+03
    3.9665000000e+01    3.2206153817e+03
    3.9670000000e+01    3.3358784182e+03
    3.9675000000e+01    3.2319039664e+03
    3.9680000000e+01    3.1682385351e+03
    3.9685000000e+01    2.8808189480e+03
    3.9690000000e+01    3.3316567616e+03
    3.9695000000e+01    3.2573389238e+03
    3.9700000000e+01    3.5938053549e+03
    3.9705000000e+01    3.2619980287e+03
    3.9710000000e+01    3.1752862310e+03
    3.9715000000e+01    3.0623208097e+03
    3.9720000000e+01    3.3323668241e+03
    3.9725000000e+01    3.2842941427e+03
    3.9730000000e+01    2.9121984684e+03
    3.9735000000e+01    3.1011147843e+03
    3.9740000000e+01    3.0771031418e+03
    3.9745000000e+01    3.1805246337e+03
    3.9750000000e+01    3.0723067104e+03
    3.9755000000e+01    3.4577771391e+03
    3.9760000000e+01    3.2869062411e+03
    3.9765000000e+01    3.3575984706e+03
    3.9770000000e+01    3.2233354586e+03
    3.9775000000e+01    3.0892931180e+03
    3.9780000000e+01    3.3155278219e+03
    3.9785000000e+01    3.4376228462e+03
    3.9790000000e+01    3.7060765999e+03
    3.9795000000e+01    3.3368880288e+03
    3.9800000000e+01    3.1918552430e+03
    3.9805000000e+01    3.2523539554e+03
    3.9810000000e+01    3.3058534089e+03
    3.9815000000e+01    3.4734004260e+03
    3.9820000000e+01    3.5794079111e+03
    3.9825000000e+01    3.6509158042e+03
    3.9830000000e+01    3.3996260551e+03
    3.9835000000e+01    3.3854873803e+03
    3.9840000000e+01    3.3664724159e+03
    3.9845000000e+01    3.3960209133e+03
    3.9850000000e+01    3.2762047886e+03
    3.9855000000e+01    3.4127901292e+03
    3.9860000000e+01    3.3020708706e+03
    3.9865000000e+01    3.5566151254e+03
    3.9870000000e+01    3.3978935811e+03
    3.9875000000e+01    3.5972256868e+03
    3.9880000000e+01    3.8099905098e+03
    3.9885000000e+01    3.6931831275e+03
    3.9890000000e+01    3.4021985270e+03
    3.9895000000e+01    3.4471692217e+03
    3.9900000000e+01    3.5193047175e+03
    3.9905000000e+01    3.6526899401e+03
    3.9910000000e+01    3.5906287558e+03
    3.9915000000e+01    3.7519219954e+03
    3.9920000000e+01    3.6058845964e+03
    3.9925000000e+01    3.3217472937e+03
    3.9930000000e+01    3.6975911974e+03
    3.9935000000e+01    3.7046405836e+03
    3.9940000000e+01    3.8098248555e+03
    3.9945000000e+01    3.7154062875e+03
    3.9950000000e+01    4.0213140600e+03
    3.9955000000e+01    3.9228828847e+03
    3.9960000000e+01    4.4066458320e+03
    3.9965000000e+01    3.8873078000e+03
    3.9970000000e+01    3.9643215970e+03
    3.9975000000e+01    4.0277346443e+03
    3.9980000000e+01    3.8668190848e+03
    3.9985000000e+01    3.8485097936e+03
    3.9990000000e+01    3.5573010372e+03
    3.9995000000e+01    3.9673916909e+03
    4.0000000000e+01    4.2532632483e+03
    4.0005000000e+01    3.9965722893e+03
    4.0010000000e+01    4.1481966843e+03
    4.0015000000e+01    3.8214082558e+03
    4.0020000000e+01    3.7581397569e+03
    4.0025000000e+01    3.8639124727e+03
    4.0030000000e+01    4.1674667428e+03
    4.0035000000e+01    4.4478717662e+03
    4.0040000000e+01    4.3602671271e+03
    4.0045000000e+01    4.5178716362e+03
    4.0050000000e+01    4.3680732651e+03
    4.0055000000e+01    4.4918999825e+03
    4.0060000000e+01    3.9718247618e+03
    4.0065000000e+01    4.1258476594e+03
    4.0070000000e+01    4.1408977679e+03
    4.0075000000e+01    4.0583662668e+03
    4.0080000000e+01    4.3967456662e+03
    4.0085000000e+01    3.9442119581e+03
    4.0090000000e+01    4.1138790824e+03
    4.0095000000e+01    4.5033710305e+03
    4.0100000000e+01    3.7740809621e+03
    4.0105000000e+01    4.2081408889e+03
    4.0110000000e+01    3.8498826707e+03
    4.0115000000e+01    4.4151721856e+03
    4.0120000000e+01    4.1370537255e+03
    4.0125000000e+01    4.4009941885e+03
    4.0130000000e+01    4.0773271877e+03
    4.0135000000e+01    4.3655044176e+03
    4.0140000000e+01    4.0681567567e+03
    4.0145000000e+01    4.6104765786e+03
    4.0150000000e+01    4.1825803970e+03
    4.0155000000e+01    4.2679734981e+03
    4.0160000000e+01    4.2987112354e+03
    4.0165000000e+01    4.2822250477e+03
    4.0170000000e+01    4.7469897990e+03
    4.0175000000e+01    4.7549323605e+03
    4.0180000000e+01    4.9055044448e+03
    4.0185000000e+01    4.1914651531e+03
    4.0190000000e+01    4.6633403065e+03
    4.0195000000e+01    4.5306931079e+03
    4.0200000000e+01    4.5050415322e+03
    4.0205000000e+01    4.5567405868e+03
    4.0210000000e+01    4.2210564779e+03
    4.0215000000e+01    4.4423787093e+03
    4.0220000000e+01    4.7410795754e+03
    4.0225000000e+01    4.3179442844e+03
    4.0230000000e+01    5.1327876347e+03
    4.0235000000e+01    4.8916785400e+03
    4.0240000000e+01    4.3841420658e+03
    4.0245000000e+01    4.2542892116e+03
    4.0250000000e+01    4.9586812612e+03
    4.0255000000e+01    4.8605128806e+03
    4.0260000000e+01    4.7873344408e+03
    4.0265000000e+01    4.8189892389e+03
    4.0270000000e+01    4.6858399343e+03
    4.0275000000e+01    4.7216850444e+03
    4.0280000000e+01    4.8469954456e+03
    4.0285000000e+01    4.4459167869e+03
    4.0290000000e+01    5.5118663102e+03
    4.0295000000e+01    5.1111706195e+03
    4.0300000000e+01    5.0138917420e+03
    4.0305000000e+01    5.0423281142e+03
    4.0310000000e+01    4.7535524914e+03
    4.0315000000e+01    5.0578744586e+03
    4.0320000000e+01    5.1412530283e+03
    4.0325000000e+01    5.0929438218e+03
    4.0330000000e+01    4.8581361259e+03
    4.0335000000e+01    4.8865915038e+03
    4.0340000000e+01    5.4980229875e+03
    4.0345000000e+01    5.0663850193e+03
    4.0350000000e+01    4.6425733887e+03
    4.0355000000e+01    5.7396282717e+03
    4.0360000000e+01    5.8109150447e+03
    4.0365000000e+01    5.6935017284e+03
    4.0370000000e+01    5.0120109309e+03
    4.0375000000e+01    6.1023390498e+03
    4.0380000000e+01    5.3641570161e+03
    4.0385000000e+01    5.7650348771e+03
    4.0390000000e+01    5.9086250455e+03
    4.0395000000e+01    5.0703257611e+03
    4.0400000000e+01    5.5819290242e+03
    4.0405000000e+01    5.8641976192e+03
    4.0410000000e+01    5.2390135139e+03
    4.0415000000e+01    6.1476907324e+03
    4.0420000000e+01    6.1277113675e+03
    4.0425000000e+01    6.1954870971e+03
    4.0430000000e+01    5.2652452635e+03
    4.0435000000e+01    6.5527407045e+03
    4.0440000000e+01    5.8615177711e+03
    4.0445000000e+01    6.1566926950e+03
    4.0450000000e+01    6.5747610634e+03
    4.0455000000e+01    6.2035482497e+03
    4.0460000000e+01    5.5218563757e+03
    4.0465000000e+01    6.6205961438e+03
    4.0470000000e+01    5.8734356308e+03
    4.0475000000e+01    7.3539945010e+03
    4.0480000000e+01    6.0417740750e+03
    4.0485000000e+01    5.9482739586e+03
    4.0490000000e+01    6.5977090891e+03
    4.0495000000e+01    6.3466902608e+03
    4.0500000000e+01    6.7683645753e+03
    4.0505000000e+01    6.8211412747e+03
    4.0510000000e+01    6.9795403470e+03
    4.0515000000e+01    7.0267211938e+03
    4.0520000000e+01    6.9682936128e+03
    4.0525000000e+01    7.4220929798e+03
    4.0530000000e+01    6.8352448323e+03
    4.0535000000e+01    7.2429899999e+03
    4.0540000000e+01    7.9100000143e+03
    4.0545000000e+01    7.7395459901e+03
    4.0550000000e+01    8.2849155778e+03
    4.0555000000e+01    7.0928915530e+03
    4.0560000000e+01    8.0828733237e+03
    4.0565000000e+01    8.6330884618e+03
    4.0570000000e+01    6.9582186874e+03
    4.0575000000e+01    9.4886444435e+03
    4.0580000000e+01    9.5906938215e+03
    4.0585000000e+01    8.5595014741e+03
    4.0590000000e+01    8.0410725688e+03
    4.0595000000e+01    1.0214765393e+04
    4.0600000000e+01    1.1124791441e+04
    4.0605000000e+01    9.3674676732e+03
    4.0610000000e+01    9.0268630663e+03
    4.0615000000e+01    9.3109243210e+03
    4.0620000000e+01    9.1227408862e+03
    4.0625000000e+01    1.0845637678e+04
    4.0630000000e+01    9.4618558508e+03
    4.0635000000e+01    1.1084557315e+04
    4.0640000000e+01    1.1668259859e+04
    4.0645000000e+01    1.1815620031e+04
    4.0650000000e+01    1.0691554793e+04
    4.0655000000e+01    1.1357115133e+04
    4.0660000000e+01    1.2477690845e+04
    4.0665000000e+01    1.3663132701e+04
    4.0670000000e+01    1.2380343004e+04
    4.0675000000e+01    1.1291263360e+04
    4.0680000000e+01    1.4519386317e+04
    4.0685000000e+01    1.4768230020e+04
    4.0690000000e+01    1.4489517653e+04
    4.0695000000e+01    1.4022704384e+04
    4.0700000000e+01    1.5827121058e+04
    4.0705000000e+01    1.3752984631e+04
    4.0710000000e+01    1.3511742896e+04
    4.0715000000e+01    1.6666330937e+04
    4.0720000000e+01    1.6274372516e+04
    4.0725000000e+01    1.7135846014e+04
    4.0730000000e+01    1.9405366733e+04
    4.0735000000e+01    1.5693934201e+04
    4.0740000000e+01    2.0113240244e+04
    4.0745000000e+01    1.7933974334e+04
    4.0750000000e+01    1.7961188672e+04
    4.0755000000e+01    2.1344038809e+04
    4.0760000000e+01    1.8647200969e+04
    4.0765000000e+01    1.7968207329e+04
    4.0770000000e+01    2.0341134787e+04
    4.0775000000e+01    2.2688421454e+04
    4.0780000000e+01    2.1879019465e+04
    4.0785000000e+01    2.2006430666e+04
    4.0790000000e+01    2.4340429830e+04
    4.0795000000e+01    2.5096958416e+04
    4.0800000000e+01    2.3854224056e+04
    4.0805000000e+01    2.4585140845e+04
    4.0810000000e+01    2.6875178546e+04
    4.0815000000e+01    2.4055006370e+04
    4.0820000000e+01    2.8867701076e+04
    4.0825000000e+01    2.3232666525e+04
    4.0830000000e+01    2.7502807711e+04
    4.0835000000e+01    2.6365610955e+04
    4.0840000000e+01    2.6319364585e+04
    4.0845000000e+01    2.7709698439e+04
    4.0850000000e+01    2.8321821576e+04
    4.0855000000e+01    2.7485588149e+04
    4.0860000000e+01    2.9576179673e+04
    4.0865000000e+01    2.8495089148e+04
    4.0870000000e+01    2.8661728853e+04
    4.0875000000e+01    2.7956132029e+04
    4.0880000000e+01    2.8831328173e+04
    4.0885000000e+01    2.9092277896e+04
    4.0890000000e+01    2.5998238272e+04
    4.0895000000e+01    2.7210565399e+04
    4.0900000000e+01    2.7990453793e+04
    4.0905000000e+01    2.8106101048e+04
    4.0910000000e+01    2.7556755742e+04
    4.0915000000e+01    2.6077541984e+04
    4.0920000000e+01    3.0798946890e+04
    4.0925000000e+01    3.0537522616e+04
    4.0930000000e+01    2.7018247481e+04
    4.0935000000e+01    2.8990860845e+04
    4.0940000000e+01    2.8288811369e+04
    4.0945000000e+01    2.5037663440e+04
    4.0950000000e+01    2.7872241758e+04
    4.0955000000e+01    2.7792669954e+04
    4.0960000000e+01    2.5661915716e+04
    4.0965000000e+01    2.8431710379e+04
    4.0970000000e+01    2.3298121859e+04
    4.0975000000e+01    2.5304194165e+04
    4.0980000000e+01    2.6572896348e+04
    4.0985000000e+01    2.4692554698e+04
    4.0990000000e+01    2.3559930495e+04
    4.0995000000e+01    2.5788209582e+04
    4.1000000000e+01    2.3486311071e+04
    4.1005000000e+01    2.3045798680e+04
    4.1010000000e+01    2.2008174424e+04
    4.1015000000e+01    2.0887677642e+04
    4.1020000000e+01    2.1020552961e+04
    4.1025000000e+01    2.1077104333e+04
    4.1030000000e+01    1.8014115202e+04
    4.1035000000e+01    1.9663802052e+04
    4.1040000000e+01    2.0380204782e+04
    4.1045000000e+01    1.8720008536e+04
    4.1050000000e+01    1.7456082687e+04
    4.1055000000e+01    2.0145832260e+04
    4.1060000000e+01    1.6736451701e+04
    4.1065000000e+01    1.7069860800e+04
    4.1070000000e+01    1.7340164892e+04
    4.1075000000e+01    1.6758716453e+04
    4.1080000000e+01    1.5426124776e+04
    4.1085000000e+01    1.7471479440e+04
    4.1090000000e+01    1.5592718336e+04
    4.1095000000e+01    1.4959182491e+04
    4.1100000000e+01    1.6441368694e+04
    4.1105000000e+01    1.5682156675e+04
    4.1110000000e+01    1.4090117806e+04
    4.1115000000e+01    1.3337206730e+04
    4.1120000000e+01    1.5439838828e+04
    4.1125000000e+01    1.5738469870e+04
    4.1130000000e+01    1.4524860844e+04
    4.1135000000e+01    1.4340941472e+04
    4.1140000000e+01    1.4554607731e+04
    4.1145000000e+01    1.3960463601e+04
    4.1150000000e+01    1.2798819413e+04
    4.1155000000e+01    1.4456519394e+04
    4.1160000000e+01    1.3166199713e+04
    4.1165000000e+01    1.2859426897e+04
    4.1170000000e+01    1.2014873801e+04
    4.1175000000e+01    1.3273642890e+04
    4.1180000000e+01    1.2866744031e+04
    4.1185000000e+01    1.1013287486e+04
    4.1190000000e+01    1.2752886022e+04
    4.1195000000e+01    1.1978402759e+04
    4.1200000000e+01    1.2771321597e+04
    4.1205000000e+01    1.1568031077e+04
    4.1210000000e+01    1.1085074719e+04
    4.1215000000e+01    1.3356186274e+04
    4.1220000000e+01    1.1904799058e+04
    4.1225000000e+01    1.2417581322e+04
    4.1230000000e+01    1.0652839234e+04
    4.1235000000e+01    1.2416240832e+04
    4.1240000000e+01    1.0448128442e+04
    4.1245000000e+01    1.2172198933e+04
    4.1250000000e+01    1.1112923202e+04
    4.1255000000e+01    1.1245543325e+04
    4.1260000000e+01    1.1690434301e+04
    4.1265000000e+01    1.1264846078e+04
    4.1270000000e+01    1.1280251535e+04
    4.1275000000e+01    1.0418855911e+04
    4.1280000000e+01    1.1208501320e+04
    4.1285000000e+01    1.1049554373e+04
    4.1290000000e+01    1.0566848163e+04
    4.1295000000e+01    1.0227831320e+04
    4.1300000000e+01    1.0732431546e+04
    4.1305000000e+01    1.1001023574e+04
    4.1310000000e+01    1.0912789211e+04
    4.1315000000e+01    1.0694380368e+04
    4.1320000000e+01    1.1438852010e+04
    4.1325000000e+01    1.0018867195e+04
    4.1330000000e+01    1.1453049788e+04
    4.1335000000e+01    1.1064217545e+04
    4.1340000000e+01    9.7907834093e+03
    4.1345000000e+01    1.1372762431e+04
    4.1350000000e+01    1.0484897511e+04
    4.1355000000e+01    1.1390480414e+04
    4.1360000000e+01    1.0612819909e+04
    4.1365000000e+01    9.2325720531e+03
    4.1370000000e+01    1.0410284950e+04
    4.1375000000e+01    9.6729428231e+03
    4.1380000000e+01    9.6377253798e+03
    4.1385000000e+01    9.5220678349e+03
    4.1390000000e+01    1.0326884240e+04
    4.1395000000e+01    1.0096103656e+04
    4.1400000000e+01    1.0751482903e+04
    4.1405000000e+01    1.1567453253e+04
    4.1410000000e+01    9.7501428435e+03
    4.1415000000e+01    9.2069077000e+03
    4.1420000000e+01    9.7031601525e+03
    4.1425000000e+01    1.0798704840e+04
    4.1430000000e+01    1.0962043677e+04
    4.1435000000e+01    1.0558774993e+04
    4.1440000000e+01    1.0379925431e+04
    4.1445000000e+01    1.0028600727e+04
    4.1450000000e+01    1.0435418011e+04
    4.1455000000e+01    1.0433004133e+04
    4.1460000000e+01    1.1269082502e+04
    4.1465000000e+01    1.0505566545e+04
    4.1470000000e+01    1.1618054805e+04
    4.1475000000e+01    1.0952346659e+04
    4.1480000000e+01    1.0767056867e+04
    4.1485000000e+01    1.1052485754e+04
    4.1490000000e+01    1.0682608284e+04
    4.1495000000e+01    1.1264330581e+04
    4.1500000000e+01    1.1267670120e+04
    4.1505000000e+01    1.1294282366e+04
    4.1510000000e+01    1.1313567178e+04
    4.1515000000e+01    9.6860592829e+03
    4.1520000000e+01    9.8359794801e+03
    4.1525000000e+01    1.1555386619e+04
    4.1530000000e+01    1.0228874944e+04
    4.1535000000e+01    1.0363299939e+04
    4.1540000000e+01    1.1495703035e+04
    4.1545000000e+01    1.2404503677e+04
    4.1550000000e+01    1.1760552426e+04
    4.1555000000e+01    1.1195775971e+04
    4.1560000000e+01    1.1351338161e+04
    4.1565000000e+01    1.1142925061e+04
    4.1570000000e+01    1.0826005849e+04
    4.1575000000e+01    1.2079427100e+04
    4.1580000000e+01    1.1501276455e+04
    4.1585000000e+01    1.2859764463e+04
    4.1590000000e+01    1.2499185081e+04
    4.1595000000e+01    1.2319257258e+04
    4.1600000000e+01    1.2253341211e+04
    4.1605000000e+01    1.3295119127e+04
    4.1610000000e+01    1.1926504078e+04
    4.1615000000e+01    1.3179801325e+04
    4.1620000000e+01    1.3269216020e+04
    4.1625000000e+01    1.2793835242e+04
    4.1630000000e+01    1.2395856968e+04
    4.1635000000e+01    1.3630486072e+04
    4.1640000000e+01    1.3566224188e+04
    4.1645000000e+01    1.4495993098e+04
    4.1650000000e+01    1.5338450385e+04
    4.1655000000e+01    1.6101444905e+04
    4.1660000000e+01    1.2934600076e+04
    4.1665000000e+01    1.4457555453e+04
    4.1670000000e+01    1.5145757563e+04
    4.1675000000e+01    1.3338488015e+04
    4.1680000000e+01    1.3910664181e+04
    4.1685000000e+01    1.4816759591e+04
    4.1690000000e+01    1.6378451584e+04
    4.1695000000e+01    1.5221247110e+04
    4.1700000000e+01    1.5095190798e+04
    4.1705000000e+01    1.5482850195e+04
    4.1710000000e+01    1.6475197828e+04
    4.1715000000e+01    1.7205989223e+04
    4.1720000000e+01    1.6504753775e+04
    4.1725000000e+01    1.9163649157e+04
    4.1730000000e+01    1.5266410118e+04
    4.1735000000e+01    2.0854515182e+04
    4.1740000000e+01    1.8266017907e+04
    4.1745000000e+01    1.8863246759e+04
    4.1750000000e+01    1.7975882465e+04
    4.1755000000e+01    1.8861200196e+04
    4.1760000000e+01    2.1550861548e+04
    4.1765000000e+01    1.8693966308e+04
    4.1770000000e+01    1.9490787256e+04
    4.1775000000e+01    2.2569655259e+04
    4.1780000000e+01    2.4126022215e+04
    4.1785000000e+01    2.1406338132e+04
    4.1790000000e+01    2.2108636586e+04
    4.1795000000e+01    2.6473136468e+04
    4.1800000000e+01    2.7563585733e+04
    4.1805000000e+01    2.5975628712e+04
    4.1810000000e+01    2.8862729632e+04
    4.1815000000e+01    2.5356889912e+04
    4.1820000000e+01    2.7834072792e+04
    4.1825000000e+01    2.9664016851e+04
    4.1830000000e+01    2.7936215764e+04
    4.1835000000e+01    2.7757712408e+04
    4.1840000000e+01    2.9670881723e+04
    4.1845000000e+01    3.1713375737e+04
    4.1850000000e+01    2.8380772566e+04
    4.1855000000e+01    2.9783122325e+04
    4.1860000000e+01    3.0784959681e+04
    4.1865000000e+01    3.1662574626e+04
    4.1870000000e+01    3.2487019856e+04
    4.1875000000e+01    3.0013825904e+04
    4.1880000000e+01    3.4588741928e+04
    4.1885000000e+01    3.3042587962e+04
    4.1890000000e+01    3.0969178818e+04
    4.1895000000e+01    3.3161029944e+04
    4.1900000000e+01    3.1550109776e+04
    4.1905000000e+01    3.1113182042e+04
    4.1910000000e+01    3.3150621945e+04
    4.1915000000e+01    2.9832916396e+04
    4.1920000000e+01    2.9409389421e+04
    4.1925000000e+01    2.7414251588e+04
    4.1930000000e+01    2.7843487641e+04
    4.1935000000e+01    2.8375429174e+04
    4.1940000000e+01    2.6568858064e+04
    4.1945000000e+01    2.7849909896e+04
    4.1950000000e+01    2.4512105419e+04
    4.1955000000e+01    2.3597632017e+04
    4.1960000000e+01    2.4710645683e+04
    4.1965000000e+01    2.5306747805e+04
    4.1970000000e+01    2.2183625841e+04
    4.1975000000e+01    2.2002524961e+04
    4.1980000000e+01    2.1078614500e+04
    4.1985000000e+01    1.9712936689e+04
    4.1990000000e+01    1.9301573047e+04
    4.1995000000e+01    1.8452617380e+04
    4.2000000000e+01    1.7442567074e+04
    4.2005000000e+01    1.9066902201e+04
    4.2010000000e+01    1.8079529352e+04
    4.2015000000e+01    1.8215144797e+04
    4.2020000000e+01    1.6544740804e+04
    4.2025000000e+01    1.4865129140e+04
    4.2030000000e+01    1.6345176096e+04
    4.2035000000e+01    1.3500600868e+04
    4.2040000000e+01    1.4013488802e+04
    4.2045000000e+01    1.3870086469e+04
    4.2050000000e+01    1.4228189898e+04
    4.2055000000e+01    1.3493918941e+04
    4.2060000000e+01    1.2707713228e+04
    4.2065000000e+01    1.2329131551e+04
    4.2070000000e+01    1.1463533515e+04
    4.2075000000e+01    1.0540442556e+04
    4.2080000000e+01    1.0962845834e+04
    4.2085000000e+01    1.0160211143e+04
    4.2090000000e+01    1.0336574418e+04
    4.2095000000e+01    9.5429268662e+03
    4.2100000000e+01    9.1530281537e+03
    4.2105000000e+01    9.8970275944e+03
    4.2110000000e+01    9.4150340640e+03
    4.2115000000e+01    8.4129569648e+03
    4.2120000000e+01    8.8825015087e+03
    4.2125000000e+01    9.8250926725e+03
    4.2130000000e+01    8.9326352732e+03
    4.2135000000e+01    7.9480582170e+03
    4.2140000000e+01    9.7493275464e+03
    4.2145000000e+01    9.3561547934e+03
    4.2150000000e+01    8.3268983833e+03
    4.2155000000e+01    7.9243048687e+03
    4.2160000000e+01    7.9064865553e+03
    4.2165000000e+01    8.1547615515e+03
    4.2170000000e+01    7.9113587409e+03
    4.2175000000e+01    8.2443822660e+03
    4.2180000000e+01    6.8810404727e+03
    4.2185000000e+01    7.3847525694e+03
    4.2190000000e+01    7.8032945332e+03
    4.2195000000e+01    8.0769342864e+03
    4.2200000000e+01    7.2550110456e+03
    4.2205000000e+01    7.5459506955e+03
    4.2210000000e+01    7.2970719711e+03
    4.2215000000e+01    7.6189710104e+03
    4.2220000000e+01    6.9079517706e+03
    4.2225000000e+01    7.6055272363e+03
    4.2230000000e+01    6.8485363712e+03
    4.2235000000e+01    8.5018926617e+03
    4.2240000000e+01    7.5368670019e+03
    4.2245000000e+01    7.0035095850e+03
    4.2250000000e+01    6.9373332404e+03
    4.2255000000e+01    6.7223298016e+03
    4.2260000000e+01    7.2578501220e+03
    4.2265000000e+01    7.3546787975e+03
    4.2270000000e+01    6.7306599515e+03
    4.2275000000e+01    7.1442763166e+03
    4.2280000000e+01    7.4907850288e+03
    4.2285000000e+01    7.5471106530e+03
    4.2290000000e+01    7.8521846564e+03
    4.2295000000e+01    7.2770641186e+03
    4.2300000000e+01    7.3884147336e+03
    4.2305000000e+01    7.3135675841e+03
    4.2310000000e+01    7.4729527978e+03
    4.2315000000e+01    6.8879728238e+03
    4.2320000000e+01    7.0123621412e+03
    4.2325000000e+01    7.5699399473e+03
    4.2330000000e+01    6.6536777379e+03
    4.2335000000e+01    7.2272626814e+03
    4.2340000000e+01    8.0772010442e+03
    4.2345000000e+01    7.7737742335e+03
    4.2350000000e+01    7.4148660059e+03
    4.2355000000e+01    7.4072338350e+03
    4.2360000000e+01    7.0027233578e+03
    4.2365000000e+01    8.6039391523e+03
    4.2370000000e+01    7.2381651905e+03
    4.2375000000e+01    8.1366403291e+03
    4.2380000000e+01    7.3448299087e+03
    4.2385000000e+01    7.8548074700e+03
    4.2390000000e+01    7.7732890769e+03
    4.2395000000e+01    7.6836386538e+03
    4.2400000000e+01    7.7740407360e+03
    4.2405000000e+01    7.8510486082e+03
    4.2410000000e+01    7.4229325025e+03
    4.2415000000e+01    8.5436117441e+03
    4.2420000000e+01    7.6342701136e+03
    4.2425000000e+01    7.5469506464e+03
    4.2430000000e+01    7.3045057776e+03
    4.2435000000e+01    7.1156263173e+03
    4.2440000000e+01    8.0384651445e+03
    4.2445000000e+01    6.9731820809e+03
    4.2450000000e+01    8.1527754256e+03
    4.2455000000e+01    8.4714771216e+03
    4.2460000000e+01    8.1514432966e+03
    4.2465000000e+01    6.6606518246e+03
    4.2470000000e+01    7.6124507776e+03
    4.2475000000e+01    7.5453133623e+03
    4.2480000000e+01    8.6955753355e+03
    4.2485000000e+01    8.3060170214e+03
    4.2490000000e+01    8.2819463877e+03
    4.2495000000e+01    8.1861590028e+03
    4.2500000000e+01    8.1191401398e+03
    4.2505000000e+01    8.7056689928e+03
    4.2510000000e+01    7.9935027504e+03
    4.2515000000e+01    8.8724297066e+03
    4.2520000000e+01    9.6779512474e+03
    4.2525000000e+01    8.8938029785e+03
    4.2530000000e+01    9.0222991738e+03
    4.2535000000e+01    1.0222756572e+04
    4.2540000000e+01    8.2933313102e+03
    4.2545000000e+01    9.7642391215e+03
    4.2550000000e+01    9.5888209557e+03
    4.2555000000e+01    9.4869575915e+03
    4.2560000000e+01    8.7299402418e+03
    4.2565000000e+01    1.1197092782e+04
    4.2570000000e+01    9.4353444952e+03
    4.2575000000e+01    8.9244160501e+03
    4.2580000000e+01    9.4373873974e+03
    4.2585000000e+01    1.0352883939e+04
    4.2590000000e+01    1.1038733266e+04
    4.2595000000e+01    1.1389900057e+04
    4.2600000000e+01    8.9410251990e+03
    4.2605000000e+01    1.0292459893e+04
    4.2610000000e+01    9.4051808259e+03
    4.2615000000e+01    1.0079474317e+04
    4.2620000000e+01    9.4919788047e+03
    4.2625000000e+01    1.0139014427e+04
    4.2630000000e+01    1.1430226480e+04
    4.2635000000e+01    1.1249705305e+04
    4.2640000000e+01    1.0912813295e+04
    4.2645000000e+01    1.1334944967e+04
    4.2650000000e+01    1.0542949809e+04
    4.2655000000e+01    1.2882335171e+04
    4.2660000000e+01    1.3996600787e+04
    4.2665000000e+01    1.3834971881e+04
    4.2670000000e+01    1.2425723311e+04
    4.2675000000e+01    1.3235663603e+04
    4.2680000000e+01    1.4419532685e+04
    4.2685000000e+01    1.4258409594e+04
    4.2690000000e+01    1.4110370688e+04
    4.2695000000e+01    1.5096131970e+04
    4.2700000000e+01    1.5026862594e+04
    4.2705000000e+01    1.7946794973e+04
    4.2710000000e+01    1.4350730193e+04
    4.2715000000e+01    1.6922884094e+04
    4.2720000000e+01    1.9703652389e+04
    4.2725000000e+01    1.9362375363e+04
    4.2730000000e+01    1.7825594716e+04
    4.2735000000e+01    1.7080780969e+04
    4.2740000000e+01    1.9250758287e+04
    4.2745000000e+01    2.1380874194e+04
    4.2750000000e+01    2.4175989850e+04
    4.2755000000e+01    2.1781142749e+04
    4.2760000000e+01    2.2004644446e+04
    4.2765000000e+01    2.1762107784e+04
    4.2770000000e+01    2.5941810921e+04
    4.2775000000e+01    2.8611686098e+04
    4.2780000000e+01    2.4552196283e+04
    4.2785000000e+01    2.6843347186e+04
    4.2790000000e+01    3.3327090785e+04
    4.2795000000e+01    3.8358391110e+04
    4.2800000000e+01    3.4838834725e+04
    4.2805000000e+01    4.5847934507e+04
    4.2810000000e+01    4.3975242509e+04
    4.2815000000e+01    3.8040503379e+04
    4.2820000000e+01    4.1501030561e+04
    4.2825000000e+01    4.3010527717e+04
    4.2830000000e+01    4.8374682368e+04
    4.2835000000e+01    6.6060749103e+04
    4.2840000000e+01    5.2986081347e+04
    4.2845000000e+01    6.4979139542e+04
    4.2850000000e+01    6.9474158048e+04
    4.2855000000e+01    7.7799790801e+04
    4.2860000000e+01    8.6764711587e+04
    4.2865000000e+01    8.2852268680e+04
    4.2870000000e+01    8.2538607049e+04
    4.2875000000e+01    9.4649580250e+04
    4.2880000000e+01    1.1466447553e+05
    4.2885000000e+01    1.0714558558e+05
    4.2890000000e+01    1.2751974785e+05
    4.2895000000e+01    1.1630628610e+05
    4.2900000000e+01    1.2087071185e+05
    4.2905000000e+01    1.3347100586e+05
    4.2910000000e+01    1.3915954247e+05
    4.2915000000e+01    1.5147459523e+05
    4.2920000000e+01    1.4121264414e+05
    4.2925000000e+01    1.5427247349e+05
    4.2930000000e+01    1.6882483277e+05
    4.2935000000e+01    1.7688500850e+05
    4.2940000000e+01    1.7401165781e+05
    4.2945000000e+01    1.8789364493e+05
    4.2950000000e+01    1.8200405279e+05
    4.2955000000e+01    1.9347387265e+05
    4.2960000000e+01    1.9668103760e+05
    4.2965000000e+01    1.9849767122e+05
    4.2970000000e+01    1.9931286703e+05
    4.2975000000e+01    2.0027458289e+05
    4.2980000000e+01    1.9834242110e+05
    4.2985000000e+01    2.1849482760e+05
    4.2990000000e+01    2.1049916453e+05
    4.2995000000e+01    1.9597105880e+05
    4.3000000000e+01    1.8942136669e+05
    4.3005000000e+01    2.0960789453e+05
    4.3010000000e+01    1.9458432627e+05
    4.3015000000e+01    2.0001305022e+05
    4.3020000000e+01    1.9878799505e+05
    4.3025000000e+01    1.9750672119e+05
    4.3030000000e+01    1.7352866985e+05
    4.3035000000e+01    1.8639174372e+05
    4.3040000000e+01    1.7495130910e+05
    4.3045000000e+01    1.8713578634e+05
    4.3050000000e+01    1.8865303535e+05
    4.3055000000e+01    1.6572285184e+05
    4.3060000000e+01    1.6043742006e+05
    4.3065000000e+01    1.4655937538e+05
    4.3070000000e+01    1.6222702532e+05
    4.3075000000e+01    1.4764737635e+05
    4.3080000000e+01    1.3685823601e+05
    4.3085000000e+01    1.3576186769e+05
    4.3090000000e+01    1.2971262365e+05
    4.3095000000e+01    1.2244578053e+05
    4.3100000000e+01    1.0561308013e+05
    4.3105000000e+01    1.1369106319e+05
    4.3110000000e+01    1.0963236045e+05
    4.3115000000e+01    9.1021623607e+04
    4.3120000000e+01    1.0234134248e+05
    4.3125000000e+01    8.7487895433e+04
    4.3130000000e+01    8.7828081185e+04
    4.3135000000e+01    1.0002145468e+05
    4.3140000000e+01    8.2009262969e+04
    4.3145000000e+01    8.8729846455e+04
    4.3150000000e+01    7.6258546926e+04
    4.3155000000e+01    8.6754909851e+04
    4.3160000000e+01    8.5566628568e+04
    4.3165000000e+01    8.2486207533e+04
    4.3170000000e+01    8.3456659078e+04
    4.3175000000e+01    7.5272587014e+04
    4.3180000000e+01    7.6388775106e+04
    4.3185000000e+01    7.9719823625e+04
    4.3190000000e+01    7.5333486205e+04
    4.3195000000e+01    7.3392580191e+04
    4.3200000000e+01    6.5883889085e+04
    4.3205000000e+01    8.0975377165e+04
    4.3210000000e+01    6.5820934679e+04
    4.3215000000e+01    7.4514329679e+04
    4.3220000000e+01    6.6332685753e+04
    4.3225000000e+01    7.7239253762e+04
    4.3230000000e+01    6.7003350363e+04
    4.3235000000e+01    6.3963439169e+04
    4.3240000000e+01    6.5612337351e+04
    4.3245000000e+01    6.1652573090e+04
    4.3250000000e+01    6.3957963252e+04
    4.3255000000e+01    6.5225662447e+04
    4.3260000000e+01    6.3908191947e+04
    4.3265000000e+01    5.5727012526e+04
    4.3270000000e+01    5.7975767910e+04
    4.3275000000e+01    5.3798370032e+04
    4.3280000000e+01    6.0650798755e+04
    4.3285000000e+01    5.6272694427e+04
    4.3290000000e+01    5.2408425649e+04
    4.3295000000e+01    5.4560721217e+04
    4.3300000000e+01    5.6621013205e+04
    4.3305000000e+01    5.2899592992e+04
    4.3310000000e+01    5.3347795393e+04
    4.3315000000e+01    5.0208897458e+04
    4.3320000000e+01    4.8883851213e+04
    4.3325000000e+01    5.2390383373e+04
    4.3330000000e+01    6.0819418165e+04
    4.3335000000e+01    5.7094224576e+04
    4.3340000000e+01    5.5094503943e+04
    4.3345000000e+01    6.5650754493e+04
    4.3350000000e+01    6.2304039101e+04
    4.3355000000e+01    6.1291711502e+04
    4.3360000000e+01    6.1519898205e+04
    4.3365000000e+01    5.6764492173e+04
    4.3370000000e+01    6.0181218487e+04
    4.3375000000e+01    5.8191760204e+04
    4.3380000000e+01    6.2772692627e+04
    4.3385000000e+01    5.9431058138e+04
    4.3390000000e+01    7.0092181861e+04
    4.3395000000e+01    6.4030578484e+04
    4.3400000000e+01    7.1551932878e+04
    4.3405000000e+01    6.2700575433e+04
    4.3410000000e+01    6.6211400582e+04
    4.3415000000e+01    5.8230618642e+04
    4.3420000000e+01    6.4631169386e+04
    4.3425000000e+01    6.5137963574e+04
    4.3430000000e+01    6.5162879678e+04
    4.3435000000e+01    6.2022833293e+04
    4.3440000000e+01    6.8931283172e+04
    4.3445000000e+01    6.1070024005e+04
    4.3450000000e+01    5.9623664967e+04
    4.3455000000e+01    6.5093144002e+04
    4.3460000000e+01    5.7985019326e+04
    4.3465000000e+01    5.8076237240e+04
    4.3470000000e+01    5.8806860200e+04
    4.3475000000e+01    5.8683138932e+04
    4.3480000000e+01    6.2998347441e+04
    4.3485000000e+01    5.4337863396e+04
    4.3490000000e+01    6.5346263608e+04
    4.3495000000e+01    6.0618372511e+04
    4.3500000000e+01    6.4146691050e+04
    4.3505000000e+01    6.6375682704e+04
    4.3510000000e+01    7.4430998805e+04
    4.3515000000e+01    7.1551367587e+04
    4.3520000000e+01    7.6162672456e+04
    4.3525000000e+01    7.4906219268e+04
    4.3530000000e+01    7.4204249686e+04
    4.3535000000e+01    6.8050466626e+04
    4.3540000000e+01    8.9004330178e+04
    4.3545000000e+01    8.0831533181e+04
    4.3550000000e+01    8.9000368055e+04
    4.3555000000e+01    9.1014978969e+04
    4.3560000000e+01    8.7337036579e+04
    4.3565000000e+01    9.1104848045e+04
    4.3570000000e+01    1.0256446987e+05
    4.3575000000e+01    8.8814288294e+04
    4.3580000000e+01    9.4861971373e+04
    4.3585000000e+01    8.7640797313e+04
    4.3590000000e+01    9.7772082074e+04
    4.3595000000e+01    9.1177301023e+04
    4.3600000000e+01    9.2775133067e+04
    4.3605000000e+01    8.7773139682e+04
    4.3610000000e+01    9.3830820624e+04
    4.3615000000e+01    8.4635204049e+04
    4.3620000000e+01    9.4888168990e+04
    4.3625000000e+01    9.1548635597e+04
    4.3630000000e+01    9.3254525372e+04
    4.3635000000e+01    9.2097367937e+04
    4.3640000000e+01    9.2686892163e+04
    4.3645000000e+01    1.0558223558e+05
    4.3650000000e+01    9.1089764960e+04
    4.3655000000e+01    1.1416852280e+05
    4.3660000000e+01    1.0514494153e+05
    4.3665000000e+01    1.0844826662e+05
    4.3670000000e+01    9.7978102204e+04
    4.3675000000e+01    1.2293445401e+05
    4.3680000000e+01    1.1360902139e+05
    4.3685000000e+01    1.2682815675e+05
    4.3690000000e+01    1.4870709050e+05
    4.3695000000e+01    1.3986803773e+05
    4.3700000000e+01    1.4420768954e+05
    4.3705000000e+01    1.4385387999e+05
    4.3710000000e+01    1.4687223022e+05
    4.3715000000e+01    1.6765556922e+05
    4.3720000000e+01    1.8918854539e+05
    4.3725000000e+01    1.9532373322e+05
    4.3730000000e+01    1.9080048175e+05
    4.3735000000e+01    2.1710543574e+05
    4.3740000000e+01    2.0405301830e+05
    4.3745000000e+01    2.1610316114e+05
    4.3750000000e+01    2.1196665234e+05
    4.3755000000e+01    2.0869394590e+05
    4.3760000000e+01    2.2168947535e+05
    4.3765000000e+01    2.4478845056e+05
    4.3770000000e+01    2.1898259847e+05
    4.3775000000e+01    2.4251369653e+05
    4.3780000000e+01    2.3616298121e+05
    4.3785000000e+01    2.3733605268e+05
    4.3790000000e+01    2.4820782621e+05
    4.3795000000e+01    2.5971551527e+05
    4.3800000000e+01    2.6775182294e+05
    4.3805000000e+01    2.4802334035e+05
    4.3810000000e+01    2.9992835080e+05
    4.3815000000e+01    3.2410357683e+05
    4.3820000000e+01    3.0612068822e+05
    4.3825000000e+01    3.6842247281e+05
    4.3830000000e+01    3.8429919183e+05
    4.3835000000e+01    3.7216640273e+05
    4.3840000000e+01    3.9120859509e+05
    4.3845000000e+01    3.7398269884e+05
    4.3850000000e+01    5.4825670363e+05
    4.3855000000e+01    5.5141067766e+05
    4.3860000000e+01    6.4107803392e+05
    4.3865000000e+01    5.8954335878e+05
    4.3870000000e+01    7.7458244097e+05
    4.3875000000e+01    8.3107423022e+05
    4.3880000000e+01    8.8746655964e+05
    4.3885000000e+01    1.0866089951e+06
    4.3890000000e+01    1.1299280418e+06
    4.3895000000e+01    1.2419035698e+06
    4.3900000000e+01    1.3797227441e+06
    4.3905000000e+01    1.3411794903e+06
    4.3910000000e+01    1.4803205035e+06
    4.3915000000e+01    1.6386741054e+06
    4.3920000000e+01    1.8184638586e+06
    4.3925000000e+01    2.0861193346e+06
    4.3930000000e+01    2.0862970099e+06
    4.3935000000e+01    2.1282803707e+06
    4.3940000000e+01    2.2061841097e+06
    4.3945000000e+01    2.4867122176e+06
    4.3950000000e+01    2.5739279563e+06
    4.3955000000e+01    2.7324652796e+06
    4.3960000000e+01    2.7795865229e+06
    4.3965000000e+01    2.7224544702e+06
    4.3970000000e+01    2.9437304592e+06
    4.3975000000e+01    3.0375165859e+06
    4.3980000000e+01    3.1318948811e+06
    4.3985000000e+01    3.1058479220e+06
    4.3990000000e+01    3.1374037450e+06
    4.3995000000e+01    3.2671972232e+06
    4.4000000000e+01    3.3566175004e+06
    4.4005000000e+01    3.2648314174e+06
    4.4010000000e+01    3.1988324171e+06
    4.4015000000e+01    3.2784907149e+06
    4.4020000000e+01    3.2043177327e+06
    4.4025000000e+01    3.2008978490e+06
    4.4030000000e+01    3.2397186165e+06
    4.4035000000e+01    3.0656046589e+06
    4.4040000000e+01    3.1788803192e+06
    4.4045000000e+01    2.8575851669e+06
    4.4050000000e+01    2.8541572483e+06
    4.4055000000e+01    3.0417117325e+06
    4.4060000000e+01    2.6695626419e+06
    4.4065000000e+01    2.6585066004e+06
    4.4070000000e+01    2.2903312503e+06
    4.4075000000e+01    2.5252505612e+06
    4.4080000000e+01    2.2585002329e+06
    4.4085000000e+01    2.2268143610e+06
    4.4090000000e+01    2.0058873701e+06
    4.4095000000e+01    2.0313144460e+06
    4.4100000000e+01    1.8723839140e+06
    4.4105000000e+01    1.7228051692e+06
    4.4110000000e+01    1.5756824546e+06
    4.4115000000e+01    1.4085356812e+06
    4.4120000000e+01    1.3565457071e+06
    4.4125000000e+01    1.2453719727e+06
    4.4130000000e+01    1.1917407128e+06
    4.4135000000e+01    1.1451471753e+06
    4.4140000000e+01    1.0683335916e+06
    4.4145000000e+01    9.6322393536e+05
    4.4150000000e+01    9.0677345974e+05
    4.4155000000e+01    8.8346015247e+05
    4.4160000000e+01    8.1830327386e+05
    4.4165000000e+01    7.8924435827e+05
    4.4170000000e+01    7.3410024802e+05
    4.4175000000e+01    6.4530332826e+05
    4.4180000000e+01    5.5633091325e+05
    4.4185000000e+01    5.6714155950e+05
    4.4190000000e+01    5.2837846031e+05
    4.4195000000e+01    4.7067491279e+05
    4.4200000000e+01    4.6220056544e+05
    4.4205000000e+01    4.9982685689e+05
    4.4210000000e+01    4.5013225271e+05
    4.4215000000e+01    4.2340263874e+05
    4.4220000000e+01    4.2599662002e+05
    4.4225000000e+01    4.2408704087e+05
    4.4230000000e+01    4.4636110195e+05
    4.4235000000e+01    4.1380233485e+05
    4.4240000000e+01    3.6658942237e+05
    4.4245000000e+01    3.8078567800e+05
    4.4250000000e+01    3.7675832061e+05
    4.4255000000e+01    3.8052109888e+05
    4.4260000000e+01    4.3743278384e+05
    4.4265000000e+01    3.2311772827e+05
    4.4270000000e+01    3.3489109056e+05
    4.4275000000e+01    3.2278982115e+05
    4.4280000000e+01    2.8255956152e+05
    4.4285000000e+01    2.9105771561e+05
    4.4290000000e+01    2.9610955995e+05
    4.4295000000e+01    3.1946912064e+05
    4.4300000000e+01    2.6270289092e+05
    4.4305000000e+01    2.6366103632e+05
    4.4310000000e+01    2.6468702421e+05
    4.4315000000e+01    2.3798107999e+05
    4.4320000000e+01    2.3358376106e+05
    4.4325000000e+01    2.2903056100e+05
    4.4330000000e+01    2.3640139693e+05
    4.4335000000e+01    2.3187353682e+05
    4.4340000000e+01    2.0930148378e+05
    4.4345000000e+01    2.3566276965e+05
    4.4350000000e+01    2.2950415830e+05
    4.4355000000e+01    2.1733048522e+05
    4.4360000000e+01    2.3455223815e+05
    4.4365000000e+01    2.4570830719e+05
    4.4370000000e+01    2.0705684396e+05
    4.4375000000e+01    2.2993007631e+05
    4.4380000000e+01    2.4577472612e+05
    4.4385000000e+01    2.2968362555e+05
    4.4390000000e+01    2.5808200018e+05
    4.4395000000e+01    2.6856470562e+05
    4.4400000000e+01    2.2810409258e+05
    4.4405000000e+01    2.4153180974e+05
    4.4410000000e+01    2.3092876656e+05
    4.4415000000e+01    2.3270253069e+05
    4.4420000000e+01    2.3730086848e+05
    4.4425000000e+01    2.7086102158e+05
    4.4430000000e+01    2.4370181241e+05
    4.4435000000e+01    2.5324102901e+05
    4.4440000000e+01    2.7918252666e+05
    4.4445000000e+01    2.7450430565e+05
    4.4450000000e+01    2.3570389649e+05
    4.4455000000e+01    2.5624238146e+05
    4.4460000000e+01    2.4668157236e+05
    4.4465000000e+01    1.9805058840e+05
    4.4470000000e+01    2.4255968517e+05
    4.4475000000e+01    2.1515750805e+05
    4.4480000000e+01    2.0459415127e+05
    4.4485000000e+01    2.1499138220e+05
    4.4490000000e+01    2.0136601322e+05
    4.4495000000e+01    1.9439736012e+05
    4.4500000000e+01    1.8577018216e+05
    4.4505000000e+01    2.0214265194e+05
    4.4510000000e+01    1.9802360555e+05
    4.4515000000e+01    2.1338452054e+05
    4.4520000000e+01    1.7428860740e+05
    4.4525000000e+01    1.9465148680e+05
    4.4530000000e+01    2.1622297388e+05
    4.4535000000e+01    2.1816747724e+05
    4.4540000000e+01    2.0277482714e+05
    4.4545000000e+01    2.3006632550e+05
    4.4550000000e+01    2.0449164965e+05
    4.4555000000e+01    2.1237824481e+05
    4.4560000000e+01    2.4574991065e+05
    4.4565000000e+01    2.8016734092e+05
    4.4570000000e+01    2.8395801554e+05
    4.4575000000e+01    2.5853852090e+05
    4.4580000000e+01    2.7533116367e+05
    4.4585000000e+01    2.9497558949e+05
    4.4590000000e+01    2.5704608488e+05
    4.4595000000e+01    3.1054972680e+05
    4.4600000000e+01    3.4043382875e+05
    4.4605000000e+01    3.1988306317e+05
    4.4610000000e+01    3.1755498941e+05
    4.4615000000e+01    3.3130537372e+05
    4.4620000000e+01    3.5799301167e+05
    4.4625000000e+01    3.3313839042e+05
    4.4630000000e+01    3.0417770293e+05
    4.4635000000e+01    3.2216132349e+05
    4.4640000000e+01    2.8298032966e+05
    4.4645000000e+01    2.9269379039e+05
    4.4650000000e+01    2.7892560723e+05
    4.4655000000e+01    3.1038101502e+05
    4.4660000000e+01    2.3929073785e+05
    4.4665000000e+01    2.6374372390e+05
    4.4670000000e+01    2.5123116340e+05
    4.4675000000e+01    2.5361201579e+05
    4.4680000000e+01    2.8058933130e+05
    4.4685000000e+01    2.6452600457e+05
    4.4690000000e+01    3.1365889948e+05
    4.4695000000e+01    2.8658003018e+05
    4.4700000000e+01    2.9356306560e+05
    4.4705000000e+01    2.8559917539e+05
    4.4710000000e+01    2.8133590644e+05
    4.4715000000e+01    3.4368984718e+05
    4.4720000000e+01    4.1471201151e+05
    4.4725000000e+01    3.6973114140e+05
    4.4730000000e+01    4.4034766545e+05
    4.4735000000e+01    3.7200816011e+05
    4.4740000000e+01    4.4399241282e+05
    4.4745000000e+01    4.5392869741e+05
    4.4750000000e+01    5.3617614488e+05
    4.4755000000e+01    6.0110525239e+05
    4.4760000000e+01    5.7922949139e+05
    4.4765000000e+01    5.5429013668e+05
    4.4770000000e+01    6.4384068279e+05
    4.4775000000e+01    7.1043940264e+05
    4.4780000000e+01    6.6876531952e+05
    4.4785000000e+01    6.9212242272e+05
    4.4790000000e+01    7.5899155442e+05
    4.4795000000e+01    6.6843589498e+05
    4.4800000000e+01    7.2749545771e+05
    4.4805000000e+01    7.0371443109e+05
    4.4810000000e+01    7.1906555371e+05
    4.4815000000e+01    7.1118769551e+05
    4.4820000000e+01    6.4775688360e+05
    4.4825000000e+01    6.5733327174e+05
    4.4830000000e+01    6.8414335669e+05
    4.4835000000e+01    7.2982276052e+05
    4.4840000000e+01    6.8528262418e+05
    4.4845000000e+01    7.0235142593e+05
    4.4850000000e+01    6.6343404946e+05
    4.4855000000e+01    5.5853315518e+05
    4.4860000000e+01    7.2281080467e+05
    4.4865000000e+01    8.0695325088e+05
    4.4870000000e+01    8.0149570794e+05
    4.4875000000e+01    8.5083003257e+05
    4.4880000000e+01    9.9171753047e+05
    4.4885000000e+01    9.6677849175e+05
    4.4890000000e+01    1.3530666232e+06
    4.4895000000e+01    1.2405816863e+06
    4.4900000000e+01    1.2912310692e+06
    4.4905000000e+01    1.7825462832e+06
    4.4910000000e+01    2.0727916353e+06
    4.4915000000e+01    2.1930907332e+06
    4.4920000000e+01    2.6627898974e+06
    4.4925000000e+01    2.6397374052e+06
    4.4930000000e+01    3.0154578048e+06
    4.4935000000e+01    3.7250022459e+06
    4.4940000000e+01    3.8216817292e+06
    4.4945000000e+01    4.3421193690e+06
    4.4950000000e+01    4.8736785750e+06
    4.4955000000e+01    5.4581600822e+06
    4.4960000000e+01    5.8440484936e+06
    4.4965000000e+01    6.8714173978e+06
    4.4970000000e+01    7.0057132858e+06
    4.4975000000e+01    7.0602848106e+06
    4.4980000000e+01    8.1550904846e+06
    4.4985000000e+01    8.6632971863e+06
    4.4990000000e+01    9.6303853879e+06
    4.4995000000e+01    9.7722883656e+06
    4.5000000000e+01    9.8789510740e+06
    4.5005000000e+01    1.0513759869e+07
    4.5010000000e+01    1.0757311809e+07
    4.5015000000e+01    1.1629693981e+07
    4.5020000000e+01    1.1774668233e+07
    4.5025000000e+01    1.2278895183e+07
    4.5030000000e+01    1.2327412702e+07
    4.5035000000e+01    1.2716548288e+07
    4.5040000000e+01    1.2780640288e+07
    4.5045000000e+01    1.3399288371e+07
    4.5050000000e+01    1.3352425385e+07
    4.5055000000e+01    1.3692966075e+07
    4.5060000000e+01    1.3021666527e+07
    4.5065000000e+01    1.3355908527e+07
    4.5070000000e+01    1.3423622090e+07
    4.5075000000e+01    1.3310506287e+07
    4.5080000000e+01    1.2535685979e+07
    4.5085000000e+01    1.2541610440e+07
    4.5090000000e+01    1.2482478895e+07
    4.5095000000e+01    1.2325935879e+07
    4.5100000000e+01    1.1639479839e+07
    4.5105000000e+01    1.1536698155e+07
    4.5110000000e+01    1.0718250501e+07
    4.5115000000e+01    1.0344044692e+07
    4.5120000000e+01    1.0301461671e+07
    4.5125000000e+01    9.9473895939e+06
    4.5130000000e+01    9.1163839925e+06
    4.5135000000e+01    8.2267738698e+06
    4.5140000000e+01    7.7655623430e+06
    4.5145000000e+01    7.9377136166e+06
    4.5150000000e+01    7.0607663473e+06
    4.5155000000e+01    6.7506430846e+06
    4.5160000000e+01    5.9986951640e+06
    4.5165000000e+01    5.3829649433e+06
    4.5170000000e+01    4.9280393123e+06
    4.5175000000e+01    4.2291899864e+06
    4.5180000000e+01    4.3756100025e+06
    4.5185000000e+01    3.7865083318e+06
    4.5190000000e+01    3.4806072506e+06
    4.5195000000e+01    2.9499816967e+06
    4.5200000000e+01    2.7205342060e+06
    4.5205000000e+01    2.3094764596e+06
    4.5210000000e+01    2.1616014429e+06
    4.5215000000e+01    2.0250223341e+06
    4.5220000000e+01    1.7704109529e+06
    4.5225000000e+01    1.7295744196e+06
    4.5230000000e+01    1.4156083521e+06
    4.5235000000e+01    1.2507130427e+06
    4.5240000000e+01    1.1956036557e+06
    4.5245000000e+01    1.0957360638e+06
    4.5250000000e+01    1.1348836582e+06
    4.5255000000e+01    9.6674319396e+05
    4.5260000000e+01    9.3161001529e+05
    4.5265000000e+01    9.7050717753e+05
    4.5270000000e+01    8.8694325644e+05
    4.5275000000e+01    8.4817099265e+05
    4.5280000000e+01    7.6674131117e+05
    4.5285000000e+01    7.8917637359e+05
    4.5290000000e+01    8.1472734856e+05
    4.5295000000e+01    8.4697830010e+05
    4.5300000000e+01    7.7086647702e+05
    4.5305000000e+01    8.2778452714e+05
    4.5310000000e+01    6.7425124690e+05
    4.5315000000e+01    7.0904105117e+05
    4.5320000000e+01    6.6622100890e+05
    4.5325000000e+01    6.8721074726e+05
    4.5330000000e+01    5.9719798715e+05
    4.5335000000e+01    5.8411013356e+05
    4.5340000000e+01    5.5813755307e+05
    4.5345000000e+01    5.6193511364e+05
    4.5350000000e+01    5.8694031288e+05
    4.5355000000e+01    4.9637337784e+05
    4.5360000000e+01    4.7222328208e+05
    4.5365000000e+01    4.4443973930e+05
    4.5370000000e+01    4.6080969244e+05
    4.5375000000e+01    3.8527022595e+05
    4.5380000000e+01    4.1152946645e+05
    4.5385000000e+01    3.8293539272e+05
    4.5390000000e+01    3.9152010891e+05
    4.5395000000e+01    4.0065089241e+05
    4.5400000000e+01    3.9223239198e+05
    4.5405000000e+01    3.7425006664e+05
    4.5410000000e+01    3.8932666132e+05
    4.5415000000e+01    3.7449686368e+05
    4.5420000000e+01    4.0317171227e+05
    4.5425000000e+01    4.0312686104e+05
    4.5430000000e+01    3.9714230229e+05
    4.5435000000e+01    4.2907462290e+05
    4.5440000000e+01    3.9472686989e+05
    4.5445000000e+01    4.3917542098e+05
    4.5450000000e+01    3.9724069299e+05
    4.5455000000e+01    4.1325044962e+05
    4.5460000000e+01    4.3902700365e+05
    4.5465000000e+01    4.2118334313e+05
    4.5470000000e+01    4.1166315815e+05
    4.5475000000e+01    4.1864611971e+05
    4.5480000000e+01    4.0588600188e+05
    4.5485000000e+01    4.2462731455e+05
    4.5490000000e+01    4.1734025406e+05
    4.5495000000e+01    4.1275930038e+05
    4.5500000000e+01    3.8833407426e+05
    4.5505000000e+01    3.3774494859e+05
    4.5510000000e+01    3.7884810607e+05
    4.5515000000e+01    3.3808106697e+05
    4.5520000000e+01    3.1946401405e+05
    4.5525000000e+01    2.8980443692e+05
    4.5530000000e+01    2.8695961559e+05
    4.5535000000e+01    2.8893679360e+05
    4.5540000000e+01    2.8903988578e+05
    4.5545000000e+01    2.6214997752e+05
    4.5550000000e+01    2.7828839351e+05
    4.5555000000e+01    2.5714444980e+05
    4.5560000000e+01    2.7792772333e+05
    4.5565000000e+01    2.4227586472e+05
    4.5570000000e+01    2.9182257971e+05
    4.5575000000e+01    2.8574192587e+05
    4.5580000000e+01    2.9409413087e+05
    4.5585000000e+01    3.2367941910e+05
    4.5590000000e+01    3.7243533606e+05
    4.5595000000e+01    3.5089770258e+05
    4.5600000000e+01    3.3753138756e+05
    4.5605000000e+01    3.8286018159e+05
    4.5610000000e+01    4.5319612596e+05
    4.5615000000e+01    4.2207322011e+05
    4.5620000000e+01    4.6037717656e+05
    4.5625000000e+01    4.5274452711e+05
    4.5630000000e+01    4.9642268907e+05
    4.5635000000e+01    5.0402748306e+05
    4.5640000000e+01    5.1314326945e+05
    4.5645000000e+01    5.1375561345e+05
    4.5650000000e+01    4.8847105363e+05
    4.5655000000e+01    5.0349066433e+05
    4.5660000000e+01    4.8146871551e+05
    4.5665000000e+01    4.2836907066e+05
    4.5670000000e+01    4.7169152525e+05
    4.5675000000e+01    4.7614138422e+05
    4.5680000000e+01    4.7546673461e+05
    4.5685000000e+01    4.3646422543e+05
    4.5690000000e+01    3.9308963996e+05
    4.5695000000e+01    4.1789908237e+05
    4.5700000000e+01    3.7100304357e+05
    4.5705000000e+01    3.7573363761e+05
    4.5710000000e+01    3.4590451950e+05
    4.5715000000e+01    3.3519267349e+05
    4.5720000000e+01    3.3274585178e+05
    4.5725000000e+01    3.1550002455e+05
    4.5730000000e+01    3.4708951404e+05
    4.5735000000e+01    3.4030757076e+05
    4.5740000000e+01    3.4198806770e+05
    4.5745000000e+01    3.7771897556e+05
    4.5750000000e+01    4.0776536474e+05
    4.5755000000e+01    4.5446654365e+05
    4.5760000000e+01    5.3133074160e+05
    4.5765000000e+01    6.0249872552e+05
    4.5770000000e+01    6.0064586614e+05
    4.5775000000e+01    6.6883924433e+05
    4.5780000000e+01    7.4284897536e+05
    4.5785000000e+01    8.4053431996e+05
    4.5790000000e+01    7.9459643572e+05
    4.5795000000e+01    9.4017571918e+05
    4.5800000000e+01    1.0355544690e+06
    4.5805000000e+01    9.7252538820e+05
    4.5810000000e+01    1.0271121052e+06
    4.5815000000e+01    1.0371558500e+06
    4.5820000000e+01    1.1891825788e+06
    4.5825000000e+01    1.1569083788e+06
    4.5830000000e+01    1.2420215728e+06
    4.5835000000e+01    1.1704225543e+06
    4.5840000000e+01    1.2379956717e+06
    4.5845000000e+01    1.3304772888e+06
    4.5850000000e+01    1.1699157481e+06
    4.5855000000e+01    1.2072911452e+06
    4.5860000000e+01    1.1561874406e+06
    4.5865000000e+01    1.1978114938e+06
    4.5870000000e+01    1.0853353703e+06
    4.5875000000e+01    9.7596956256e+05
    4.5880000000e+01    1.0783670490e+06
    4.5885000000e+01    1.0184990467e+06
    4.5890000000e+01    9.6243690531e+05
    4.5895000000e+01    8.7909018001e+05
    4.5900000000e+01    8.6436551118e+05
    4.5905000000e+01    9.0751949331e+05
    4.5910000000e+01    9.5844942940e+05
    4.5915000000e+01    1.2072637963e+06
    4.5920000000e+01    1.1040954009e+06
    4.5925000000e+01    1.1829825272e+06
    4.5930000000e+01    1.4816113677e+06
    4.5935000000e+01    2.0299643853e+06
    4.5940000000e+01    1.9747689890e+06
    4.5945000000e+01    2.2021328753e+06
    4.5950000000e+01    2.7011371203e+06
    4.5955000000e+01    3.3199777101e+06
    4.5960000000e+01    3.7596554279e+06
    4.5965000000e+01    4.0152509931e+06
    4.5970000000e+01    4.8897498219e+06
    4.5975000000e+01    5.5922119067e+06
    4.5980000000e+01    5.9788067215e+06
    4.5985000000e+01    6.9581937644e+06
    4.5990000000e+01    7.7077077320e+06
    4.5995000000e+01    8.9575059420e+06
    4.6000000000e+01    9.6474456984e+06
    4.6005000000e+01    1.1760356866e+07
    4.6010000000e+01    1.2088455507e+07
    4.6015000000e+01    1.4038706758e+07
    4.6020000000e+01    1.4564877002e+07
    4.6025000000e+01    1.4747353174e+07
    4.6030000000e+01    1.6605304397e+07
    4.6035000000e+01    1.8413055603e+07
    4.6040000000e+01    1.9446502862e+07
    4.6045000000e+01    2.1083780600e+07
    4.6050000000e+01    2.1377069679e+07
    4.6055000000e+01    2.2878035855e+07
    4.6060000000e+01    2.4202592085e+07
    4.6065000000e+01    2.5421414839e+07
    4.6070000000e+01    2.6914795161e+07
    4.6075000000e+01    2.7692601132e+07
    4.6080000000e+01    2.8362294772e+07
    4.6085000000e+01    2.9326800307e+07
    4.6090000000e+01    3.0247419242e+07
    4.6095000000e+01    3.1152998515e+07
    4.6100000000e+01    3.1845017954e+07
    4.6105000000e+01    3.1554862332e+07
    4.6110000000e+01    3.2830436079e+07
    4.6115000000e+01    3.2866686563e+07
    4.6120000000e+01    3.2569138967e+07
    4.6125000000e+01    3.2803282918e+07
    4.6130000000e+01    3.3184164669e+07
    4.6135000000e+01    3.2588922352e+07
    4.6140000000e+01    3.2994188965e+07
    4.6145000000e+01    3.1818656346e+07
    4.6150000000e+01    3.1919539570e+07
    4.6155000000e+01    3.2056079443e+07
    4.6160000000e+01    3.1367448099e+07
    4.6165000000e+01    3.0271331426e+07
    4.6170000000e+01    2.9569095203e+07
    4.6175000000e+01    2.8503130290e+07
    4.6180000000e+01    2.7456215764e+07
    4.6185000000e+01    2.6706294721e+07
    4.6190000000e+01    2.5021965711e+07
    4.6195000000e+01    2.4436154895e+07
    4.6200000000e+01    2.3517057410e+07
    4.6205000000e+01    2.2115568421e+07
    4.6210000000e+01    2.0824850227e+07
    4.6215000000e+01    1.8762967473e+07
    4.6220000000e+01    1.8435062011e+07
    4.6225000000e+01    1.6584903896e+07
    4.6230000000e+01    1.5399598930e+07
    4.6235000000e+01    1.4501767544e+07
    4.6240000000e+01    1.2739379505e+07
    4.6245000000e+01    1.2289323061e+07
    4.6250000000e+01    1.1588397106e+07
    4.6255000000e+01    1.0319722318e+07
    4.6260000000e+01    9.2513157333e+06
    4.6265000000e+01    8.6292700865e+06
    4.6270000000e+01    7.7587907608e+06
    4.6275000000e+01    7.2840746761e+06
    4.6280000000e+01    6.2894060936e+06
    4.6285000000e+01    5.5627935285e+06
    4.6290000000e+01    5.2308893581e+06
    4.6295000000e+01    4.7151217327e+06
    4.6300000000e+01    4.9313249904e+06
    4.6305000000e+01    4.0630607095e+06
    4.6310000000e+01    4.4025191000e+06
    4.6315000000e+01    4.0574078162e+06
    4.6320000000e+01    3.7976115863e+06
    4.6325000000e+01    3.7745757484e+06
    4.6330000000e+01    3.6866605361e+06
    4.6335000000e+01    4.0129775602e+06
    4.6340000000e+01    3.7962045125e+06
    4.6345000000e+01    4.1186410230e+06
    4.6350000000e+01    4.0201430379e+06
    4.6355000000e+01    4.3525789227e+06
    4.6360000000e+01    4.4664088128e+06
    4.6365000000e+01    4.6495220144e+06
    4.6370000000e+01    5.0444942558e+06
    4.6375000000e+01    5.0407505998e+06
    4.6380000000e+01    5.2140305702e+06
    4.6385000000e+01    5.6323498570e+06
    4.6390000000e+01    5.8710627694e+06
    4.6395000000e+01    5.8902679777e+06
    4.6400000000e+01    6.3259072081e+06
    4.6405000000e+01    6.6768902893e+06
    4.6410000000e+01    6.9218283280e+06
    4.6415000000e+01    7.1684437974e+06
    4.6420000000e+01    7.3391001976e+06
    4.6425000000e+01    7.5844392965e+06
    4.6430000000e+01    7.7641624514e+06
    4.6435000000e+01    8.5478409620e+06
    4.6440000000e+01    8.7250554544e+06
    4.6445000000e+01    9.1734596381e+06
    4.6450000000e+01    9.9481196602e+06
    4.6455000000e+01    1.1103422613e+07
    4.6460000000e+01    1.2990762753e+07
    4.6465000000e+01    1.4788235511e+07
    4.6470000000e+01    1.7312176055e+07
    4.6475000000e+01    2.1559973369e+07
    4.6480000000e+01    2.6682264250e+07
    4.6485000000e+01    3.4664963396e+07
    4.6490000000e+01    4.7636243655e+07
    4.6495000000e+01    6.7292270414e+07
    4.6500000000e+01    9.8736150086e+07
    4.6505000000e+01    1.4786264169e+08
    4.6510000000e+01    2.0003994491e+08
    4.6515000000e+01    2.1392754600e+08
    4.6520000000e+01    1.7583886207e+08
    4.6525000000e+01    1.2450681693e+08
    4.6530000000e+01    8.6314760168e+07
    4.6535000000e+01    6.1864995958e+07
    4.6540000000e+01    4.6194882304e+07
    4.6545000000e+01    3.5824892831e+07
    4.6550000000e+01    3.0218266245e+07
    4.6555000000e+01    2.7072739876e+07
    4.6560000000e+01    2.6088280192e+07
    4.6565000000e+01    2.8121093021e+07
    4.6570000000e+01    3.2510049378e+07
    4.6575000000e+01    4.1286414959e+07
    4.6580000000e+01    5.7429357865e+07
    4.6585000000e+01    8.0710739736e+07
    4.6590000000e+01    1.0736616209e+08
    4.6595000000e+01    1.1383173068e+08
    4.6600000000e+01    9.2511750019e+07
    4.6605000000e+01    6.6245585778e+07
    4.6610000000e+01    4.6055483737e+07
    4.6615000000e+01    3.2851913978e+07
    4.6620000000e+01    2.3955584238e+07
    4.6625000000e+01    1.7933612264e+07
    4.6630000000e+01    1.3973507034e+07
    4.6635000000e+01    1.1556410512e+07
    4.6640000000e+01    9.8328810596e+06
    4.6645000000e+01    8.3312474910e+06
    4.6650000000e+01    7.2817371805e+06
    4.6655000000e+01    6.3950086322e+06
    4.6660000000e+01    5.8047791533e+06
    4.6665000000e+01    5.0756174429e+06
    4.6670000000e+01    4.7341901376e+06
    4.6675000000e+01    4.3467096445e+06
    4.6680000000e+01    4.3773805129e+06
    4.6685000000e+01    3.9448462955e+06
    4.6690000000e+01    3.6722160262e+06
    4.6695000000e+01    3.5785164601e+06
    4.6700000000e+01    3.4848138819e+06
    4.6705000000e+01    3.3045891022e+06
    4.6710000000e+01    3.0492974231e+06
    4.6715000000e+01    3.0050695151e+06
    4.6720000000e+01    2.8121738689e+06
    4.6725000000e+01    2.5147602389e+06
    4.6730000000e+01    2.5273101323e+06
    4.6735000000e+01    2.4294556059e+06
    4.6740000000e+01    2.2586699402e+06
    4.6745000000e+01    2.2049622554e+06
    4.6750000000e+01    2.1450810883e+06
    4.6755000000e+01    2.0126215069e+06
    4.6760000000e+01    1.7748385334e+06
    4.6765000000e+01    1.8446107713e+06
    4.6770000000e+01    1.7331575890e+06
    4.6775000000e+01    1.5913574728e+06
    4.6780000000e+01    1.5068257703e+06
    4.6785000000e+01    1.4315649772e+06
    4.6790000000e+01    1.4510654227e+06
    4.6795000000e+01    1.4383232283e+06
    4.6800000000e+01    1.4113223853e+06
    4.6805000000e+01    1.4278675584e+06
    4.6810000000e+01    1.4756391549e+06
    4.6815000000e+01    1.3674733265e+06
    4.6820000000e+01    1.5367909649e+06
    4.6825000000e+01    1.4129734140e+06
    4.6830000000e+01    1.5893937273e+06
    4.6835000000e+01    1.5050024083e+06
    4.6840000000e+01    1.6569788915e+06
    4.6845000000e+01    1.6693635056e+06
    4.6850000000e+01    1.5773576621e+06
    4.6855000000e+01    1.7529337458e+06
    4.6860000000e+01    1.9237353110e+06
    4.6865000000e+01    1.7665744573e+06
    4.6870000000e+01    1.7671814648e+06
    4.6875000000e+01    1.9332946622e+06
    4.6880000000e+01    1.8940802161e+06
    4.6885000000e+01    1.8935338197e+06
    4.6890000000e+01    1.9819786030e+06
    4.6895000000e+01    1.9951174990e+06
    4.6900000000e+01    1.9633318789e+06
    4.6905000000e+01    1.8733423812e+06
    4.6910000000e+01    1.8949665588e+06
    4.6915000000e+01    1.7849664983e+06
    4.6920000000e+01    1.8293232904e+06
    4.6925000000e+01    1.7528260771e+06
    4.6930000000e+01    1.7566442517e+06
    4.6935000000e+01    1.8070925433e+06
    4.6940000000e+01    1.7396974887e+06
    4.6945000000e+01    1.5581004829e+06
    4.6950000000e+01    1.6651710634e+06
    4.6955000000e+01    1.5220876334e+06
    4.6960000000e+01    1.6363407932e+06
    4.6965000000e+01    1.6725053736e+06
    4.6970000000e+01    1.7078316588e+06
    4.6975000000e+01    1.8169227739e+06
    4.6980000000e+01    1.4722730353e+06
    4.6985000000e+01    1.7599438781e+06
    4.6990000000e+01    2.1426314252e+06
    4.6995000000e+01    1.7673529160e+06
    4.7000000000e+01    2.4683592321e+06
    4.7005000000e+01    2.5407772645e+06
    4.7010000000e+01    2.9520905707e+06
    4.7015000000e+01    2.9990054838e+06
    4.7020000000e+01    3.3335620545e+06
    4.7025000000e+01    3.5557563463e+06
    4.7030000000e+01    3.9691188459e+06
    4.7035000000e+01    5.1721680274e+06
    4.7040000000e+01    5.3078774936e+06
    4.7045000000e+01    5.5900400429e+06
    4.7050000000e+01    5.9317740867e+06
    4.7055000000e+01    7.1344401652e+06
    4.7060000000e+01    7.5336890359e+06
    4.7065000000e+01    7.7191119929e+06
    4.7070000000e+01    8.6482240698e+06
    4.7075000000e+01    8.6083169589e+06
    4.7080000000e+01    9.6778310130e+06
    4.7085000000e+01    9.5595429691e+06
    4.7090000000e+01    1.1312186995e+07
    4.7095000000e+01    1.1980330012e+07
    4.7100000000e+01    1.2087750402e+07
    4.7105000000e+01    1.2855763331e+07
    4.7110000000e+01    1.3676656367e+07
    4.7115000000e+01    1.3930787853e+07
    4.7120000000e+01    1.4788049544e+07
    4.7125000000e+01    1.5050311318e+07
    4.7130000000e+01    1.5159577931e+07
    4.7135000000e+01    1.6053550563e+07
    4.7140000000e+01    1.5938668466e+07
    4.7145000000e+01    1.6448954888e+07
    4.7150000000e+01    1.6173787434e+07
    4.7155000000e+01    1.6689533747e+07
    4.7160000000e+01    1.7137845819e+07
    4.7165000000e+01    1.7454382329e+07
    4.7170000000e+01    1.6602633605e+07
    4.7175000000e+01    1.7121732859e+07
    4.7180000000e+01    1.6705311766e+07
    4.7185000000e+01    1.7151000933e+07
    4.7190000000e+01    1.6961327648e+07
    4.7195000000e+01    1.6023281741e+07
    4.7200000000e+01    1.6864891485e+07
    4.7205000000e+01    1.5542874348e+07
    4.7210000000e+01    1.5247147688e+07
    4.7215000000e+01    1.4799691845e+07
    4.7220000000e+01    1.4406646630e+07
    4.7225000000e+01    1.3372486664e+07
    4.7230000000e+01    1.3177379119e+07
    4.7235000000e+01    1.2474145833e+07
    4.7240000000e+01    1.1993830803e+07
    4.7245000000e+01    1.1927626587e+07
    4.7250000000e+01    1.1365638755e+07
    4.7255000000e+01    1.0557401343e+07
    4.7260000000e+01    9.4549509230e+06
    4.7265000000e+01    9.2308907384e+06
    4.7270000000e+01    8.3629884635e+06
    4.7275000000e+01    8.1715491348e+06
    4.7280000000e+01    7.4258399362e+06
    4.7285000000e+01    7.2657837607e+06
    4.7290000000e+01    6.1858781530e+06
    4.7295000000e+01    5.8715041553e+06
    4.7300000000e+01    5.7671431074e+06
    4.7305000000e+01    5.2367808808e+06
    4.7310000000e+01    4.6063048765e+06
    4.7315000000e+01    3.8936412475e+06
    4.7320000000e+01    3.7515219012e+06
    4.7325000000e+01    3.7811483257e+06
    4.7330000000e+01    3.3585199108e+06
    4.7335000000e+01    2.8049536897e+06
    4.7340000000e+01    2.4306334498e+06
    4.7345000000e+01    2.6054473412e+06
    4.7350000000e+01    2.2029414035e+06
    4.7355000000e+01    1.9920514709e+06
    4.7360000000e+01    1.6733080169e+06
    4.7365000000e+01    1.5730046312e+06
    4.7370000000e+01    1.6179039703e+06
    4.7375000000e+01    1.5928481420e+06
    4.7380000000e+01    1.3402846158e+06
    4.7385000000e+01    1.3193796060e+06
    4.7390000000e+01    1.2125359502e+06
    4.7395000000e+01    9.7350977588e+05
    4.7400000000e+01    9.7459905357e+05
    4.7405000000e+01    1.0576677408e+06
    4.7410000000e+01    9.4719654320e+05
    4.7415000000e+01    8.8664081671e+05
    4.7420000000e+01    9.3647100058e+05
    4.7425000000e+01    8.1989157789e+05
    4.7430000000e+01    8.7422689564e+05
    4.7435000000e+01    7.6105420394e+05
    4.7440000000e+01    8.5401037347e+05
    4.7445000000e+01    7.1012494418e+05
    4.7450000000e+01    7.0196957995e+05
    4.7455000000e+01    7.0353308871e+05
    4.7460000000e+01    7.0942477001e+05
    4.7465000000e+01    6.6471464606e+05
    4.7470000000e+01    6.3349492373e+05
    4.7475000000e+01    5.9264080198e+05
    4.7480000000e+01    5.4465440969e+05
    4.7485000000e+01    5.6468670597e+05
    4.7490000000e+01    5.9971220244e+05
    4.7495000000e+01    4.8298503199e+05
    4.7500000000e+01    5.0011492056e+05
    4.7505000000e+01    4.7327011636e+05
    4.7510000000e+01    4.3508840092e+05
    4.7515000000e+01    3.9910448758e+05
    4.7520000000e+01    3.8889828475e+05
    4.7525000000e+01    4.1688955897e+05
    4.7530000000e+01    4.1568447073e+05
    4.7535000000e+01    4.3215216856e+05
    4.7540000000e+01    4.1353082691e+05
    4.7545000000e+01    3.7217797907e+05
    4.7550000000e+01    3.6750195464e+05
    4.7555000000e+01    3.3254775444e+05
    4.7560000000e+01    3.3279187250e+05
    4.7565000000e+01    2.9034072612e+05
    4.7570000000e+01    3.3184138857e+05
    4.7575000000e+01    3.3896397185e+05
    4.7580000000e+01    2.9380793844e+05
    4.7585000000e+01    3.2983564629e+05
    4.7590000000e+01    2.6098427904e+05
    4.7595000000e+01    3.1892013301e+05
    4.7600000000e+01    3.0511108818e+05
    4.7605000000e+01    2.9382913834e+05
    4.7610000000e+01    2.9786037361e+05
    4.7615000000e+01    2.6835337392e+05
    4.7620000000e+01    2.7746357177e+05
    4.7625000000e+01    2.9000415626e+05
    4.7630000000e+01    2.7228576910e+05
    4.7635000000e+01    2.4387473425e+05
    4.7640000000e+01    2.7260161862e+05
    4.7645000000e+01    2.6252462272e+05
    4.7650000000e+01    2.4535196171e+05
    4.7655000000e+01    2.5357617024e+05
    4.7660000000e+01    2.4468028806e+05
    4.7665000000e+01    2.4626620516e+05
    4.7670000000e+01    2.4584652942e+05
    4.7675000000e+01    2.1968838575e+05
    4.7680000000e+01    2.3040166718e+05
    4.7685000000e+01    2.0216478499e+05
    4.7690000000e+01    2.0789360992e+05
    4.7695000000e+01    2.1814754092e+05
    4.7700000000e+01    2.2541794376e+05
    4.7705000000e+01    2.2118683292e+05
    4.7710000000e+01    1.8801792781e+05
    4.7715000000e+01    2.0950556876e+05
    4.7720000000e+01    2.0829979140e+05
    4.7725000000e+01    2.1235622256e+05
    4.7730000000e+01    1.9084444825e+05
    4.7735000000e+01    1.9948946592e+05
    4.7740000000e+01    2.2652715432e+05
    4.7745000000e+01    1.7891535248e+05
    4.7750000000e+01    1.7943824400e+05
    4.7755000000e+01    2.0662515939e+05
    4.7760000000e+01    2.0290670650e+05
    4.7765000000e+01    1.9454662844e+05
    4.7770000000e+01    2.2323227508e+05
    4.7775000000e+01    2.0684511984e+05
    4.7780000000e+01    1.7383041437e+05
    4.7785000000e+01    1.8137087840e+05
    4.7790000000e+01    1.8618603029e+05
    4.7795000000e+01    1.9634978456e+05
    4.7800000000e+01    1.9933569457e+05
    4.7805000000e+01    1.8071405404e+05
    4.7810000000e+01    1.6179232869e+05
    4.7815000000e+01    1.8218431750e+05
    4.7820000000e+01    1.7066141489e+05
    4.7825000000e+01    1.6095100150e+05
    4.7830000000e+01    1.7213759788e+05
    4.7835000000e+01    1.6208454147e+05
    4.7840000000e+01    1.5247780076e+05
    4.7845000000e+01    1.4692463554e+05
    4.7850000000e+01    1.6179822663e+05
    4.7855000000e+01    1.6161527257e+05
    4.7860000000e+01    1.4936001877e+05
    4.7865000000e+01    1.6276744275e+05
    4.7870000000e+01    1.6515461607e+05
    4.7875000000e+01    1.6395617087e+05
    4.7880000000e+01    1.6772749824e+05
    4.7885000000e+01    1.8268420040e+05
    4.7890000000e+01    1.6731669325e+05
    4.7895000000e+01    1.7831419912e+05
    4.7900000000e+01    1.9538529118e+05
    4.7905000000e+01    1.7376790371e+05
    4.7910000000e+01    1.5717069806e+05
    4.7915000000e+01    1.9654245297e+05
    4.7920000000e+01    1.8336767980e+05
    4.7925000000e+01    1.7726100551e+05
    4.7930000000e+01    1.7108272588e+05
    4.7935000000e+01    2.1402099541e+05
    4.7940000000e+01    1.9490179583e+05
    4.7945000000e+01    1.9658649543e+05
    4.7950000000e+01    1.9869773421e+05
    4.7955000000e+01    2.0221230571e+05
    4.7960000000e+01    1.8410237678e+05
    4.7965000000e+01    2.1674905177e+05
    4.7970000000e+01    2.1061650169e+05
    4.7975000000e+01    2.1104883118e+05
    4.7980000000e+01    1.7954956664e+05
    4.7985000000e+01    2.0989009487e+05
    4.7990000000e+01    1.9679731126e+05
    4.7995000000e+01    2.2104788853e+05
    4.8000000000e+01    1.9115459376e+05
    4.8005000000e+01    2.0782337117e+05
    4.8010000000e+01    1.9409635420e+05
    4.8015000000e+01    1.8710123389e+05
    4.8020000000e+01    2.0310570605e+05
    4.8025000000e+01    2.0064849946e+05
    4.8030000000e+01    1.8557784062e+05
    4.8035000000e+01    2.2533240465e+05
    4.8040000000e+01    2.0194599941e+05
    4.8045000000e+01    2.2934892999e+05
    4.8050000000e+01    2.1193876955e+05
    4.8055000000e+01    2.3235058565e+05
    4.8060000000e+01    2.5083219713e+05
    4.8065000000e+01    2.1891047151e+05
    4.8070000000e+01    2.8176754767e+05
    4.8075000000e+01    2.4649488280e+05
    4.8080000000e+01    3.3624689738e+05
    4.8085000000e+01    3.1968549900e+05
    4.8090000000e+01    3.2445362278e+05
    4.8095000000e+01    3.2065750474e+05
    4.8100000000e+01    3.4630516521e+05
    4.8105000000e+01    3.9734318007e+05
    4.8110000000e+01    4.2829025825e+05
    4.8115000000e+01    4.2552278513e+05
    4.8120000000e+01    4.2496372159e+05
    4.8125000000e+01    4.7247977409e+05
    4.8130000000e+01    4.5963399892e+05
    4.8135000000e+01    5.1340106987e+05
    4.8140000000e+01    4.7653123495e+05
    4.8145000000e+01    5.0794294819e+05
    4.8150000000e+01    5.0940895176e+05
    4.8155000000e+01    5.9898921475e+05
    4.8160000000e+01    5.8163284147e+05
    4.8165000000e+01    6.4391706447e+05
    4.8170000000e+01    5.8826842828e+05
    4.8175000000e+01    6.3727435124e+05
    4.8180000000e+01    5.9239310210e+05
    4.8185000000e+01    6.5988608618e+05
    4.8190000000e+01    6.6778484408e+05
    4.8195000000e+01    6.4527172440e+05
    4.8200000000e+01    6.7904111934e+05
    4.8205000000e+01    6.6922824274e+05
    4.8210000000e+01    6.8438676474e+05
    4.8215000000e+01    6.7226344001e+05
    4.8220000000e+01    6.5294687783e+05
    4.8225000000e+01    6.6963493809e+05
    4.8230000000e+01    6.7040268259e+05
    4.8235000000e+01    6.5336533085e+05
    4.8240000000e+01    6.0896870784e+05
    4.8245000000e+01    6.1466920142e+05
    4.8250000000e+01    5.5562853317e+05
    4.8255000000e+01    5.9404590104e+05
    4.8260000000e+01    5.4491462609e+05
    4.8265000000e+01    5.2441286747e+05
    4.8270000000e+01    5.1141408304e+05
    4.8275000000e+01    4.9792005798e+05
    4.8280000000e+01    4.5356476401e+05
    4.8285000000e+01    4.8974325749e+05
    4.8290000000e+01    4.4064842320e+05
    4.8295000000e+01    4.2815079687e+05
    4.8300000000e+01    4.0187942709e+05
    4.8305000000e+01    3.9857972615e+05
    4.8310000000e+01    3.6794508308e+05
    4.8315000000e+01    3.3485794120e+05
    4.8320000000e+01    3.1578983372e+05
    4.8325000000e+01    3.1140530734e+05
    4.8330000000e+01    2.9062927544e+05
    4.8335000000e+01    2.7488550779e+05
    4.8340000000e+01    2.6430390653e+05
    4.8345000000e+01    2.2559462467e+05
    4.8350000000e+01    2.1437432482e+05
    4.8355000000e+01    2.1908385065e+05
    4.8360000000e+01    1.9055191035e+05
    4.8365000000e+01    1.7807182529e+05
    4.8370000000e+01    1.5949597530e+05
    4.8375000000e+01    1.5791107069e+05
    4.8380000000e+01    1.3126365351e+05
    4.8385000000e+01    1.3570526633e+05
    4.8390000000e+01    1.2517667097e+05
    4.8395000000e+01    1.1059815101e+05
    4.8400000000e+01    9.9637080630e+04
    4.8405000000e+01    8.8305696686e+04
    4.8410000000e+01    7.7050993952e+04
    4.8415000000e+01    7.2719305089e+04
    4.8420000000e+01    7.4194180645e+04
    4.8425000000e+01    6.1728498995e+04
    4.8430000000e+01    5.6654263196e+04
    4.8435000000e+01    5.1154513192e+04
    4.8440000000e+01    4.8494191908e+04
    4.8445000000e+01    4.2738925953e+04
    4.8450000000e+01    3.9854503561e+04
    4.8455000000e+01    3.8658552018e+04
    4.8460000000e+01    3.5314850842e+04
    4.8465000000e+01    3.0431482239e+04
    4.8470000000e+01    3.1160198468e+04
    4.8475000000e+01    2.7126034958e+04
    4.8480000000e+01    2.6956705823e+04
    4.8485000000e+01    2.5828767946e+04
    4.8490000000e+01    2.5247691915e+04
    4.8495000000e+01    2.1869452195e+04
    4.8500000000e+01    2.0331147276e+04
    4.8505000000e+01    2.2091986674e+04
    4.8510000000e+01    2.1946495726e+04
    4.8515000000e+01    1.7311860640e+04
    4.8520000000e+01    1.7353867710e+04
    4.8525000000e+01    1.6387766263e+04
    4.8530000000e+01    1.8254966541e+04
    4.8535000000e+01    1.7112405517e+04
    4.8540000000e+01    1.5606318127e+04
    4.8545000000e+01    1.5136182169e+04
    4.8550000000e+01    1.5427637329e+04
    4.8555000000e+01    1.4772043851e+04
    4.8560000000e+01    1.2564861110e+04
    4.8565000000e+01    1.3178093598e+04
    4.8570000000e+01    1.3944148806e+04
    4.8575000000e+01    1.3868751797e+04
    4.8580000000e+01    1.2032989319e+04
    4.8585000000e+01    1.1333936744e+04
    4.8590000000e+01    1.3250889376e+04
    4.8595000000e+01    1.2697467335e+04
    4.8600000000e+01    1.0165052968e+04
    4.8605000000e+01    1.1902201798e+04
    4.8610000000e+01    1.1315875597e+04
    4.8615000000e+01    9.3619197803e+03
    4.8620000000e+01    9.0798565236e+03
    4.8625000000e+01    1.0472705532e+04
    4.8630000000e+01    1.0118149733e+04
    4.8635000000e+01    1.0406295583e+04
    4.8640000000e+01    9.5098233450e+03
    4.8645000000e+01    1.0870883994e+04
    4.8650000000e+01    9.8344611253e+03
    4.8655000000e+01    9.1493934226e+03
    4.8660000000e+01    7.6810149373e+03
    4.8665000000e+01    7.9067054776e+03
    4.8670000000e+01    8.6691361213e+03
    4.8675000000e+01    8.1141355783e+03
    4.8680000000e+01    8.1589179633e+03
    4.8685000000e+01    8.2978739724e+03
    4.8690000000e+01    8.5925465740e+03
    4.8695000000e+01    9.0607067050e+03
    4.8700000000e+01    8.7922229974e+03
    4.8705000000e+01    8.0479157854e+03
    4.8710000000e+01    7.9304323707e+03
    4.8715000000e+01    8.5895918583e+03
    4.8720000000e+01    9.0130036327e+03
    4.8725000000e+01    7.4282707359e+03
    4.8730000000e+01    8.4117754625e+03
    4.8735000000e+01    8.4905220628e+03
    4.8740000000e+01    8.0661578052e+03
    4.8745000000e+01    8.3395984861e+03
    4.8750000000e+01    9.0129115770e+03
    4.8755000000e+01    7.9005475327e+03
    4.8760000000e+01    8.7866959842e+03
    4.8765000000e+01    9.0067436331e+03
    4.8770000000e+01    8.5672912518e+03
    4.8775000000e+01    9.2125087971e+03
    4.8780000000e+01    8.6362759325e+03
    4.8785000000e+01    8.5232096236e+03
    4.8790000000e+01    9.2260999539e+03
    4.8795000000e+01    9.2716711481e+03
    4.8800000000e+01    9.9602458402e+03
    4.8805000000e+01    9.1808447825e+03
    4.8810000000e+01    8.7426649331e+03
    4.8815000000e+01    9.0533490641e+03
    4.8820000000e+01    9.9714342195e+03
    4.8825000000e+01    8.9221412139e+03
    4.8830000000e+01    9.1001217621e+03
    4.8835000000e+01    9.2500132605e+03
    4.8840000000e+01    9.9258799983e+03
    4.8845000000e+01    1.0666832465e+04
    4.8850000000e+01    9.4938270588e+03
    4.8855000000e+01    8.3712141944e+03
    4.8860000000e+01    9.1453103456e+03
    4.8865000000e+01    9.9915307418e+03
    4.8870000000e+01    1.0459287626e+04
    4.8875000000e+01    1.0250967455e+04
    4.8880000000e+01    9.0932914027e+03
    4.8885000000e+01    9.4924300339e+03
    4.8890000000e+01    1.0923825632e+04
    4.8895000000e+01    1.0561204643e+04
    4.8900000000e+01    1.0482708179e+04
    4.8905000000e+01    1.1065701009e+04
    4.8910000000e+01    1.0344887128e+04
    4.8915000000e+01    1.0207259325e+04
    4.8920000000e+01    1.1103569041e+04
    4.8925000000e+01    1.0426811978e+04
    4.8930000000e+01    1.0612370509e+04
    4.8935000000e+01    1.2934399613e+04
    4.8940000000e+01    1.1941402514e+04
    4.8945000000e+01    1.1969062591e+04
    4.8950000000e+01    1.1896822427e+04
    4.8955000000e+01    1.2607790584e+04
    4.8960000000e+01    1.1843354833e+04
    4.8965000000e+01    1.2928749189e+04
    4.8970000000e+01    1.3234410022e+04
    4.8975000000e+01    1.3690261062e+04
    4.8980000000e+01    1.6032967900e+04
    4.8985000000e+01    1.3074203664e+04
    4.8990000000e+01    1.5456829025e+04
    4.8995000000e+01    1.5274248510e+04
    4.9000000000e+01    1.5581161505e+04
    4.9005000000e+01    1.6312658348e+04
    4.9010000000e+01    1.5137574024e+04
    4.9015000000e+01    1.7253822361e+04
    4.9020000000e+01    1.6305876653e+04
    4.9025000000e+01    1.9153171613e+04
    4.9030000000e+01    1.8292976671e+04
    4.9035000000e+01    1.9575703802e+04
    4.9040000000e+01    1.8736534802e+04
    4.9045000000e+01    1.9035162096e+04
    4.9050000000e+01    1.9388682204e+04
    4.9055000000e+01    2.2729775199e+04
    4.9060000000e+01    1.8729815649e+04
    4.9065000000e+01    2.0172229513e+04
    4.9070000000e+01    2.0836920381e+04
    4.9075000000e+01    2.3788294519e+04
    4.9080000000e+01    2.4130757249e+04
    4.9085000000e+01    2.5423514816e+04
    4.9090000000e+01    2.6361671797e+04
    4.9095000000e+01    2.2477052642e+04
    4.9100000000e+01    2.9436416337e+04
    4.9105000000e+01    2.9383865712e+04
    4.9110000000e+01    3.7355744453e+04
    4.9115000000e+01    3.2487917627e+04
    4.9120000000e+01    3.3932358769e+04
    4.9125000000e+01    3.4760877179e+04
    4.9130000000e+01    3.6771686810e+04
    4.9135000000e+01    3.8945608582e+04
    4.9140000000e+01    4.0691787519e+04
    4.9145000000e+01    4.6252840251e+04
    4.9150000000e+01    4.8758319749e+04
    4.9155000000e+01    4.5093413839e+04
    4.9160000000e+01    4.8120092196e+04
    4.9165000000e+01    5.4399218845e+04
    4.9170000000e+01    5.3602470650e+04
    4.9175000000e+01    5.6685704708e+04
    4.9180000000e+01    5.7203500896e+04
    4.9185000000e+01    6.8722214162e+04
    4.9190000000e+01    6.6383317931e+04
    4.9195000000e+01    7.2243069932e+04
    4.9200000000e+01    7.1353112054e+04
    4.9205000000e+01    7.6032647260e+04
    4.9210000000e+01    8.0166591080e+04
    4.9215000000e+01    8.5432533033e+04
    4.9220000000e+01    9.2496780313e+04
    4.9225000000e+01    9.1382975985e+04
    4.9230000000e+01    8.6726086180e+04
    4.9235000000e+01    9.1468641214e+04
    4.9240000000e+01    9.7766936663e+04
    4.9245000000e+01    1.0604072910e+05
    4.9250000000e+01    1.0533878886e+05
    4.9255000000e+01    1.1794151710e+05
    4.9260000000e+01    1.0861277729e+05
    4.9265000000e+01    1.1478131732e+05
    4.9270000000e+01    1.1171991465e+05
    4.9275000000e+01    1.1430670697e+05
    4.9280000000e+01    1.2626858648e+05
    4.9285000000e+01    1.3048011364e+05
    4.9290000000e+01    1.2627349130e+05
    4.9295000000e+01    1.2287874719e+05
    4.9300000000e+01    1.2269348680e+05
    4.9305000000e+01    1.3292134307e+05
    4.9310000000e+01    1.3749438864e+05
    4.9315000000e+01    1.2447213669e+05
    4.9320000000e+01    1.3060347424e+05
    4.9325000000e+01    1.4098697768e+05
    4.9330000000e+01    1.2905363263e+05
    4.9335000000e+01    1.4082168611e+05
    4.9340000000e+01    1.3684333317e+05
    4.9345000000e+01    1.2934499345e+05
    4.9350000000e+01    1.3074612099e+05
    4.9355000000e+01    1.2673206315e+05
    4.9360000000e+01    1.2509014042e+05
    4.9365000000e+01    1.3157883214e+05
    4.9370000000e+01    1.1978643545e+05
    4.9375000000e+01    1.1671344260e+05
    4.9380000000e+01    1.2102758207e+05
    4.9385000000e+01    1.1245281095e+05
    4.9390000000e+01    1.1088826744e+05
    4.9395000000e+01    1.1719540201e+05
    4.9400000000e+01    1.1216323770e+05
    4.9405000000e+01    1.1881336470e+05
    4.9410000000e+01    1.0462249536e+05
    4.9415000000e+01    8.8152410602e+04
    4.9420000000e+01    9.9718131958e+04
    4.9425000000e+01    9.8941830372e+04
    4.9430000000e+01    8.6916582275e+04
    4.9435000000e+01    8.8642394888e+04
    4.9440000000e+01    8.8984471734e+04
    4.9445000000e+01    7.3039094004e+04
    4.9450000000e+01    7.2549997073e+04
    4.9455000000e+01    7.6059888292e+04
    4.9460000000e+01    7.3541618433e+04
    4.9465000000e+01    6.9032634390e+04
    4.9470000000e+01    6.7794976290e+04
    4.9475000000e+01    5.7282934344e+04
    4.9480000000e+01    5.6995521774e+04
    4.9485000000e+01    5.9531480019e+04
    4.9490000000e+01    6.0305361564e+04
    4.9495000000e+01    5.2566885102e+04
    4.9500000000e+01    5.5679068758e+04
    4.9505000000e+01    5.4527810593e+04
    4.9510000000e+01    4.5634823411e+04
    4.9515000000e+01    4.7580949880e+04
    4.9520000000e+01    3.9497823443e+04
    4.9525000000e+01    4.1946355722e+04
    4.9530000000e+01    3.9082043864e+04
    4.9535000000e+01    3.7249148664e+04
    4.9540000000e+01    3.7087689321e+04
    4.9545000000e+01    3.8908377289e+04
    4.9550000000e+01    3.5343915189e+04
    4.9555000000e+01    3.8725967948e+04
    4.9560000000e+01    3.6651306180e+04
    4.9565000000e+01    3.4908333016e+04
    4.9570000000e+01    3.6604133398e+04
    4.9575000000e+01    2.9980431709e+04
    4.9580000000e+01    3.1448495449e+04
    4.9585000000e+01    2.6167543319e+04
    4.9590000000e+01    2.6874508186e+04
    4.9595000000e+01    2.7005960699e+04
    4.9600000000e+01    2.5738832107e+04
    4.9605000000e+01    2.5913753812e+04
    4.9610000000e+01    2.7172975079e+04
    4.9615000000e+01    2.7549840196e+04
    4.9620000000e+01    2.5641981208e+04
    4.9625000000e+01    2.4596389794e+04
    4.9630000000e+01    2.1740977446e+04
    4.9635000000e+01    2.3396343324e+04
    4.9640000000e+01    2.3031086644e+04
    4.9645000000e+01    2.1192781759e+04
    4.9650000000e+01    2.1327079389e+04
    4.9655000000e+01    1.9393753848e+04
    4.9660000000e+01    1.9174333786e+04
    4.9665000000e+01    2.1990613773e+04
    4.9670000000e+01    2.0515882297e+04
    4.9675000000e+01    1.8196099584e+04
    4.9680000000e+01    1.9002455993e+04
    4.9685000000e+01    1.8957670376e+04
    4.9690000000e+01    1.7115027279e+04
    4.9695000000e+01    1.8300666970e+04
    4.9700000000e+01    1.7345888812e+04
    4.9705000000e+01    1.8855444948e+04
    4.9710000000e+01    1.5399649720e+04
    4.9715000000e+01    1.5990250680e+04
    4.9720000000e+01    1.5151987440e+04
    4.9725000000e+01    1.7974023974e+04
    4.9730000000e+01    1.5203590152e+04
    4.9735000000e+01    1.7686857552e+04
    4.9740000000e+01    1.6301784509e+04
    4.9745000000e+01    1.5674376462e+04
    4.9750000000e+01    1.7613083291e+04
    4.9755000000e+01    1.2965913949e+04
    4.9760000000e+01    1.5164749847e+04
    4.9765000000e+01    1.5071155071e+04
    4.9770000000e+01    1.4591652004e+04
    4.9775000000e+01    1.4114758643e+04
    4.9780000000e+01    1.4295073736e+04
    4.9785000000e+01    1.4657393566e+04
    4.9790000000e+01    1.5250635529e+04
    4.9795000000e+01    1.5428407561e+04
    4.9800000000e+01    1.3367169983e+04
    4.9805000000e+01    1.4529385938e+04
    4.9810000000e+01    1.2585270972e+04
    4.9815000000e+01    1.3478521138e+04
    4.9820000000e+01    1.2692808536e+04
    4.9825000000e+01    1.1783891605e+04
    4.9830000000e+01    1.1965039790e+04
    4.9835000000e+01    1.3034588895e+04
    4.9840000000e+01    1.3261788743e+04
    4.9845000000e+01    1.2778553166e+04
    4.9850000000e+01    1.1862829251e+04
    4.9855000000e+01    1.2834446667e+04
    4.9860000000e+01    1.2387867958e+04
    4.9865000000e+01    1.2564053231e+04
    4.9870000000e+01    1.0904657104e+04
    4.9875000000e+01    1.1933210248e+04
    4.9880000000e+01    1.1530878503e+04
    4.9885000000e+01    1.2013001921e+04
    4.9890000000e+01    1.2633359241e+04
    4.9895000000e+01    1.0955838696e+04
    4.9900000000e+01    1.0935738965e+04
    4.9905000000e+01    1.0968687955e+04
    4.9910000000e+01    1.1500384089e+04
    4.9915000000e+01    1.1111851904e+04
    4.9920000000e+01    1.1093944459e+04
    4.9925000000e+01    1.0414875243e+04
    4.9930000000e+01    1.1129585803e+04
    4.9935000000e+01    1.0624235088e+04
    4.9940000000e+01    1.0960701008e+04
    4.9945000000e+01    1.0761202236e+04
    4.9950000000e+01    9.8927724034e+03
    4.9955000000e+01    1.0635143779e+04
    4.9960000000e+01    9.4773435446e+03
    4.9965000000e+01    1.0172881460e+04
    4.9970000000e+01    1.0338524843e+04
    4.9975000000e+01    1.0168404523e+04
    4.9980000000e+01    9.3722876350e+03
    4.9985000000e+01    1.0751728849e+04
    4.9990000000e+01    9.0708166622e+03
    4.9995000000e+01    9.6831303623e+03
    5.0000000000e+01    9.3199374755e+03
    5.0005000000e+01    9.9138464308e+03
    5.0010000000e+01    9.5146107371e+03
    5.0015000000e+01    9.6076098683e+03
    5.0020000000e+01    1.0119269745e+04
    5.0025000000e+01    9.6753494501e+03
    5.0030000000e+01    8.7881128787e+03
    5.0035000000e+01    9.7310647729e+03
    5.0040000000e+01    1.0098271760e+04
    5.0045000000e+01    9.1916062660e+03
    5.0050000000e+01    1.1115607544e+04
    5.0055000000e+01    9.1883258298e+03
    5.0060000000e+01    7.9925750929e+03
    5.0065000000e+01    9.0079313590e+03
    5.0070000000e+01    8.4624719440e+03
    5.0075000000e+01    8.9023766881e+03
    5.0080000000e+01    9.4345372084e+03
    5.0085000000e+01    9.4025694403e+03
    5.0090000000e+01    9.8433397001e+03
    5.0095000000e+01    9.3094879969e+03
    5.0100000000e+01    9.2574249432e+03
    5.0105000000e+01    8.9864991421e+03
    5.0110000000e+01    8.8823185459e+03
    5.0115000000e+01    7.4596814936e+03
    5.0120000000e+01    8.9514878815e+03
    5.0125000000e+01    8.8815994795e+03
    5.0130000000e+01    9.4960569558e+03
    5.0135000000e+01    8.9747011035e+03
    5.0140000000e+01    8.5337974158e+03
    5.0145000000e+01    8.3322227502e+03
    5.0150000000e+01    8.3514002112e+03
    5.0155000000e+01    9.7232567306e+03
    5.0160000000e+01    8.2145651954e+03
    5.0165000000e+01    8.6665273425e+03
    5.0170000000e+01    7.9653031029e+03
    5.0175000000e+01    8.0287875404e+03
    5.0180000000e+01    8.7064427187e+03
    5.0185000000e+01    8.2398962723e+03
    5.0190000000e+01    9.5739760823e+03
    5.0195000000e+01    7.9885287492e+03
    5.0200000000e+01    7.4692933221e+03
    5.0205000000e+01    7.7577408326e+03
    5.0210000000e+01    7.9794982109e+03
    5.0215000000e+01    8.1886417755e+03
    5.0220000000e+01    7.9244227258e+03
    5.0225000000e+01    7.7462427411e+03
    5.0230000000e+01    7.9037485691e+03
    5.0235000000e+01    8.1947540688e+03
    5.0240000000e+01    7.9188616963e+03
    5.0245000000e+01    8.3346313414e+03
    5.0250000000e+01    7.9326930719e+03
    5.0255000000e+01    7.3026898283e+03
    5.0260000000e+01    8.3534157370e+03
    5.0265000000e+01    8.2491718909e+03
    5.0270000000e+01    7.7087190931e+03
    5.0275000000e+01    7.2965551416e+03
    5.0280000000e+01    7.8956259782e+03
    5.0285000000e+01    7.6454195525e+03
    5.0290000000e+01    7.4294784885e+03
    5.0295000000e+01    6.7388627584e+03
    5.0300000000e+01    7.3082246531e+03
    5.0305000000e+01    7.2545530256e+03
    5.0310000000e+01    7.1170247131e+03
    5.0315000000e+01    6.5957982743e+03
    5.0320000000e+01    6.7257247406e+03
    5.0325000000e+01    6.4995612424e+03
    5.0330000000e+01    6.7654017339e+03
    5.0335000000e+01    7.0124206149e+03
    5.0340000000e+01    6.3701869278e+03
    5.0345000000e+01    5.6800159872e+03
    5.0350000000e+01    6.4473367441e+03
    5.0355000000e+01    5.7173746513e+03
    5.0360000000e+01    5.5853005322e+03
    5.0365000000e+01    5.7712855005e+03
    5.0370000000e+01    5.3089667623e+03
    5.0375000000e+01    5.5477631163e+03
    5.0380000000e+01    5.3199528362e+03
    5.0385000000e+01    5.1149090300e+03
    5.0390000000e+01    4.7628266847e+03
    5.0395000000e+01    4.6991603879e+03
    5.0400000000e+01    5.0475144607e+03
    5.0405000000e+01    4.1462458157e+03
    5.0410000000e+01    4.3391007835e+03
    5.0415000000e+01    4.3230739611e+03
    5.0420000000e+01    4.4584172734e+03
    5.0425000000e+01    4.6785004537e+03
    5.0430000000e+01    3.9838881515e+03
    5.0435000000e+01    4.3708998258e+03
    5.0440000000e+01    4.3251457332e+03
    5.0445000000e+01    4.1647617389e+03
    5.0450000000e+01    3.8232860274e+03
    5.0455000000e+01    3.9395536739e+03
    5.0460000000e+01    4.0448224168e+03
    5.0465000000e+01    3.6059805064e+03
    5.0470000000e+01    3.9418480074e+03
    5.0475000000e+01    4.0344649498e+03
    5.0480000000e+01    4.2691700645e+03
    5.0485000000e+01    3.8919566267e+03
    5.0490000000e+01    3.6578207443e+03
    5.0495000000e+01    4.0061022646e+03
    5.0500000000e+01    3.9049911579e+03
    5.0505000000e+01    3.5766007637e+03
    5.0510000000e+01    3.9580488201e+03
    5.0515000000e+01    3.9089273133e+03
    5.0520000000e+01    3.9891128194e+03
    5.0525000000e+01    4.1785223494e+03
    5.0530000000e+01    3.8737153656e+03
    5.0535000000e+01    3.7088081430e+03
    5.0540000000e+01    3.8139771222e+03
    5.0545000000e+01    4.0640231663e+03
    5.0550000000e+01    3.8093081286e+03
    5.0555000000e+01    3.8893455211e+03
    5.0560000000e+01    4.3121688774e+03
    5.0565000000e+01    4.0909550666e+03
    5.0570000000e+01    4.0375974421e+03
    5.0575000000e+01    4.4328905824e+03
    5.0580000000e+01    4.3972185915e+03
    5.0585000000e+01    4.2285268506e+03
    5.0590000000e+01    4.1815237597e+03
    5.0595000000e+01    3.7666788778e+03
    5.0600000000e+01    4.0169270778e+03
    5.0605000000e+01    3.9181614076e+03
    5.0610000000e+01    3.9654368458e+03
    5.0615000000e+01    4.0656939497e+03
    5.0620000000e+01    4.1063022633e+03
    5.0625000000e+01    3.7999906634e+03
    5.0630000000e+01    3.8629581638e+03
    5.0635000000e+01    4.4732173688e+03
    5.0640000000e+01    4.1640496008e+03
    5.0645000000e+01    4.1240996722e+03
    5.0650000000e+01    4.4895993932e+03
    5.0655000000e+01    3.9823675357e+03
    5.0660000000e+01    4.4387285860e+03
    5.0665000000e+01    4.6027195414e+03
    5.0670000000e+01    4.6872197813e+03
    5.0675000000e+01    4.5635325040e+03
    5.0680000000e+01    4.3827944611e+03
    5.0685000000e+01    4.7983712557e+03
    5.0690000000e+01    4.5726260915e+03
    5.0695000000e+01    4.0229185934e+03
    5.0700000000e+01    4.4761671039e+03
    5.0705000000e+01    4.0362035414e+03
    5.0710000000e+01    4.3064116705e+03
    5.0715000000e+01    4.5184893111e+03
    5.0720000000e+01    4.3707692929e+03
    5.0725000000e+01    5.1137360246e+03
    5.0730000000e+01    4.4831086157e+03
    5.0735000000e+01    4.7135283872e+03
    5.0740000000e+01    4.3744401336e+03
    5.0745000000e+01    4.8180138374e+03
    5.0750000000e+01    4.6773691224e+03
    5.0755000000e+01    5.0543152409e+03
    5.0760000000e+01    4.7391807701e+03
    5.0765000000e+01    4.1364315398e+03
    5.0770000000e+01    4.4450967397e+03
    5.0775000000e+01    4.3489925595e+03
    5.0780000000e+01    5.2970656082e+03
    5.0785000000e+01    4.6007225943e+03
    5.0790000000e+01    5.0885023210e+03
    5.0795000000e+01    4.5132570710e+03
    5.0800000000e+01    4.9935287805e+03
    5.0805000000e+01    4.4491208003e+03
    5.0810000000e+01    5.0412766517e+03
    5.0815000000e+01    4.7950318258e+03
    5.0820000000e+01    5.4017270197e+03
    5.0825000000e+01    4.8369747265e+03
    5.0830000000e+01    4.6605231629e+03
    5.0835000000e+01    4.8872117132e+03
    5.0840000000e+01    5.1119548528e+03
    5.0845000000e+01    4.7652688175e+03
    5.0850000000e+01    4.8863706812e+03
    5.0855000000e+01    5.0327045725e+03
    5.0860000000e+01    4.7380137898e+03
    5.0865000000e+01    4.4097083041e+03
    5.0870000000e+01    4.6875142667e+03
    5.0875000000e+01    4.6255915935e+03
    5.0880000000e+01    4.9878164152e+03
    5.0885000000e+01    4.6966353408e+03
    5.0890000000e+01    5.0775665993e+03
    5.0895000000e+01    4.8791462171e+03
    5.0900000000e+01    5.5165344662e+03
    5.0905000000e+01    4.7907111027e+03
    5.0910000000e+01    5.3311854213e+03
    5.0915000000e+01    5.5287536097e+03
    5.0920000000e+01    4.7909381845e+03
    5.0925000000e+01    5.0659715434e+03
    5.0930000000e+01    4.9242505301e+03
    5.0935000000e+01    5.2162821790e+03
    5.0940000000e+01    5.0550645231e+03
    5.0945000000e+01    4.8104544336e+03
    5.0950000000e+01    5.0157034910e+03
    5.0955000000e+01    4.9838802978e+03
    5.0960000000e+01    5.1459844679e+03
    5.0965000000e+01    5.6717754080e+03
    5.0970000000e+01    5.1522833756e+03
    5.0975000000e+01    5.4881172870e+03
    5.0980000000e+01    5.6693759948e+03
    5.0985000000e+01    4.8685698535e+03
    5.0990000000e+01    5.9780932097e+03
    5.0995000000e+01    5.9838024774e+03
    5.1000000000e+01    5.9073795973e+03
    5.1005000000e+01    6.3812202715e+03
    5.1010000000e+01    5.8704251572e+03
    5.1015000000e+01    5.8857958266e+03
    5.1020000000e+01    5.8347229052e+03
    5.1025000000e+01    6.3458149304e+03
    5.1030000000e+01    6.4497848158e+03
    5.1035000000e+01    5.5773952955e+03
    5.1040000000e+01    5.9602248348e+03
    5.1045000000e+01    6.1590427062e+03
    5.1050000000e+01    5.7876014548e+03
    5.1055000000e+01    6.9166010545e+03
    5.1060000000e+01    6.3170309017e+03
    5.1065000000e+01    6.2151108873e+03
    5.1070000000e+01    6.6930789195e+03
    5.1075000000e+01    6.4434472702e+03
    5.1080000000e+01    5.2540155550e+03
    5.1085000000e+01    6.7901231030e+03
    5.1090000000e+01    6.5674829080e+03
    5.1095000000e+01    5.8218534103e+03
    5.1100000000e+01    6.3042208581e+03
    5.1105000000e+01    6.7698994969e+03
    5.1110000000e+01    6.3136801418e+03
    5.1115000000e+01    6.7790864873e+03
    5.1120000000e+01    6.4540490299e+03
    5.1125000000e+01    6.1622191034e+03
    5.1130000000e+01    6.2260302975e+03
    5.1135000000e+01    6.2960678521e+03
    5.1140000000e+01    7.7492859574e+03
    5.1145000000e+01    7.8178146103e+03
    5.1150000000e+01    7.2382508770e+03
    5.1155000000e+01    7.5147362466e+03
    5.1160000000e+01    7.7848079757e+03
    5.1165000000e+01    7.6798922266e+03
    5.1170000000e+01    8.1681108354e+03
    5.1175000000e+01    7.1730509060e+03
    5.1180000000e+01    7.7908864963e+03
    5.1185000000e+01    9.2348322127e+03
    5.1190000000e+01    8.4024391800e+03
    5.1195000000e+01    8.0912868444e+03
    5.1200000000e+01    7.4749585891e+03
    5.1205000000e+01    8.1420480760e+03
    5.1210000000e+01    8.9887196695e+03
    5.1215000000e+01    8.6523909179e+03
    5.1220000000e+01    8.4372161141e+03
    5.1225000000e+01    9.5781563400e+03
    5.1230000000e+01    1.0194705757e+04
    5.1235000000e+01    8.0212702774e+03
    5.1240000000e+01    9.2695618278e+03
    5.1245000000e+01    8.7007325582e+03
    5.1250000000e+01    1.0084932326e+04
    5.1255000000e+01    9.7458022248e+03
    5.1260000000e+01    1.1642313946e+04
    5.1265000000e+01    9.6038711637e+03
    5.1270000000e+01    1.0013442648e+04
    5.1275000000e+01    1.0175083367e+04
    5.1280000000e+01    1.0485395568e+04
    5.1285000000e+01    1.0235019976e+04
    5.1290000000e+01    1.0437633187e+04
    5.1295000000e+01    9.7488539197e+03
    5.1300000000e+01    9.5995813561e+03
    5.1305000000e+01    1.0773242209e+04
    5.1310000000e+01    1.1904698094e+04
    5.1315000000e+01    1.1944143275e+04
    5.1320000000e+01    9.8386119616e+03
    5.1325000000e+01    1.2015319894e+04
    5.1330000000e+01    1.1542278989e+04
    5.1335000000e+01    1.2389833601e+04
    5.1340000000e+01    1.1665868555e+04
    5.1345000000e+01    1.1405186800e+04
    5.1350000000e+01    1.1416567594e+04
    5.1355000000e+01    1.2831706572e+04
    5.1360000000e+01    1.2567137448e+04
    5.1365000000e+01    1.2155481005e+04
    5.1370000000e+01    1.2507850737e+04
    5.1375000000e+01    1.2743625945e+04
    5.1380000000e+01    1.1142169638e+04
    5.1385000000e+01    1.3910951532e+04
    5.1390000000e+01    1.3607751064e+04
    5.1395000000e+01    1.4511272694e+04
    5.1400000000e+01    1.2755653018e+04
    5.1405000000e+01    1.3331381361e+04
    5.1410000000e+01    1.4279683909e+04
    5.1415000000e+01    1.1818032891e+04
    5.1420000000e+01    1.3846294101e+04
    5.1425000000e+01    1.2667648667e+04
    5.1430000000e+01    1.2968888380e+04
    5.1435000000e+01    1.3169121891e+04
    5.1440000000e+01    1.2961893608e+04
    5.1445000000e+01    1.3307891612e+04
    5.1450000000e+01    1.2594253924e+04
    5.1455000000e+01    1.4579347497e+04
    5.1460000000e+01    1.3826753870e+04
    5.1465000000e+01    1.3803954417e+04
    5.1470000000e+01    1.1591691201e+04
    5.1475000000e+01    1.2327343264e+04
    5.1480000000e+01    1.2027567441e+04
    5.1485000000e+01    1.2397066333e+04
    5.1490000000e+01    1.2309617364e+04
    5.1495000000e+01    1.3267534505e+04
    5.1500000000e+01    1.3515792494e+04
    5.1505000000e+01    1.0886632101e+04
    5.1510000000e+01    1.2375288396e+04
    5.1515000000e+01    1.1512525302e+04
    5.1520000000e+01    1.2557077692e+04
    5.1525000000e+01    1.1230556150e+04
    5.1530000000e+01    1.1655747272e+04
    5.1535000000e+01    1.1516276970e+04
    5.1540000000e+01    1.1777729200e+04
    5.1545000000e+01    1.1312481101e+04
    5.1550000000e+01    1.0585007638e+04
    5.1555000000e+01    1.0543837083e+04
    5.1560000000e+01    9.5977562484e+03
    5.1565000000e+01    9.4657626697e+03
    5.1570000000e+01    1.1706431976e+04
    5.1575000000e+01    9.1317694561e+03
    5.1580000000e+01    8.7878455433e+03
    5.1585000000e+01    1.0127514070e+04
    5.1590000000e+01    1.0046356073e+04
    5.1595000000e+01    9.8834645822e+03
    5.1600000000e+01    8.9937623441e+03
    5.1605000000e+01    8.6300065821e+03
    5.1610000000e+01    8.5744100487e+03
    5.1615000000e+01    8.2373852394e+03
    5.1620000000e+01    8.4276954769e+03
    5.1625000000e+01    8.9430120057e+03
    5.1630000000e+01    7.7640314590e+03
    5.1635000000e+01    7.6136479894e+03
    5.1640000000e+01    7.3747868751e+03
    5.1645000000e+01    8.1037779171e+03
    5.1650000000e+01    7.0242664032e+03
    5.1655000000e+01    7.2087554960e+03
    5.1660000000e+01    7.3490394392e+03
    5.1665000000e+01    7.6100106166e+03
    5.1670000000e+01    6.5293645357e+03
    5.1675000000e+01    6.4724039286e+03
    5.1680000000e+01    6.8010135444e+03
    5.1685000000e+01    5.9232994631e+03
    5.1690000000e+01    6.7061538055e+03
    5.1695000000e+01    6.4600588216e+03
    5.1700000000e+01    5.7190402389e+03
    5.1705000000e+01    5.6153445829e+03
    5.1710000000e+01    5.6874866333e+03
    5.1715000000e+01    5.2683843046e+03
    5.1720000000e+01    5.6461760014e+03
    5.1725000000e+01    5.9028348916e+03
    5.1730000000e+01    5.4108348466e+03
    5.1735000000e+01    4.6954769592e+03
    5.1740000000e+01    5.5827959728e+03
    5.1745000000e+01    5.1895043429e+03
    5.1750000000e+01    4.4360376454e+03
    5.1755000000e+01    4.8225941521e+03
    5.1760000000e+01    4.8924302695e+03
    5.1765000000e+01    4.6186591972e+03
    5.1770000000e+01    4.8167330312e+03
    5.1775000000e+01    4.5499713341e+03
    5.1780000000e+01    4.0584928715e+03
    5.1785000000e+01    4.7253216758e+03
    5.1790000000e+01    4.4172035314e+03
    5.1795000000e+01    3.8060676764e+03
    5.1800000000e+01    4.4120862641e+03
    5.1805000000e+01    4.1588961989e+03
    5.1810000000e+01    4.0656969371e+03
    5.1815000000e+01    4.6101909164e+03
    5.1820000000e+01    3.9620813841e+03
    5.1825000000e+01    3.9282063166e+03
    5.1830000000e+01    3.8721623732e+03
    5.1835000000e+01    3.9915857503e+03
    5.1840000000e+01    3.5445962885e+03
    5.1845000000e+01    3.2456138147e+03
    5.1850000000e+01    3.7572108229e+03
    5.1855000000e+01    3.4450940265e+03
    5.1860000000e+01    3.4172123424e+03
    5.1865000000e+01    3.7537582267e+03
    5.1870000000e+01    3.6615659114e+03
    5.1875000000e+01    2.8042572548e+03
    5.1880000000e+01    3.0738380305e+03
    5.1885000000e+01    3.5634799283e+03
    5.1890000000e+01    2.9791843797e+03
    5.1895000000e+01    3.4653508306e+03
    5.1900000000e+01    3.0820500758e+03
    5.1905000000e+01    3.2694990762e+03
    5.1910000000e+01    3.3239368933e+03
    5.1915000000e+01    3.1217109650e+03
    5.1920000000e+01    3.2878563605e+03
    5.1925000000e+01    3.0596532797e+03
    5.1930000000e+01    2.8827903073e+03
    5.1935000000e+01    2.9605698009e+03
    5.1940000000e+01    3.0671869158e+03
    5.1945000000e+01    3.0909616972e+03
    5.1950000000e+01    2.8439749210e+03
    5.1955000000e+01    2.7491416919e+03
    5.1960000000e+01    3.0860122007e+03
    5.1965000000e+01    2.7176348777e+03
    5.1970000000e+01    2.9275554936e+03
    5.1975000000e+01    3.2359538185e+03
    5.1980000000e+01    2.8161707834e+03
    5.1985000000e+01    2.5963058891e+03
    5.1990000000e+01    2.9345322189e+03
    5.1995000000e+01    2.7085672988e+03
    5.2000000000e+01    2.7898973118e+03
    5.2005000000e+01    2.4439232024e+03
    5.2010000000e+01    2.4647048064e+03
    5.2015000000e+01    2.7225030410e+03
    5.2020000000e+01    2.8621085300e+03
    5.2025000000e+01    2.6794765640e+03
    5.2030000000e+01    2.6919256941e+03
    5.2035000000e+01    2.6910453428e+03
    5.2040000000e+01    2.6933069352e+03
    5.2045000000e+01    2.6074921490e+03
    5.2050000000e+01    2.5776399716e+03
    5.2055000000e+01    2.3825933708e+03
    5.2060000000e+01    2.6182611729e+03
    5.2065000000e+01    2.6830056895e+03
    5.2070000000e+01    2.3467594900e+03
    5.2075000000e+01    2.5281070018e+03
    5.2080000000e+01    2.3084405311e+03
    5.2085000000e+01    2.4664947537e+03
    5.2090000000e+01    2.3831202162e+03
    5.2095000000e+01    2.2884452772e+03
    5.2100000000e+01    2.6189502324e+03
    5.2105000000e+01    2.3083918865e+03
    5.2110000000e+01    2.3778421650e+03
    5.2115000000e+01    2.2533046971e+03
    5.2120000000e+01    2.3901653546e+03
    5.2125000000e+01    2.2838560226e+03
    5.2130000000e+01    2.5508393817e+03
    5.2135000000e+01    2.4202877138e+03
    5.2140000000e+01    2.4431901102e+03
    5.2145000000e+01    2.2678390763e+03
    5.2150000000e+01    2.1533888514e+03
    5.2155000000e+01    2.4228257080e+03
    5.2160000000e+01    2.3356109205e+03
    5.2165000000e+01    2.2892630444e+03
    5.2170000000e+01    2.1599224207e+03
    5.2175000000e+01    2.0634646795e+03
    5.2180000000e+01    2.0639022428e+03
    5.2185000000e+01    2.3793627285e+03
    5.2190000000e+01    2.0378639391e+03
    5.2195000000e+01    2.3744096930e+03
    5.2200000000e+01    2.2626726282e+03
    5.2205000000e+01    2.1660662144e+03
    5.2210000000e+01    2.1758324137e+03
    5.2215000000e+01    2.2591657086e+03
    5.2220000000e+01    2.2622738866e+03
    5.2225000000e+01    2.3552674836e+03
    5.2230000000e+01    2.2560929098e+03
    5.2235000000e+01    2.3501122619e+03
    5.2240000000e+01    2.2417696919e+03
    5.2245000000e+01    2.3045217080e+03
    5.2250000000e+01    2.0633761987e+03
    5.2255000000e+01    2.3906745604e+03
    5.2260000000e+01    2.1651315740e+03
    5.2265000000e+01    2.0634034215e+03
    5.2270000000e+01    2.2805830942e+03
    5.2275000000e+01    1.9097249352e+03
    5.2280000000e+01    2.0018496818e+03
    5.2285000000e+01    2.1798297955e+03
    5.2290000000e+01    2.0020165161e+03
    5.2295000000e+01    2.3372963987e+03
    5.2300000000e+01    2.2992388930e+03
    5.2305000000e+01    2.1568770392e+03
    5.2310000000e+01    2.4973094414e+03
    5.2315000000e+01    2.0631172033e+03
    5.2320000000e+01    2.2156795244e+03
    5.2325000000e+01    2.4659805811e+03
    5.2330000000e+01    2.4341916394e+03
    5.2335000000e+01    2.3956905802e+03
    5.2340000000e+01    2.2198008480e+03
    5.2345000000e+01    2.4663701087e+03
    5.2350000000e+01    2.5970539482e+03
    5.2355000000e+01    2.2748571427e+03
    5.2360000000e+01    2.2105705984e+03
    5.2365000000e+01    2.1800175490e+03
    5.2370000000e+01    2.5275549389e+03
    5.2375000000e+01    2.6244552872e+03
    5.2380000000e+01    2.5297738410e+03
    5.2385000000e+01    2.3659454371e+03
    5.2390000000e+01    2.5436655535e+03
    5.2395000000e+01    2.2782891646e+03
    5.2400000000e+01    2.3725528113e+03
    5.2405000000e+01    2.2968821810e+03
    5.2410000000e+01    2.9007528359e+03
    5.2415000000e+01    2.5166336808e+03
    5.2420000000e+01    2.4384774787e+03
    5.2425000000e+01    2.4199313208e+03
    5.2430000000e+01    2.3909427626e+03
    5.2435000000e+01    2.8800697998e+03
    5.2440000000e+01    2.4743751942e+03
    5.2445000000e+01    2.4181456812e+03
    5.2450000000e+01    2.1655872059e+03
    5.2455000000e+01    2.5439260709e+03
    5.2460000000e+01    2.6091115305e+03
    5.2465000000e+01    2.8997628358e+03
    5.2470000000e+01    2.5098303748e+03
    5.2475000000e+01    2.6641052482e+03
    5.2480000000e+01    2.5361206769e+03
    5.2485000000e+01    2.7216846607e+03
    5.2490000000e+01    3.2914855403e+03
    5.2495000000e+01    2.8994053003e+03
    5.2500000000e+01    2.8945078931e+03
    5.2505000000e+01    2.7131862029e+03
    5.2510000000e+01    2.7444725765e+03
    5.2515000000e+01    2.9693095442e+03
    5.2520000000e+01    2.8385770922e+03
    5.2525000000e+01    3.4923043459e+03
    5.2530000000e+01    3.1950101619e+03
    5.2535000000e+01    2.6482351549e+03
    5.2540000000e+01    3.0780802622e+03
    5.2545000000e+01    2.8457990627e+03
    5.2550000000e+01    3.3639017621e+03
    5.2555000000e+01    2.8569675811e+03
    5.2560000000e+01    3.2304860308e+03
    5.2565000000e+01    3.0264478280e+03
    5.2570000000e+01    3.4467731387e+03
    5.2575000000e+01    3.2937970056e+03
    5.2580000000e+01    3.1950811397e+03
    5.2585000000e+01    3.2677435454e+03
    5.2590000000e+01    3.3659680749e+03
    5.2595000000e+01    3.1039061500e+03
    5.2600000000e+01    3.2402302213e+03
    5.2605000000e+01    2.9525587003e+03
    5.2610000000e+01    3.2615527363e+03
    5.2615000000e+01    3.2090434969e+03
    5.2620000000e+01    2.7125438846e+03
    5.2625000000e+01    3.4659447150e+03
    5.2630000000e+01    3.2080943924e+03
    5.2635000000e+01    2.9289920056e+03
    5.2640000000e+01    3.6969419607e+03
    5.2645000000e+01    3.3119686144e+03
    5.2650000000e+01    3.3773100027e+03
    5.2655000000e+01    3.4291130043e+03
    5.2660000000e+01    3.4301584966e+03
    5.2665000000e+01    3.4230898623e+03
    5.2670000000e+01    3.7551525879e+03
    5.2675000000e+01    3.5359256887e+03
    5.2680000000e+01    3.3581221653e+03
    5.2685000000e+01    3.6046587641e+03
    5.2690000000e+01    3.7258487075e+03
    5.2695000000e+01    3.2309571010e+03
    5.2700000000e+01    3.5937810240e+03
    5.2705000000e+01    3.2831999094e+03
    5.2710000000e+01    3.0547110536e+03
    5.2715000000e+01    3.5085954606e+03
    5.2720000000e+01    3.2970364387e+03
    5.2725000000e+01    3.2442388039e+03
    5.2730000000e+01    3.2386661042e+03
    5.2735000000e+01    3.1731966119e+03
    5.2740000000e+01    3.3068134453e+03
    5.2745000000e+01    3.3022229192e+03
    5.2750000000e+01    3.3738886643e+03
    5.2755000000e+01    3.1364357920e+03
    5.2760000000e+01    3.3372453925e+03
    5.2765000000e+01    3.0824353432e+03
    5.2770000000e+01    3.2736726498e+03
    5.2775000000e+01    3.1132472956e+03
    5.2780000000e+01    3.2802552644e+03
    5.2785000000e+01    3.5626469404e+03
    5.2790000000e+01    3.6263646819e+03
    5.2795000000e+01    3.0876030686e+03
    5.2800000000e+01    3.1306514792e+03
    5.2805000000e+01    2.8458148342e+03
    5.2810000000e+01    2.9988729193e+03
    5.2815000000e+01    3.1404623188e+03
    5.2820000000e+01    3.2627725793e+03
    5.2825000000e+01    2.9207547285e+03
    5.2830000000e+01    3.1368211700e+03
    5.2835000000e+01    3.4022521499e+03
    5.2840000000e+01    3.0947998545e+03
    5.2845000000e+01    2.9746204569e+03
    5.2850000000e+01    3.0726233369e+03
    5.2855000000e+01    3.0987899173e+03
    5.2860000000e+01    3.0434371061e+03
    5.2865000000e+01    3.2986965127e+03
    5.2870000000e+01    2.9785162145e+03
    5.2875000000e+01    3.1606286875e+03
    5.2880000000e+01    2.8755982252e+03
    5.2885000000e+01    2.9880669496e+03
    5.2890000000e+01    3.0042171244e+03
    5.2895000000e+01    3.1321259653e+03
    5.2900000000e+01    2.8405777072e+03
    5.2905000000e+01    3.0341154703e+03
    5.2910000000e+01    2.9147800021e+03
    5.2915000000e+01    2.9495840691e+03
    5.2920000000e+01    3.0429892571e+03
    5.2925000000e+01    2.8258906850e+03
    5.2930000000e+01    2.9237143608e+03
    5.2935000000e+01    2.9635545434e+03
    5.2940000000e+01    2.6262070769e+03
    5.2945000000e+01    2.9247515755e+03
    5.2950000000e+01    2.8143191652e+03
    5.2955000000e+01    3.0390585120e+03
    5.2960000000e+01    2.9222022867e+03
    5.2965000000e+01    2.7520204618e+03
    5.2970000000e+01    3.0327225988e+03
    5.2975000000e+01    3.0753935541e+03
    5.2980000000e+01    2.9550071888e+03
    5.2985000000e+01    2.8480379507e+03
    5.2990000000e+01    2.9270892508e+03
    5.2995000000e+01    3.0556352235e+03
    5.3000000000e+01    2.8425772138e+03
    5.3005000000e+01    2.9070961830e+03
    5.3010000000e+01    2.6682374798e+03
    5.3015000000e+01    2.8104889029e+03
    5.3020000000e+01    2.7219801610e+03
    5.3025000000e+01    2.8875491676e+03
    5.3030000000e+01    3.0266926966e+03
    5.3035000000e+01    3.0307445382e+03
    5.3040000000e+01    2.6199516439e+03
    5.3045000000e+01    3.3465287120e+03
    5.3050000000e+01    2.6641109626e+03
    5.3055000000e+01    2.8157559244e+03
    5.3060000000e+01    2.6663299943e+03
    5.3065000000e+01    2.7744923172e+03
    5.3070000000e+01    2.8072406610e+03
    5.3075000000e+01    2.4870393758e+03
    5.3080000000e+01    2.8137440729e+03
    5.3085000000e+01    2.8247360545e+03
    5.3090000000e+01    2.6952999789e+03
    5.3095000000e+01    2.6959636686e+03
    5.3100000000e+01    2.9139781256e+03
    5.3105000000e+01    2.6934267622e+03
    5.3110000000e+01    2.8971535100e+03
    5.3115000000e+01    2.8810391829e+03
    5.3120000000e+01    2.5359429613e+03
    5.3125000000e+01    2.8947904078e+03
    5.3130000000e+01    2.7768719771e+03
    5.3135000000e+01    2.4440608718e+03
    5.3140000000e+01    2.5069239199e+03
    5.3145000000e+01    2.7941269500e+03
    5.3150000000e+01    2.8216436947e+03
    5.3155000000e+01    2.8172626680e+03
    5.3160000000e+01    2.7938931210e+03
    5.3165000000e+01    2.6191671572e+03
    5.3170000000e+01    2.6285675896e+03
    5.3175000000e+01    2.5241309532e+03
    5.3180000000e+01    2.4474340803e+03
    5.3185000000e+01    2.8417666939e+03
    5.3190000000e+01    2.6932992196e+03
    5.3195000000e+01    2.5694527511e+03
    5.3200000000e+01    2.6858689313e+03
    5.3205000000e+01    3.0006478959e+03
    5.3210000000e+01    2.8675244085e+03
    5.3215000000e+01    2.9267561576e+03
    5.3220000000e+01    2.8983553484e+03
    5.3225000000e+01    2.5034066404e+03
    5.3230000000e+01    2.6439717649e+03
    5.3235000000e+01    2.7657843804e+03
    5.3240000000e+01    2.8593810576e+03
    5.3245000000e+01    2.5120793431e+03
    5.3250000000e+01    2.5939906321e+03
    5.3255000000e+01    2.4846904912e+03
    5.3260000000e+01    2.7862249266e+03
    5.3265000000e+01    2.7680079004e+03
    5.3270000000e+01    2.8657748857e+03
    5.3275000000e+01    2.6652374961e+03
    5.3280000000e+01    2.4281246986e+03
    5.3285000000e+01    2.6667881289e+03
    5.3290000000e+01    2.6141804367e+03
    5.3295000000e+01    2.6786373086e+03
    5.3300000000e+01    3.0532910347e+03
    5.3305000000e+01    2.6091673651e+03
    5.3310000000e+01    2.7682865075e+03
    5.3315000000e+01    2.6670672568e+03
    5.3320000000e+01    2.6411112360e+03
    5.3325000000e+01    2.5525097346e+03
    5.3330000000e+01    2.7839278443e+03
    5.3335000000e+01    2.5339593373e+03
    5.3340000000e+01    2.7067930073e+03
    5.3345000000e+01    2.6086166170e+03
    5.3350000000e+01    2.5871992484e+03
    5.3355000000e+01    2.6505644547e+03
    5.3360000000e+01    2.7835459523e+03
    5.3365000000e+01    2.3384982492e+03
    5.3370000000e+01    2.5775836815e+03
    5.3375000000e+01    2.4540382856e+03
    5.3380000000e+01    2.5563858874e+03
    5.3385000000e+01    2.6474858886e+03
    5.3390000000e+01    2.5368665855e+03
    5.3395000000e+01    2.7521151368e+03
    5.3400000000e+01    2.6825504384e+03
    5.3405000000e+01    2.6717280314e+03
    5.3410000000e+01    2.5382611698e+03
    5.3415000000e+01    2.3000419095e+03
    5.3420000000e+01    2.5523753984e+03
    5.3425000000e+01    2.5920204581e+03
    5.3430000000e+01    2.4889769317e+03
    5.3435000000e+01    2.5066254291e+03
    5.3440000000e+01    2.5507981055e+03
    5.3445000000e+01    2.7118671389e+03
    5.3450000000e+01    2.5101100213e+03
    5.3455000000e+01    2.4051844033e+03
    5.3460000000e+01    2.3483994142e+03
    5.3465000000e+01    2.6818662050e+03
    5.3470000000e+01    2.7425874073e+03
    5.3475000000e+01    2.4831294566e+03
    5.3480000000e+01    2.5177974175e+03
    5.3485000000e+01    3.1303402206e+03
    5.3490000000e+01    2.6586633918e+03
    5.3495000000e+01    2.3213975302e+03
    5.3500000000e+01    2.8192262176e+03
    5.3505000000e+01    2.6861189684e+03
    5.3510000000e+01    2.4832684498e+03
    5.3515000000e+01    2.7156145763e+03
    5.3520000000e+01    2.2813908999e+03
    5.3525000000e+01    2.4019174565e+03
    5.3530000000e+01    2.2613061468e+03
    5.3535000000e+01    2.4255739516e+03
    5.3540000000e+01    2.6468162722e+03
    5.3545000000e+01    2.2621962957e+03
    5.3550000000e+01    2.4491330575e+03
    5.3555000000e+01    2.4355177477e+03
    5.3560000000e+01    2.5384379754e+03
    5.3565000000e+01    2.2722827756e+03
    5.3570000000e+01    2.2386455346e+03
    5.3575000000e+01    2.2871392240e+03
    5.3580000000e+01    2.4401487488e+03
    5.3585000000e+01    2.2641456124e+03
    5.3590000000e+01    2.4144103912e+03
    5.3595000000e+01    2.3928340164e+03
    5.3600000000e+01    2.2092191259e+03
    5.3605000000e+01    2.3072863013e+03
    5.3610000000e+01    2.0793146483e+03
    5.3615000000e+01    2.2580201605e+03
    5.3620000000e+01    2.0887373630e+03
    5.3625000000e+01    2.0055872613e+03
    5.3630000000e+01    2.1884618604e+03
    5.3635000000e+01    2.1720095634e+03
    5.3640000000e+01    1.9253016173e+03
    5.3645000000e+01    2.5506381436e+03
    5.3650000000e+01    2.2537989303e+03
    5.3655000000e+01    2.0544396834e+03
    5.3660000000e+01    2.1795383908e+03
    5.3665000000e+01    2.0155035086e+03
    5.3670000000e+01    1.9262617615e+03
    5.3675000000e+01    2.0848908254e+03
    5.3680000000e+01    2.1220600490e+03
    5.3685000000e+01    2.1761266468e+03
    5.3690000000e+01    2.2614624376e+03
    5.3695000000e+01    1.9370846701e+03
    5.3700000000e+01    2.2537036614e+03
    5.3705000000e+01    1.8891714537e+03
    5.3710000000e+01    1.9819492637e+03
    5.3715000000e+01    2.0639662523e+03
    5.3720000000e+01    2.1066546684e+03
    5.3725000000e+01    2.0478345916e+03
    5.3730000000e+01    1.9120545668e+03
    5.3735000000e+01    1.7925877693e+03
    5.3740000000e+01    1.9425886539e+03
    5.3745000000e+01    1.5927564119e+03
    5.3750000000e+01    1.8616641615e+03
    5.3755000000e+01    1.8092639175e+03
    5.3760000000e+01    1.7582830537e+03
    5.3765000000e+01    1.7914253490e+03
    5.3770000000e+01    1.6972470645e+03
    5.3775000000e+01    1.6997326686e+03
    5.3780000000e+01    1.9001584025e+03
    5.3785000000e+01    1.6964574253e+03
    5.3790000000e+01    1.6028496439e+03
    5.3795000000e+01    1.5867466609e+03
    5.3800000000e+01    1.5596741751e+03
    5.3805000000e+01    1.6475700680e+03
    5.3810000000e+01    1.8917288132e+03
    5.3815000000e+01    1.6094181187e+03
    5.3820000000e+01    1.5701394476e+03
    5.3825000000e+01    1.6424650195e+03
    5.3830000000e+01    1.5192672734e+03
    5.3835000000e+01    1.8127957510e+03
    5.3840000000e+01    1.6086685535e+03
    5.3845000000e+01    1.6036805624e+03
    5.3850000000e+01    1.5680799340e+03
    5.3855000000e+01    1.5175019978e+03
    5.3860000000e+01    1.5373856420e+03
    5.3865000000e+01    1.6410236058e+03
    5.3870000000e+01    1.7781521239e+03
    5.3875000000e+01    1.5045222075e+03
    5.3880000000e+01    1.6496000510e+03
    5.3885000000e+01    1.4308907288e+03
    5.3890000000e+01    1.4383966329e+03
    5.3895000000e+01    1.5579267246e+03
    5.3900000000e+01    1.3552829366e+03
    5.3905000000e+01    1.5841541956e+03
    5.3910000000e+01    1.5557215671e+03
    5.3915000000e+01    1.4066036194e+03
    5.3920000000e+01    1.4586889573e+03
    5.3925000000e+01    1.5236438048e+03
    5.3930000000e+01    1.5817333005e+03
    5.3935000000e+01    1.5108312088e+03
    5.3940000000e+01    1.6282108986e+03
    5.3945000000e+01    1.4774572005e+03
    5.3950000000e+01    1.4713394740e+03
    5.3955000000e+01    1.4350389609e+03
    5.3960000000e+01    1.4739701947e+03
    5.3965000000e+01    1.3859543710e+03
    5.3970000000e+01    1.4399206735e+03
    5.3975000000e+01    1.3840588786e+03
    5.3980000000e+01    1.4987553526e+03
    5.3985000000e+01    1.3775339720e+03
    5.3990000000e+01    1.4395735455e+03
    5.3995000000e+01    1.5644500438e+03
    5.4000000000e+01    1.3717437478e+03
    5.4005000000e+01    1.5586065718e+03
    5.4010000000e+01    1.3757934183e+03
    5.4015000000e+01    1.6428633590e+03
    5.4020000000e+01    1.3789988336e+03
    5.4025000000e+01    1.4191225132e+03
    5.4030000000e+01    1.3979179202e+03
    5.4035000000e+01    1.4740796081e+03
    5.4040000000e+01    1.4291465133e+03
    5.4045000000e+01    1.5137277250e+03
    5.4050000000e+01    1.5988796663e+03
    5.4055000000e+01    1.4419529759e+03
    5.4060000000e+01    1.5064224325e+03
    5.4065000000e+01    1.2959388468e+03
    5.4070000000e+01    1.4304687545e+03
    5.4075000000e+01    1.2686732074e+03
    5.4080000000e+01    1.2876445156e+03
    5.4085000000e+01    1.3631113983e+03
    5.4090000000e+01    1.5843728883e+03
    5.4095000000e+01    1.5874072548e+03
    5.4100000000e+01    1.4553560888e+03
    5.4105000000e+01    1.3176515826e+03
    5.4110000000e+01    1.5239152686e+03
    5.4115000000e+01    1.3968263972e+03
    5.4120000000e+01    1.4082233179e+03
    5.4125000000e+01    1.4396823142e+03
    5.4130000000e+01    1.3489325694e+03
    5.4135000000e+01    1.4218623340e+03
    5.4140000000e+01    1.3728609932e+03
    5.4145000000e+01    1.4591522203e+03
    5.4150000000e+01    1.2800383613e+03
    5.4155000000e+01    1.3666050734e+03
    5.4160000000e+01    1.3996037595e+03
    5.4165000000e+01    1.3987963559e+03
    5.4170000000e+01    1.6867484280e+03
    5.4175000000e+01    1.3673624056e+03
    5.4180000000e+01    1.3686921040e+03
    5.4185000000e+01    1.4185410948e+03
    5.4190000000e+01    1.4667328984e+03
    5.4195000000e+01    1.4734246064e+03
    5.4200000000e+01    1.3496235435e+03
    5.4205000000e+01    1.4603471770e+03
    5.4210000000e+01    1.4510860923e+03
    5.4215000000e+01    1.5779968050e+03
    5.4220000000e+01    1.2140719406e+03
    5.4225000000e+01    1.4005055679e+03
    5.4230000000e+01    1.4037613585e+03
    5.4235000000e+01    1.5357095972e+03
    5.4240000000e+01    1.4948732729e+03
    5.4245000000e+01    1.4261699664e+03
    5.4250000000e+01    1.6976577899e+03
    5.4255000000e+01    1.5600523095e+03
    5.4260000000e+01    1.3454866569e+03
    5.4265000000e+01    1.4167677445e+03
    5.4270000000e+01    1.2908834589e+03
    5.4275000000e+01    1.5184284046e+03
    5.4280000000e+01    1.4526471747e+03
    5.4285000000e+01    1.3596443869e+03
    5.4290000000e+01    1.5193137179e+03
    5.4295000000e+01    1.5338328013e+03
    5.4300000000e+01    1.4255099316e+03
    5.4305000000e+01    1.3609135379e+03
    5.4310000000e+01    1.4953009853e+03
    5.4315000000e+01    1.5132458947e+03
    5.4320000000e+01    1.6767974484e+03
    5.4325000000e+01    1.5439704420e+03
    5.4330000000e+01    1.5486850880e+03
    5.4335000000e+01    1.3453581320e+03
    5.4340000000e+01    1.5067736650e+03
    5.4345000000e+01    1.5176588544e+03
    5.4350000000e+01    1.4608570450e+03
    5.4355000000e+01    1.5993898477e+03
    5.4360000000e+01    1.6519979540e+03
    5.4365000000e+01    1.4230646524e+03
    5.4370000000e+01    1.4649683087e+03
    5.4375000000e+01    1.6511754933e+03
    5.4380000000e+01    1.6262316631e+03
    5.4385000000e+01    1.4902657079e+03
    5.4390000000e+01    1.5931962997e+03
    5.4395000000e+01    1.4270321404e+03
    5.4400000000e+01    1.5919475819e+03
    5.4405000000e+01    1.6465608253e+03
    5.4410000000e+01    1.5800263666e+03
    5.4415000000e+01    1.5031366116e+03
    5.4420000000e+01    1.5251399182e+03
    5.4425000000e+01    1.6040449301e+03
    5.4430000000e+01    1.4857471573e+03
    5.4435000000e+01    1.6507983189e+03
    5.4440000000e+01    1.5339903816e+03
    5.4445000000e+01    1.6413459443e+03
    5.4450000000e+01    1.5693432691e+03
    5.4455000000e+01    1.7768624741e+03
    5.4460000000e+01    1.4927450838e+03
    5.4465000000e+01    1.6464712320e+03
    5.4470000000e+01    1.4670124011e+03
    5.4475000000e+01    1.7327106975e+03
    5.4480000000e+01    1.6214393857e+03
    5.4485000000e+01    1.5448037156e+03
    5.4490000000e+01    1.6047535396e+03
    5.4495000000e+01    1.7683413391e+03
    5.4500000000e+01    1.3444196593e+03
    5.4505000000e+01    1.6324216941e+03
    5.4510000000e+01    1.7250957423e+03
    5.4515000000e+01    1.7408579248e+03
    5.4520000000e+01    1.6403082717e+03
    5.4525000000e+01    1.5747836775e+03
    5.4530000000e+01    1.7904375204e+03
    5.4535000000e+01    1.5709127603e+03
    5.4540000000e+01    1.8053288950e+03
    5.4545000000e+01    1.6167568478e+03
    5.4550000000e+01    1.8375754021e+03
    5.4555000000e+01    1.7662255853e+03
    5.4560000000e+01    1.6457412279e+03
    5.4565000000e+01    1.7454239053e+03
    5.4570000000e+01    1.7290125494e+03
    5.4575000000e+01    1.6749299821e+03
    5.4580000000e+01    1.6205562232e+03
    5.4585000000e+01    1.8171967896e+03
    5.4590000000e+01    1.7245311761e+03
    5.4595000000e+01    1.8847492789e+03
    5.4600000000e+01    1.9033158094e+03
    5.4605000000e+01    1.9028510066e+03
    5.4610000000e+01    1.6299689461e+03
    5.4615000000e+01    1.8993040042e+03
    5.4620000000e+01    1.8538029752e+03
    5.4625000000e+01    1.8177530674e+03
    5.4630000000e+01    1.5175728968e+03
    5.4635000000e+01    1.7118460286e+03
    5.4640000000e+01    1.7097368788e+03
    5.4645000000e+01    1.8992919959e+03
    5.4650000000e+01    1.7629726583e+03
    5.4655000000e+01    1.8698851289e+03
    5.4660000000e+01    1.6661310841e+03
    5.4665000000e+01    1.8897333084e+03
    5.4670000000e+01    1.9795945604e+03
    5.4675000000e+01    1.8379586293e+03
    5.4680000000e+01    1.7949297885e+03
    5.4685000000e+01    1.8267075984e+03
    5.4690000000e+01    1.8209820324e+03
    5.4695000000e+01    1.8262654107e+03
    5.4700000000e+01    1.9588813609e+03
    5.4705000000e+01    1.7887825521e+03
    5.4710000000e+01    1.8457808515e+03
    5.4715000000e+01    1.7612360542e+03
    5.4720000000e+01    2.0112849480e+03
    5.4725000000e+01    1.8432747713e+03
    5.4730000000e+01    1.7639499098e+03
    5.4735000000e+01    1.4702895260e+03
    5.4740000000e+01    1.6972377676e+03
    5.4745000000e+01    1.7546372700e+03
    5.4750000000e+01    1.6820027546e+03
    5.4755000000e+01    1.8727433999e+03
    5.4760000000e+01    1.9618037032e+03
    5.4765000000e+01    1.6538013922e+03
    5.4770000000e+01    1.8020435369e+03
    5.4775000000e+01    1.8752416769e+03
    5.4780000000e+01    1.7951496006e+03
    5.4785000000e+01    1.6697259047e+03
    5.4790000000e+01    1.8623334019e+03
    5.4795000000e+01    1.9134767909e+03
    5.4800000000e+01    1.8829490294e+03
    5.4805000000e+01    1.8264286386e+03
    5.4810000000e+01    1.7456868815e+03
    5.4815000000e+01    1.7933236030e+03
    5.4820000000e+01    1.6333456216e+03
    5.4825000000e+01    1.9564517502e+03
    5.4830000000e+01    1.7958266704e+03
    5.4835000000e+01    1.9431790079e+03
    5.4840000000e+01    1.7848066893e+03
    5.4845000000e+01    1.8302393618e+03
    5.4850000000e+01    1.7474196574e+03
    5.4855000000e+01    1.7443311675e+03
    5.4860000000e+01    1.7257132166e+03
    5.4865000000e+01    1.5660866003e+03
    5.4870000000e+01    1.6493584373e+03
    5.4875000000e+01    1.7233349337e+03
    5.4880000000e+01    1.6742585802e+03
    5.4885000000e+01    1.6723297550e+03
    5.4890000000e+01    1.5240325718e+03
    5.4895000000e+01    1.6211638202e+03
    5.4900000000e+01    1.5653697667e+03
    5.4905000000e+01    1.7239773202e+03
    5.4910000000e+01    1.6419216312e+03
    5.4915000000e+01    1.6024161757e+03
    5.4920000000e+01    1.6655388436e+03
    5.4925000000e+01    1.6389692742e+03
    5.4930000000e+01    1.5514164873e+03
    5.4935000000e+01    1.6890009107e+03
    5.4940000000e+01    1.5787070295e+03
    5.4945000000e+01    1.5013385484e+03
    5.4950000000e+01    1.5589244744e+03
    5.4955000000e+01    1.6292267013e+03
    5.4960000000e+01    1.6899278948e+03
    5.4965000000e+01    1.6354653743e+03
    5.4970000000e+01    1.5591592075e+03
    5.4975000000e+01    1.5177145348e+03
    5.4980000000e+01    1.6347391014e+03
    5.4985000000e+01    1.5935843897e+03
    5.4990000000e+01    1.5595682957e+03
    5.4995000000e+01    1.4656840939e+03
    5.5000000000e+01    1.5848239958e+03
    5.5005000000e+01    1.6157442728e+03
    5.5010000000e+01    1.6344743055e+03
    5.5015000000e+01    1.5982082947e+03
    5.5020000000e+01    1.5123349494e+03
    5.5025000000e+01    1.7647927997e+03
    5.5030000000e+01    1.4748087576e+03
    5.5035000000e+01    1.6304800447e+03
    5.5040000000e+01    1.7004086569e+03
    5.5045000000e+01    1.5298399869e+03
    5.5050000000e+01    1.5357555054e+03
    5.5055000000e+01    1.5707038920e+03
    5.5060000000e+01    1.4635880387e+03
    5.5065000000e+01    1.5068650905e+03
    5.5070000000e+01    1.4717385569e+03
    5.5075000000e+01    1.5980746033e+03
    5.5080000000e+01    1.5993700922e+03
    5.5085000000e+01    1.3814122885e+03
    5.5090000000e+01    1.5074570327e+03
    5.5095000000e+01    1.4129840668e+03
    5.5100000000e+01    1.3637504425e+03
    5.5105000000e+01    1.5587034741e+03
    5.5110000000e+01    1.3601243579e+03
    5.5115000000e+01    1.5271503337e+03
    5.5120000000e+01    1.5312155318e+03
    5.5125000000e+01    1.3907599735e+03
    5.5130000000e+01    1.4816481105e+03
    5.5135000000e+01    1.5817853259e+03
    5.5140000000e+01    1.4838523956e+03
    5.5145000000e+01    1.5779545662e+03
    5.5150000000e+01    1.4315809543e+03
    5.5155000000e+01    1.4472087138e+03
    5.5160000000e+01    1.4913950087e+03
    5.5165000000e+01    1.3689917898e+03
    5.5170000000e+01    1.4770024300e+03
    5.5175000000e+01    1.3764020989e+03
    5.5180000000e+01    1.5345357391e+03
    5.5185000000e+01    1.6149216797e+03
    5.5190000000e+01    1.4471496980e+03
    5.5195000000e+01    1.3899769317e+03
    5.5200000000e+01    1.3265731560e+03
    5.5205000000e+01    1.4094094095e+03
    5.5210000000e+01    1.3828464772e+03
    5.5215000000e+01    1.2778629521e+03
    5.5220000000e+01    1.3773219731e+03
    5.5225000000e+01    1.4948967979e+03
    5.5230000000e+01    1.3344213608e+03
    5.5235000000e+01    1.3505200216e+03
    5.5240000000e+01    1.2877650308e+03
    5.5245000000e+01    1.3197256975e+03
    5.5250000000e+01    1.2700828702e+03
    5.5255000000e+01    1.3744080060e+03
    5.5260000000e+01    1.4191440255e+03
    5.5265000000e+01    1.2546043106e+03
    5.5270000000e+01    1.4098765900e+03
    5.5275000000e+01    1.3294120728e+03
    5.5280000000e+01    1.4140903060e+03
    5.5285000000e+01    1.3516638464e+03
    5.5290000000e+01    1.4245025864e+03
    5.5295000000e+01    1.2240845419e+03
    5.5300000000e+01    1.2669505072e+03
    5.5305000000e+01    1.2495913047e+03
    5.5310000000e+01    1.3482937986e+03
    5.5315000000e+01    1.3174695670e+03
    5.5320000000e+01    1.3355263341e+03
    5.5325000000e+01    1.3376145772e+03
    5.5330000000e+01    1.3439046703e+03
    5.5335000000e+01    1.2017780976e+03
    5.5340000000e+01    1.2812885116e+03
    5.5345000000e+01    1.3338741547e+03
    5.5350000000e+01    1.3297744285e+03
    5.5355000000e+01    1.3346146286e+03
    5.5360000000e+01    1.1379433189e+03
    5.5365000000e+01    1.2848310830e+03
    5.5370000000e+01    1.2365688897e+03
    5.5375000000e+01    1.3778780342e+03
    5.5380000000e+01    1.3354734723e+03
    5.5385000000e+01    1.2068802241e+03
    5.5390000000e+01    1.2991554527e+03
    5.5395000000e+01    1.2599245448e+03
    5.5400000000e+01    1.3742818886e+03
    5.5405000000e+01    1.3535997512e+03
    5.5410000000e+01    1.2704112865e+03
    5.5415000000e+01    1.2759731160e+03
    5.5420000000e+01    1.2496233909e+03
    5.5425000000e+01    1.2006591719e+03
    5.5430000000e+01    1.1608932696e+03
    5.5435000000e+01    1.3234167654e+03
    5.5440000000e+01    1.2677201657e+03
    5.5445000000e+01    1.1033575584e+03
    5.5450000000e+01    1.2905821459e+03
    5.5455000000e+01    1.1852867795e+03
    5.5460000000e+01    1.2004525480e+03
    5.5465000000e+01    1.1067037711e+03
    5.5470000000e+01    1.1426716949e+03
    5.5475000000e+01    1.1272051560e+03
    5.5480000000e+01    1.1578645191e+03
    5.5485000000e+01    1.2916799691e+03
    5.5490000000e+01    1.2611149974e+03
    5.5495000000e+01    1.2184793156e+03
    5.5500000000e+01    1.2099503685e+03
    5.5505000000e+01    1.2545682798e+03
    5.5510000000e+01    1.2980146074e+03
    5.5515000000e+01    1.2490816212e+03
    5.5520000000e+01    1.1880192294e+03
    5.5525000000e+01    1.1644288194e+03
    5.5530000000e+01    1.2403863021e+03
    5.5535000000e+01    1.1459473586e+03
    5.5540000000e+01    1.1932324039e+03
    5.5545000000e+01    1.1190236152e+03
    5.5550000000e+01    1.1968082452e+03
    5.5555000000e+01    1.2303909889e+03
    5.5560000000e+01    1.2087761354e+03
    5.5565000000e+01    1.1943348445e+03
    5.5570000000e+01    1.3176401724e+03
    5.5575000000e+01    1.2415418674e+03
    5.5580000000e+01    1.2012924575e+03
    5.5585000000e+01    1.1321458926e+03
    5.5590000000e+01    1.0616564797e+03
    5.5595000000e+01    1.2010520040e+03
    5.5600000000e+01    1.0836147888e+03
    5.5605000000e+01    1.1843431245e+03
    5.5610000000e+01    1.1653107047e+03
    5.5615000000e+01    1.1837544537e+03
    5.5620000000e+01    1.0564616484e+03
    5.5625000000e+01    1.1167989154e+03
    5.5630000000e+01    1.2217614965e+03
    5.5635000000e+01    1.1885622225e+03
    5.5640000000e+01    1.1127240496e+03
    5.5645000000e+01    1.0512476682e+03
    5.5650000000e+01    1.1181109843e+03
    5.5655000000e+01    1.0976138443e+03
    5.5660000000e+01    1.2340466479e+03
    5.5665000000e+01    1.0663115087e+03
    5.5670000000e+01    1.1008116306e+03
    5.5675000000e+01    1.0320405687e+03
    5.5680000000e+01    1.0162956092e+03
    5.5685000000e+01    1.1050452449e+03
    5.5690000000e+01    1.1503880501e+03
    5.5695000000e+01    1.2187653641e+03
    5.5700000000e+01    1.0950479820e+03
    5.5705000000e+01    1.1479429389e+03
    5.5710000000e+01    1.1133286519e+03
    5.5715000000e+01    1.1501709323e+03
    5.5720000000e+01    1.1448543214e+03
    5.5725000000e+01    1.0356343364e+03
    5.5730000000e+01    1.0798415095e+03
    5.5735000000e+01    1.0668266000e+03
    5.5740000000e+01    1.1441062080e+03
    5.5745000000e+01    1.0544871440e+03
    5.5750000000e+01    1.0691337165e+03
    5.5755000000e+01    1.0487252233e+03
    5.5760000000e+01    1.2196510908e+03
    5.5765000000e+01    1.0579509475e+03
    5.5770000000e+01    1.0819719732e+03
    5.5775000000e+01    1.1753231218e+03
    5.5780000000e+01    1.0814039664e+03
    5.5785000000e+01    1.2226101902e+03
    5.5790000000e+01    1.0411665812e+03
    5.5795000000e+01    1.0772564780e+03
    5.5800000000e+01    1.0096910418e+03
    5.5805000000e+01    1.1301362917e+03
    5.5810000000e+01    1.1761310446e+03
    5.5815000000e+01    9.9205096999e+02
    5.5820000000e+01    9.0351521405e+02
    5.5825000000e+01    1.1053071614e+03
    5.5830000000e+01    1.0977865222e+03
    5.5835000000e+01    1.0318756885e+03
    5.5840000000e+01    1.0184074757e+03
    5.5845000000e+01    1.1444448507e+03
    5.5850000000e+01    1.0958559609e+03
    5.5855000000e+01    1.1619529359e+03
    5.5860000000e+01    1.0539651296e+03
    5.5865000000e+01    1.1336464457e+03
    5.5870000000e+01    1.1001549505e+03
    5.5875000000e+01    1.1503353315e+03
    5.5880000000e+01    1.0915870504e+03
    5.5885000000e+01    1.0858632823e+03
    5.5890000000e+01    9.9916141671e+02
    5.5895000000e+01    1.1591411156e+03
    5.5900000000e+01    1.0510556233e+03
    5.5905000000e+01    9.7730575866e+02
    5.5910000000e+01    1.0246706306e+03
    5.5915000000e+01    1.0502459735e+03
    5.5920000000e+01    1.0949675938e+03
    5.5925000000e+01    9.7922021349e+02
    5.5930000000e+01    1.0273958725e+03
    5.5935000000e+01    1.0957643474e+03
    5.5940000000e+01    1.0672243254e+03
    5.5945000000e+01    1.1621225056e+03
    5.5950000000e+01    1.0741923901e+03
    5.5955000000e+01    1.1479530098e+03
    5.5960000000e+01    9.5422732924e+02
    5.5965000000e+01    9.8217073550e+02
    5.5970000000e+01    1.1202786354e+03
    5.5975000000e+01    1.0165865858e+03
    5.5980000000e+01    1.0503572649e+03
    5.5985000000e+01    1.1077688405e+03
    5.5990000000e+01    1.0156404555e+03
    5.5995000000e+01    1.0874909081e+03
    5.6000000000e+01    1.0700717324e+03
    5.6005000000e+01    1.0338250136e+03
    5.6010000000e+01    1.0959169052e+03
    5.6015000000e+01    1.0459112753e+03
    5.6020000000e+01    1.0449765869e+03
    5.6025000000e+01    1.0237399368e+03
    5.6030000000e+01    1.0419471542e+03
    5.6035000000e+01    1.0747357766e+03
    5.6040000000e+01    1.1162792632e+03
    5.6045000000e+01    1.1285123239e+03
    5.6050000000e+01    1.0678478692e+03
    5.6055000000e+01    1.0780281073e+03
    5.6060000000e+01    1.0240621146e+03
    5.6065000000e+01    1.2349488673e+03
    5.6070000000e+01    1.0055934941e+03
    5.6075000000e+01    1.1047140004e+03
    5.6080000000e+01    9.5055458119e+02
    5.6085000000e+01    1.0423363718e+03
    5.6090000000e+01    1.1207314938e+03
    5.6095000000e+01    1.1391104521e+03
    5.6100000000e+01    1.1736246126e+03
    5.6105000000e+01    1.0253413332e+03
    5.6110000000e+01    1.1137479210e+03
    5.6115000000e+01    1.0342183055e+03
    5.6120000000e+01    1.0471367905e+03
    5.6125000000e+01    1.1202940630e+03
    5.6130000000e+01    1.0101203768e+03
    5.6135000000e+01    1.1667949857e+03
    5.6140000000e+01    1.0305120869e+03
    5.6145000000e+01    1.1046426003e+03
    5.6150000000e+01    8.9366469844e+02
    5.6155000000e+01    1.1341649945e+03
    5.6160000000e+01    1.1395999349e+03
    5.6165000000e+01    1.1242664093e+03
    5.6170000000e+01    1.0605396931e+03
    5.6175000000e+01    1.0251980372e+03
    5.6180000000e+01    1.0591346089e+03
    5.6185000000e+01    1.0524030961e+03
    5.6190000000e+01    1.0690048620e+03
    5.6195000000e+01    1.0798918269e+03
    5.6200000000e+01    1.0393029257e+03
    5.6205000000e+01    9.5702608598e+02
    5.6210000000e+01    9.9022079446e+02
    5.6215000000e+01    1.1922691656e+03
    5.6220000000e+01    1.0587009645e+03
    5.6225000000e+01    9.9483389733e+02
    5.6230000000e+01    9.6683453588e+02
    5.6235000000e+01    1.0107691562e+03
    5.6240000000e+01    1.0109213934e+03
    5.6245000000e+01    1.0878228318e+03
    5.6250000000e+01    1.0017406442e+03
    5.6255000000e+01    1.0993167483e+03
    5.6260000000e+01    1.0048548267e+03
    5.6265000000e+01    9.9634875533e+02
    5.6270000000e+01    1.1044989182e+03
    5.6275000000e+01    1.0127619992e+03
    5.6280000000e+01    1.0872631030e+03
    5.6285000000e+01    1.0688498383e+03
    5.6290000000e+01    1.0470316951e+03
    5.6295000000e+01    9.7592605123e+02
    5.6300000000e+01    1.1335671846e+03
    5.6305000000e+01    9.7946497185e+02
    5.6310000000e+01    1.0996964341e+03
    5.6315000000e+01    1.1789699675e+03
    5.6320000000e+01    1.0261105396e+03
    5.6325000000e+01    8.8081202060e+02
    5.6330000000e+01    1.0935825037e+03
    5.6335000000e+01    1.1345578309e+03
    5.6340000000e+01    9.8674777709e+02
    5.6345000000e+01    1.1917394369e+03
    5.6350000000e+01    9.6320486269e+02
    5.6355000000e+01    1.0255049949e+03
    5.6360000000e+01    1.0281973584e+03
    5.6365000000e+01    1.2021633804e+03
    5.6370000000e+01    1.0703480683e+03
    5.6375000000e+01    1.0750331019e+03
    5.6380000000e+01    9.9437705633e+02
    5.6385000000e+01    9.9401525616e+02
    5.6390000000e+01    1.0811885073e+03
    5.6395000000e+01    1.1598950633e+03
    5.6400000000e+01    1.1492913876e+03
    5.6405000000e+01    1.1025811980e+03
    5.6410000000e+01    1.1063891301e+03
    5.6415000000e+01    1.0152245618e+03
    5.6420000000e+01    1.0731959243e+03
    5.6425000000e+01    9.9331212087e+02
    5.6430000000e+01    1.0643231606e+03
    5.6435000000e+01    1.0843704197e+03
    5.6440000000e+01    1.1346737402e+03
    5.6445000000e+01    1.0849017845e+03
    5.6450000000e+01    1.0633152897e+03
    5.6455000000e+01    1.0309264629e+03
    5.6460000000e+01    1.0150703747e+03
    5.6465000000e+01    1.0914055160e+03
    5.6470000000e+01    1.1433725368e+03
    5.6475000000e+01    1.0313891898e+03
    5.6480000000e+01    1.1058120257e+03
    5.6485000000e+01    1.0886721103e+03
    5.6490000000e+01    1.0755368794e+03
    5.6495000000e+01    1.0618987532e+03
    5.6500000000e+01    1.0968562827e+03
    5.6505000000e+01    1.0383694466e+03
    5.6510000000e+01    1.0153060076e+03
    5.6515000000e+01    1.1307406607e+03
    5.6520000000e+01    1.0384895201e+03
    5.6525000000e+01    1.0904127853e+03
    5.6530000000e+01    1.0416208293e+03
    5.6535000000e+01    1.1024521435e+03
    5.6540000000e+01    1.0245072006e+03
    5.6545000000e+01    9.7869351841e+02
    5.6550000000e+01    1.1074792778e+03
    5.6555000000e+01    1.1276826791e+03
    5.6560000000e+01    1.0271946666e+03
    5.6565000000e+01    9.4799546894e+02
    5.6570000000e+01    1.1242102309e+03
    5.6575000000e+01    1.0085140353e+03
    5.6580000000e+01    1.0542206689e+03
    5.6585000000e+01    9.8068682553e+02
    5.6590000000e+01    1.1466414156e+03
    5.6595000000e+01    9.9589060806e+02
    5.6600000000e+01    9.3783939842e+02
    5.6605000000e+01    1.0934799745e+03
    5.6610000000e+01    1.1485902074e+03
    5.6615000000e+01    1.0695170188e+03
    5.6620000000e+01    1.0542501060e+03
    5.6625000000e+01    1.1009466619e+03
    5.6630000000e+01    1.0326331725e+03
    5.6635000000e+01    1.0418988941e+03
    5.6640000000e+01    9.9845120293e+02
    5.6645000000e+01    1.0472927227e+03
    5.6650000000e+01    9.9466166701e+02
    5.6655000000e+01    1.0789979232e+03
    5.6660000000e+01    1.0369640650e+03
    5.6665000000e+01    1.0539440408e+03
    5.6670000000e+01    9.2605131444e+02
    5.6675000000e+01    1.0752087103e+03
    5.6680000000e+01    1.0860592748e+03
    5.6685000000e+01    1.0899093046e+03
    5.6690000000e+01    1.1960393514e+03
    5.6695000000e+01    1.0351940513e+03
    5.6700000000e+01    1.0008709456e+03
    5.6705000000e+01    1.0818497632e+03
    5.6710000000e+01    9.8221094323e+02
    5.6715000000e+01    1.1124942919e+03
    5.6720000000e+01    9.7297483846e+02
    5.6725000000e+01    1.0000151661e+03
    5.6730000000e+01    1.0061105266e+03
    5.6735000000e+01    1.1143059281e+03
    5.6740000000e+01    1.0229156941e+03
    5.6745000000e+01    9.7394425661e+02
    5.6750000000e+01    9.9175809514e+02
    5.6755000000e+01    1.0197323456e+03
    5.6760000000e+01    1.0891680976e+03
    5.6765000000e+01    1.0824114453e+03
    5.6770000000e+01    1.0019209826e+03
    5.6775000000e+01    1.1336155744e+03
    5.6780000000e+01    1.1022840894e+03
    5.6785000000e+01    1.0214059192e+03
    5.6790000000e+01    1.0612787306e+03
    5.6795000000e+01    9.9591586140e+02
    5.6800000000e+01    9.9718488656e+02
    5.6805000000e+01    1.0377773739e+03
    5.6810000000e+01    9.8292704143e+02
    5.6815000000e+01    9.1501898481e+02
    5.6820000000e+01    9.7485171280e+02
    5.6825000000e+01    1.0163119364e+03
    5.6830000000e+01    1.0100863354e+03
    5.6835000000e+01    9.7204264752e+02
    5.6840000000e+01    1.0724590078e+03
    5.6845000000e+01    1.0141670727e+03
    5.6850000000e+01    1.1224432319e+03
    5.6855000000e+01    1.0253974822e+03
    5.6860000000e+01    1.0028609060e+03
    5.6865000000e+01    1.0461049938e+03
    5.6870000000e+01    1.0379547154e+03
    5.6875000000e+01    1.0014932750e+03
    5.6880000000e+01    1.0623913010e+03
    5.6885000000e+01    1.0530136810e+03
    5.6890000000e+01    9.8316181946e+02
    5.6895000000e+01    1.0251830470e+03
    5.6900000000e+01    8.6956915799e+02
    5.6905000000e+01    1.0682141504e+03
    5.6910000000e+01    1.0518549575e+03
    5.6915000000e+01    1.1379936030e+03
    5.6920000000e+01    9.4449507984e+02
    5.6925000000e+01    8.7452097279e+02
    5.6930000000e+01    1.0659439820e+03
    5.6935000000e+01    9.4256663389e+02
    5.6940000000e+01    9.2989001891e+02
    5.6945000000e+01    9.3891862449e+02
    5.6950000000e+01    9.5300723088e+02
    5.6955000000e+01    1.0433191321e+03
    5.6960000000e+01    9.8166140595e+02
    5.6965000000e+01    1.0241472140e+03
    5.6970000000e+01    9.6450333387e+02
    5.6975000000e+01    8.8525982876e+02
    5.6980000000e+01    1.0335391356e+03
    5.6985000000e+01    9.1054147998e+02
    5.6990000000e+01    9.6371166918e+02
    5.6995000000e+01    9.1477167374e+02
    5.7000000000e+01    9.7433220151e+02
    5.7005000000e+01    1.0313980971e+03
    5.7010000000e+01    9.9876263645e+02
    5.7015000000e+01    9.4133124530e+02
    5.7020000000e+01    9.7200339815e+02
    5.7025000000e+01    9.4124806280e+02
    5.7030000000e+01    9.4703931096e+02
    5.7035000000e+01    9.2350079477e+02
    5.7040000000e+01    8.8430039544e+02
    5.7045000000e+01    7.9003579742e+02
    5.7050000000e+01    9.3780995635e+02
    5.7055000000e+01    8.8033321091e+02
    5.7060000000e+01    9.5846287882e+02
    5.7065000000e+01    8.5310161537e+02
    5.7070000000e+01    8.5375506999e+02
    5.7075000000e+01    9.0320089992e+02
    5.7080000000e+01    8.8807421496e+02
    5.7085000000e+01    8.0723682574e+02
    5.7090000000e+01    9.0799452940e+02
    5.7095000000e+01    9.0074133198e+02
    5.7100000000e+01    9.8597778240e+02
    5.7105000000e+01    9.1293264611e+02
    5.7110000000e+01    1.0226247180e+03
    5.7115000000e+01    9.6803114881e+02
    5.7120000000e+01    9.2033318221e+02
    5.7125000000e+01    9.1856667482e+02
    5.7130000000e+01    8.5795597712e+02
    5.7135000000e+01    9.3501242043e+02
    5.7140000000e+01    8.5897380353e+02
    5.7145000000e+01    8.2498057646e+02
    5.7150000000e+01    9.6001411945e+02
    5.7155000000e+01    8.1859719235e+02
    5.7160000000e+01    8.8209601976e+02
    5.7165000000e+01    9.0252101971e+02
    5.7170000000e+01    9.2958320311e+02
    5.7175000000e+01    8.7203482802e+02
    5.7180000000e+01    9.7170519964e+02
    5.7185000000e+01    9.1222304302e+02
    5.7190000000e+01    8.9418029739e+02
    5.7195000000e+01    9.1531579782e+02
    5.7200000000e+01    9.4495963084e+02
    5.7205000000e+01    7.5292362419e+02
    5.7210000000e+01    9.5114495735e+02
    5.7215000000e+01    8.4523438823e+02
    5.7220000000e+01    9.7699195348e+02
    5.7225000000e+01    9.5428320298e+02
    5.7230000000e+01    8.3297699019e+02
    5.7235000000e+01    8.1033062257e+02
    5.7240000000e+01    9.3517460518e+02
    5.7245000000e+01    9.0903601444e+02
    5.7250000000e+01    8.5686414021e+02
    5.7255000000e+01    8.8594411629e+02
    5.7260000000e+01    9.2749613249e+02
    5.7265000000e+01    9.2908754570e+02
    5.7270000000e+01    8.6764259142e+02
    5.7275000000e+01    8.3565594780e+02
    5.7280000000e+01    7.6326404391e+02
    5.7285000000e+01    8.8837307089e+02
    5.7290000000e+01    8.8001400688e+02
    5.7295000000e+01    8.8047448034e+02
    5.7300000000e+01    8.3440626075e+02
    5.7305000000e+01    8.9825682242e+02
    5.7310000000e+01    8.4000933749e+02
    5.7315000000e+01    8.9146728916e+02
    5.7320000000e+01    9.1942542209e+02
    5.7325000000e+01    9.0271754672e+02
    5.7330000000e+01    9.1560579848e+02
    5.7335000000e+01    8.7437478184e+02
    5.7340000000e+01    8.1899382279e+02
    5.7345000000e+01    9.3394993648e+02
    5.7350000000e+01    8.0434731016e+02
    5.7355000000e+01    8.5991614681e+02
    5.7360000000e+01    8.4668096373e+02
    5.7365000000e+01    8.4908947694e+02
    5.7370000000e+01    9.5567927519e+02
    5.7375000000e+01    7.9060294770e+02
    5.7380000000e+01    8.7682258688e+02
    5.7385000000e+01    7.7578716438e+02
    5.7390000000e+01    8.2409822770e+02
    5.7395000000e+01    8.8297455418e+02
    5.7400000000e+01    8.5747889518e+02
    5.7405000000e+01    8.4495773168e+02
    5.7410000000e+01    8.8960429634e+02
    5.7415000000e+01    8.2537930446e+02
    5.7420000000e+01    8.9017295712e+02
    5.7425000000e+01    8.3868919562e+02
    5.7430000000e+01    9.1414221301e+02
    5.7435000000e+01    9.0553947556e+02
    5.7440000000e+01    8.3785835846e+02
    5.7445000000e+01    8.3685938800e+02
    5.7450000000e+01    8.5559066675e+02
    5.7455000000e+01    8.5405418651e+02
    5.7460000000e+01    8.3480759396e+02
    5.7465000000e+01    8.3874255674e+02
    5.7470000000e+01    8.1986921148e+02
    5.7475000000e+01    8.0338317493e+02
    5.7480000000e+01    7.6556147171e+02
    5.7485000000e+01    8.5080944934e+02
    5.7490000000e+01    8.5103454679e+02
    5.7495000000e+01    9.2509661127e+02
    5.7500000000e+01    8.4269124268e+02
    5.7505000000e+01    8.1304833428e+02
    5.7510000000e+01    8.5945992440e+02
    5.7515000000e+01    8.2675494102e+02
    5.7520000000e+01    8.6860330185e+02
    5.7525000000e+01    8.8500433908e+02
    5.7530000000e+01    6.9842918624e+02
    5.7535000000e+01    8.7703185606e+02
    5.7540000000e+01    8.3010570645e+02
    5.7545000000e+01    8.2680312657e+02
    5.7550000000e+01    8.9006725361e+02
    5.7555000000e+01    8.6841633023e+02
    5.7560000000e+01    8.1878669653e+02
    5.7565000000e+01    8.4205684738e+02
    5.7570000000e+01    8.3488359186e+02
    5.7575000000e+01    8.9594597375e+02
    5.7580000000e+01    8.6730501175e+02
    5.7585000000e+01    7.9628803826e+02
    5.7590000000e+01    8.3278354532e+02
    5.7595000000e+01    9.3906619459e+02
    5.7600000000e+01    8.2605050052e+02
    5.7605000000e+01    9.5659364268e+02
    5.7610000000e+01    8.2253992557e+02
    5.7615000000e+01    7.7748930816e+02
    5.7620000000e+01    8.3045805380e+02
    5.7625000000e+01    8.7226567867e+02
    5.7630000000e+01    9.1721148535e+02
    5.7635000000e+01    8.6481580655e+02
    5.7640000000e+01    7.8056005780e+02
    5.7645000000e+01    8.5358302844e+02
    5.7650000000e+01    8.3666814514e+02
    5.7655000000e+01    8.9393670643e+02
    5.7660000000e+01    7.6383722247e+02
    5.7665000000e+01    7.7881039246e+02
    5.7670000000e+01    8.5576412894e+02
    5.7675000000e+01    8.7852087634e+02
    5.7680000000e+01    8.3867957167e+02
    5.7685000000e+01    8.1744353113e+02
    5.7690000000e+01    7.6426080091e+02
    5.7695000000e+01    8.4229019063e+02
    5.7700000000e+01    8.1126400487e+02
    5.7705000000e+01    8.4694811443e+02
    5.7710000000e+01    9.1345828809e+02
    5.7715000000e+01    8.5635564988e+02
    5.7720000000e+01    7.9248631618e+02
    5.7725000000e+01    8.2683656381e+02
    5.7730000000e+01    7.8816603704e+02
    5.7735000000e+01    8.9953329365e+02
    5.7740000000e+01    8.3057024708e+02
    5.7745000000e+01    8.6334201692e+02
    5.7750000000e+01    8.2371307604e+02
    5.7755000000e+01    8.3003701093e+02
    5.7760000000e+01    7.9275562458e+02
    5.7765000000e+01    8.9535240499e+02
    5.7770000000e+01    8.7366247551e+02
    5.7775000000e+01    8.9588940251e+02
    5.7780000000e+01    8.8907878752e+02
    5.7785000000e+01    8.4633927837e+02
    5.7790000000e+01    8.6682136474e+02
    5.7795000000e+01    7.9935785773e+02
    5.7800000000e+01    8.6189463320e+02
    5.7805000000e+01    8.8182829652e+02
    5.7810000000e+01    8.7731014835e+02
    5.7815000000e+01    8.6153662846e+02
    5.7820000000e+01    8.3598481825e+02
    5.7825000000e+01    8.3881269562e+02
    5.7830000000e+01    8.2527951573e+02
    5.7835000000e+01    8.8768741512e+02
    5.7840000000e+01    8.6483683046e+02
    5.7845000000e+01    8.6898783011e+02
    5.7850000000e+01    8.4738989186e+02
    5.7855000000e+01    8.6168983372e+02
    5.7860000000e+01    7.6999911464e+02
    5.7865000000e+01    7.7171262286e+02
    5.7870000000e+01    8.9598292397e+02
    5.7875000000e+01    8.5865930254e+02
    5.7880000000e+01    7.9922415410e+02
    5.7885000000e+01    8.8070449516e+02
    5.7890000000e+01    8.4336828728e+02
    5.7895000000e+01    8.2287658016e+02
    5.7900000000e+01    8.8022789584e+02
    5.7905000000e+01    8.6562329041e+02
    5.7910000000e+01    8.3116791747e+02
    5.7915000000e+01    7.7723470575e+02
    5.7920000000e+01    8.5914017118e+02
    5.7925000000e+01    8.5132139007e+02
    5.7930000000e+01    8.8066698498e+02
    5.7935000000e+01    8.3600284132e+02
    5.7940000000e+01    8.6327280060e+02
    5.7945000000e+01    8.7692672067e+02
    5.7950000000e+01    8.3544180767e+02
    5.7955000000e+01    8.4473977856e+02
    5.7960000000e+01    8.2085615381e+02
    5.7965000000e+01    8.1937867833e+02
    5.7970000000e+01    9.3653897630e+02
    5.7975000000e+01    8.7617914742e+02
    5.7980000000e+01    8.2016908843e+02
    5.7985000000e+01    8.8442213450e+02
    5.7990000000e+01    8.7207560507e+02
    5.7995000000e+01    8.3532011345e+02
    5.8000000000e+01    8.7753473664e+02
    5.8005000000e+01    8.6220537979e+02
    5.8010000000e+01    7.7012200535e+02
    5.8015000000e+01    8.7893220264e+02
    5.8020000000e+01    8.0797671233e+02
    5.8025000000e+01    8.9462586561e+02
    5.8030000000e+01    9.1815879108e+02
    5.8035000000e+01    8.4230379287e+02
    5.8040000000e+01    8.4182994433e+02
    5.8045000000e+01    7.9235438867e+02
    5.8050000000e+01    8.1003932664e+02
    5.8055000000e+01    8.7462131419e+02
    5.8060000000e+01    8.7231196337e+02
    5.8065000000e+01    7.7457627610e+02
    5.8070000000e+01    9.0601730126e+02
    5.8075000000e+01    8.3422331398e+02
    5.8080000000e+01    9.5553971951e+02
    5.8085000000e+01    7.7633292847e+02
    5.8090000000e+01    7.0889469780e+02
    5.8095000000e+01    8.3389837208e+02
    5.8100000000e+01    8.4115715457e+02
    5.8105000000e+01    8.5147441543e+02
    5.8110000000e+01    8.5757622967e+02
    5.8115000000e+01    8.8159570986e+02
    5.8120000000e+01    8.2906545173e+02
    5.8125000000e+01    7.6562260317e+02
    5.8130000000e+01    8.0819543118e+02
    5.8135000000e+01    8.5155850888e+02
    5.8140000000e+01    8.6663458071e+02
    5.8145000000e+01    8.1535493656e+02
    5.8150000000e+01    7.8380597398e+02
    5.8155000000e+01    7.9828177914e+02
    5.8160000000e+01    8.1431056698e+02
    5.8165000000e+01    8.6796099945e+02
    5.8170000000e+01    8.7074253280e+02
    5.8175000000e+01    7.1321448162e+02
    5.8180000000e+01    8.9085890118e+02
    5.8185000000e+01    8.4329879490e+02
    5.8190000000e+01    8.2148155870e+02
    5.8195000000e+01    8.9762724397e+02
    5.8200000000e+01    9.2396987784e+02
    5.8205000000e+01    8.2347846519e+02
    5.8210000000e+01    8.0979165231e+02
    5.8215000000e+01    8.0493824562e+02
    5.8220000000e+01    7.8095144371e+02
    5.8225000000e+01    8.5397354015e+02
    5.8230000000e+01    8.0649798631e+02
    5.8235000000e+01    8.3312083910e+02
    5.8240000000e+01    8.3619183709e+02
    5.8245000000e+01    8.2232285674e+02
    5.8250000000e+01    8.9757490766e+02
    5.8255000000e+01    7.2854485122e+02
    5.8260000000e+01    9.1201743831e+02
    5.8265000000e+01    8.5698993381e+02
    5.8270000000e+01    8.2370237259e+02
    5.8275000000e+01    8.2058671437e+02
    5.8280000000e+01    8.4249686312e+02
    5.8285000000e+01    8.0916068577e+02
    5.8290000000e+01    8.0856436377e+02
    5.8295000000e+01    8.7389206191e+02
    5.8300000000e+01    9.2256385601e+02
    5.8305000000e+01    9.1434302417e+02
    5.8310000000e+01    8.6437814903e+02
    5.8315000000e+01    8.2833599608e+02
    5.8320000000e+01    8.4212625681e+02
    5.8325000000e+01    8.4794954137e+02
    5.8330000000e+01    8.1052538173e+02
    5.8335000000e+01    7.7916719386e+02
    5.8340000000e+01    7.9467168184e+02
    5.8345000000e+01    8.4069746419e+02
    5.8350000000e+01    8.2331089542e+02
    5.8355000000e+01    7.5280515122e+02
    5.8360000000e+01    8.2693180830e+02
    5.8365000000e+01    7.7128134554e+02
    5.8370000000e+01    8.3944482852e+02
    5.8375000000e+01    7.8287988652e+02
    5.8380000000e+01    7.6986711013e+02
    5.8385000000e+01    8.1674536277e+02
    5.8390000000e+01    7.8915593673e+02
    5.8395000000e+01    8.2831996286e+02
    5.8400000000e+01    8.2898798131e+02
    5.8405000000e+01    8.4274926610e+02
    5.8410000000e+01    8.6411868397e+02
    5.8415000000e+01    7.5803271833e+02
    5.8420000000e+01    8.4097808210e+02
    5.8425000000e+01    7.9999467004e+02
    5.8430000000e+01    7.2774971995e+02
    5.8435000000e+01    8.6138972346e+02
    5.8440000000e+01    8.5614872788e+02
    5.8445000000e+01    8.6661085999e+02
    5.8450000000e+01    8.4330965464e+02
    5.8455000000e+01    6.9134643950e+02
    5.8460000000e+01    7.7596879489e+02
    5.8465000000e+01    7.8196596715e+02
    5.8470000000e+01    8.5572360415e+02
    5.8475000000e+01    8.2248545631e+02
    5.8480000000e+01    8.4619441915e+02
    5.8485000000e+01    7.6853534614e+02
    5.8490000000e+01    7.9610446216e+02
    5.8495000000e+01    7.8054538402e+02
    5.8500000000e+01    8.1856814418e+02
    5.8505000000e+01    7.4202409772e+02
    5.8510000000e+01    7.7381799351e+02
    5.8515000000e+01    7.3028925613e+02
    5.8520000000e+01    8.0170954056e+02
    5.8525000000e+01    7.7174764143e+02
    5.8530000000e+01    8.4387404532e+02
    5.8535000000e+01    8.6035190472e+02
    5.8540000000e+01    8.1711096084e+02
    5.8545000000e+01    8.8032299494e+02
    5.8550000000e+01    8.2367024363e+02
    5.8555000000e+01    7.4091160921e+02
    5.8560000000e+01    7.9081428299e+02
    5.8565000000e+01    8.1553591011e+02
    5.8570000000e+01    8.4728160841e+02
    5.8575000000e+01    8.1462816342e+02
    5.8580000000e+01    8.1740570480e+02
    5.8585000000e+01    8.7471168755e+02
    5.8590000000e+01    8.1761045839e+02
    5.8595000000e+01    7.6380168826e+02
    5.8600000000e+01    8.4381248137e+02
    5.8605000000e+01    7.7580572976e+02
    5.8610000000e+01    7.8793686948e+02
    5.8615000000e+01    8.3990950442e+02
    5.8620000000e+01    7.4998399660e+02
    5.8625000000e+01    7.8947504431e+02
    5.8630000000e+01    7.8628628420e+02
    5.8635000000e+01    7.6501160245e+02
    5.8640000000e+01    8.5236119101e+02
    5.8645000000e+01    8.0948061075e+02
    5.8650000000e+01    8.8504415311e+02
    5.8655000000e+01    8.2503976223e+02
    5.8660000000e+01    8.3428447522e+02
    5.8665000000e+01    7.6431016179e+02
    5.8670000000e+01    8.1095045887e+02
    5.8675000000e+01    7.6255328964e+02
    5.8680000000e+01    7.8140834214e+02
    5.8685000000e+01    7.9366796216e+02
    5.8690000000e+01    8.0741346939e+02
    5.8695000000e+01    8.0171609179e+02
    5.8700000000e+01    7.1432020152e+02
    5.8705000000e+01    8.2133219212e+02
    5.8710000000e+01    7.8081477532e+02
    5.8715000000e+01    6.8825661178e+02
    5.8720000000e+01    8.7808342562e+02
    5.8725000000e+01    7.6454815960e+02
    5.8730000000e+01    8.2758706880e+02
    5.8735000000e+01    8.0905536652e+02
    5.8740000000e+01    8.6285959817e+02
    5.8745000000e+01    7.7886403782e+02
    5.8750000000e+01    7.2931038672e+02
    5.8755000000e+01    7.8883446916e+02
    5.8760000000e+01    7.5729228060e+02
    5.8765000000e+01    7.9704132765e+02
    5.8770000000e+01    7.0970473202e+02
    5.8775000000e+01    7.5146838148e+02
    5.8780000000e+01    7.5262231073e+02
    5.8785000000e+01    7.8199925671e+02
    5.8790000000e+01    7.4656294389e+02
    5.8795000000e+01    7.4831512838e+02
    5.8800000000e+01    7.6141851849e+02
    5.8805000000e+01    8.0422054139e+02
    5.8810000000e+01    8.2336231917e+02
    5.8815000000e+01    7.6652376684e+02
    5.8820000000e+01    8.4664962091e+02
    5.8825000000e+01    7.8630083180e+02
    5.8830000000e+01    8.1917995669e+02
    5.8835000000e+01    8.4986282900e+02
    5.8840000000e+01    7.6969791923e+02
    5.8845000000e+01    6.9770636857e+02
    5.8850000000e+01    6.9575293963e+02
    5.8855000000e+01    7.6387287631e+02
    5.8860000000e+01    7.5081724108e+02
    5.8865000000e+01    8.0762549463e+02
    5.8870000000e+01    7.7782222651e+02
    5.8875000000e+01    7.7901742480e+02
    5.8880000000e+01    7.6356118315e+02
    5.8885000000e+01    7.9169970640e+02
    5.8890000000e+01    8.2441163623e+02
    5.8895000000e+01    8.0656374151e+02
    5.8900000000e+01    7.4430006552e+02
    5.8905000000e+01    7.8784155300e+02
    5.8910000000e+01    7.4143428648e+02
    5.8915000000e+01    7.7591836894e+02
    5.8920000000e+01    7.7881792391e+02
    5.8925000000e+01    7.2509231942e+02
    5.8930000000e+01    8.1282359568e+02
    5.8935000000e+01    8.0016443094e+02
    5.8940000000e+01    7.2660944485e+02
    5.8945000000e+01    7.9355630345e+02
    5.8950000000e+01    7.8724797448e+02
    5.8955000000e+01    7.6887298977e+02
    5.8960000000e+01    7.7983649274e+02
    5.8965000000e+01    7.6745675014e+02
    5.8970000000e+01    7.6007073076e+02
    5.8975000000e+01    7.7532132160e+02
    5.8980000000e+01    7.8050708198e+02
    5.8985000000e+01    7.5285785942e+02
    5.8990000000e+01    7.6829562671e+02
    5.8995000000e+01    7.3887618156e+02
    5.9000000000e+01    7.9691839011e+02
    5.9005000000e+01    7.5631841213e+02
    5.9010000000e+01    6.9908794792e+02
    5.9015000000e+01    7.7910616402e+02
    5.9020000000e+01    7.0080526575e+02
    5.9025000000e+01    7.3958619109e+02
    5.9030000000e+01    7.8226691336e+02
    5.9035000000e+01    7.0027132671e+02
    5.9040000000e+01    7.5761282443e+02
    5.9045000000e+01    7.2836175040e+02
    5.9050000000e+01    7.7015541326e+02
    5.9055000000e+01    7.4162244312e+02
    5.9060000000e+01    7.7865182026e+02
    5.9065000000e+01    7.2960696262e+02
    5.9070000000e+01    7.3111902932e+02
    5.9075000000e+01    7.6774523816e+02
    5.9080000000e+01    7.4607599015e+02
    5.9085000000e+01    8.2055342105e+02
    5.9090000000e+01    7.2574663317e+02
    5.9095000000e+01    7.5568661697e+02
    5.9100000000e+01    7.3701584190e+02
    5.9105000000e+01    7.8061163656e+02
    5.9110000000e+01    7.8490173984e+02
    5.9115000000e+01    7.7564340447e+02
    5.9120000000e+01    7.1756870440e+02
    5.9125000000e+01    7.5514279325e+02
    5.9130000000e+01    8.2951581085e+02
    5.9135000000e+01    7.1766502087e+02
    5.9140000000e+01    7.1102442597e+02
    5.9145000000e+01    7.5840127758e+02
    5.9150000000e+01    7.5708100717e+02
    5.9155000000e+01    7.1263884124e+02
    5.9160000000e+01    7.4883388018e+02
    5.9165000000e+01    7.0272539264e+02
    5.9170000000e+01    7.7861072008e+02
    5.9175000000e+01    7.7695780197e+02
    5.9180000000e+01    7.2755427313e+02
    5.9185000000e+01    7.7498963600e+02
    5.9190000000e+01    6.7509496404e+02
    5.9195000000e+01    7.2668255240e+02
    5.9200000000e+01    7.6834028977e+02
    5.9205000000e+01    7.2309518777e+02
    5.9210000000e+01    7.5040606126e+02
    5.9215000000e+01    6.8239971475e+02
    5.9220000000e+01    7.8221678979e+02
    5.9225000000e+01    8.3209264662e+02
    5.9230000000e+01    8.3461137742e+02
    5.9235000000e+01    7.0001992697e+02
    5.9240000000e+01    7.1559930297e+02
    5.9245000000e+01    7.6679381621e+02
    5.9250000000e+01    7.1483738765e+02
    5.9255000000e+01    7.6134349670e+02
    5.9260000000e+01    7.6198865622e+02
    5.9265000000e+01    7.3634204967e+02
    5.9270000000e+01    7.3182402780e+02
    5.9275000000e+01    7.6339167317e+02
    5.9280000000e+01    7.3531532796e+02
    5.9285000000e+01    7.7657125751e+02
    5.9290000000e+01    7.5759528428e+02
    5.9295000000e+01    7.8773534459e+02
    5.9300000000e+01    6.4879719112e+02
    5.9305000000e+01    7.4929448851e+02
    5.9310000000e+01    7.0305148768e+02
    5.9315000000e+01    6.7020312267e+02
    5.9320000000e+01    7.3201393627e+02
    5.9325000000e+01    6.7639841295e+02
    5.9330000000e+01    7.1869034125e+02
    5.9335000000e+01    7.3825688292e+02
    5.9340000000e+01    6.7553456933e+02
    5.9345000000e+01    7.4841879318e+02
    5.9350000000e+01    6.9942580916e+02
    5.9355000000e+01    7.7255481025e+02
    5.9360000000e+01    7.5494605485e+02
    5.9365000000e+01    7.4798926726e+02
    5.9370000000e+01    7.4055148794e+02
    5.9375000000e+01    7.2177467924e+02
    5.9380000000e+01    7.3224830839e+02
    5.9385000000e+01    6.6672550275e+02
    5.9390000000e+01    6.7615720862e+02
    5.9395000000e+01    7.7080740524e+02
    5.9400000000e+01    7.0628566995e+02
    5.9405000000e+01    7.3271175670e+02
    5.9410000000e+01    7.3792571112e+02
    5.9415000000e+01    6.6269315645e+02
    5.9420000000e+01    7.1142773609e+02
    5.9425000000e+01    7.6499752029e+02
    5.9430000000e+01    7.4473656893e+02
    5.9435000000e+01    7.5704160251e+02
    5.9440000000e+01    6.3158796158e+02
    5.9445000000e+01    6.6298852415e+02
    5.9450000000e+01    7.4723836706e+02
    5.9455000000e+01    7.5439422842e+02
    5.9460000000e+01    7.0501472022e+02
    5.9465000000e+01    7.1049350123e+02
    5.9470000000e+01    7.0762231745e+02
    5.9475000000e+01    6.6285023687e+02
    5.9480000000e+01    7.2903605970e+02
    5.9485000000e+01    7.8630436983e+02
    5.9490000000e+01    7.8040538722e+02
    5.9495000000e+01    7.1971216521e+02
    5.9500000000e+01    7.6305570659e+02
    5.9505000000e+01    7.4720280934e+02
    5.9510000000e+01    7.0200234476e+02
    5.9515000000e+01    7.4153025328e+02
    5.9520000000e+01    7.4062006012e+02
    5.9525000000e+01    7.2128847191e+02
    5.9530000000e+01    7.2528915752e+02
    5.9535000000e+01    7.7512810658e+02
    5.9540000000e+01    7.6197690874e+02
    5.9545000000e+01    7.0198396623e+02
    5.9550000000e+01    6.9657266485e+02
    5.9555000000e+01    7.2408354820e+02
    5.9560000000e+01    7.4946396362e+02
    5.9565000000e+01    7.0336343372e+02
    5.9570000000e+01    7.3487972017e+02
    5.9575000000e+01    7.7664414678e+02
    5.9580000000e+01    7.2391862407e+02
    5.9585000000e+01    6.9319817843e+02
    5.9590000000e+01    7.3666912787e+02
    5.9595000000e+01    7.7854289980e+02
    5.9600000000e+01    7.0943161807e+02
    5.9605000000e+01    7.6160071568e+02
    5.9610000000e+01    7.5371173359e+02
    5.9615000000e+01    7.0160795197e+02
    5.9620000000e+01    6.9519923486e+02
    5.9625000000e+01    6.9125256268e+02
    5.9630000000e+01    7.1877173113e+02
    5.9635000000e+01    7.2356120186e+02
    5.9640000000e+01    7.6358959878e+02
    5.9645000000e+01    7.1654492593e+02
    5.9650000000e+01    7.5679592033e+02
    5.9655000000e+01    6.6317185590e+02
    5.9660000000e+01    7.0677236949e+02
    5.9665000000e+01    7.2593777172e+02
    5.9670000000e+01    6.8589300963e+02
    5.9675000000e+01    7.4750018021e+02
    5.9680000000e+01    6.7552888346e+02
    5.9685000000e+01    7.4671976103e+02
    5.9690000000e+01    7.2348972264e+02
    5.9695000000e+01    6.7665838202e+02
    5.9700000000e+01    7.8309099000e+02
    5.9705000000e+01    7.3457305650e+02
    5.9710000000e+01    7.5838825289e+02
    5.9715000000e+01    7.0557863048e+02
    5.9720000000e+01    7.3804235463e+02
    5.9725000000e+01    7.2141775589e+02
    5.9730000000e+01    6.7298567943e+02
    5.9735000000e+01    7.6874858096e+02
    5.9740000000e+01    7.7504635609e+02
    5.9745000000e+01    6.9659148559e+02
    5.9750000000e+01    7.7587511159e+02
    5.9755000000e+01    7.7398426101e+02
    5.9760000000e+01    7.8192323478e+02
    5.9765000000e+01    7.0853236857e+02
    5.9770000000e+01    7.7776013047e+02
    5.9775000000e+01    7.1496057416e+02
    5.9780000000e+01    7.0253106980e+02
    5.9785000000e+01    7.4392188030e+02
    5.9790000000e+01    7.5013852754e+02
    5.9795000000e+01    6.9389630204e+02
    5.9800000000e+01    7.3664266634e+02
    5.9805000000e+01    7.4760095509e+02
    5.9810000000e+01    6.9852699455e+02
    5.9815000000e+01    6.9301426875e+02
    5.9820000000e+01    7.5579514240e+02
    5.9825000000e+01    7.0629519174e+02
    5.9830000000e+01    7.4469922456e+02
    5.9835000000e+01    7.1931753919e+02
    5.9840000000e+01    7.0129266290e+02
    5.9845000000e+01    6.8869443178e+02
    5.9850000000e+01    7.8016407355e+02
    5.9855000000e+01    7.3484953937e+02
    5.9860000000e+01    6.7207815232e+02
    5.9865000000e+01    6.8102721856e+02
    5.9870000000e+01    7.6997281607e+02
    5.9875000000e+01    7.0216708723e+02
    5.9880000000e+01    6.7021428822e+02
    5.9885000000e+01    7.3955030668e+02
    5.9890000000e+01    7.1357557016e+02
    5.9895000000e+01    7.2611924249e+02
    5.9900000000e+01    7.1877713390e+02
    5.9905000000e+01    7.4753978347e+02
    5.9910000000e+01    7.1746620111e+02
    5.9915000000e+01    7.3127134413e+02
    5.9920000000e+01    7.4759784108e+02
    5.9925000000e+01    6.8488491204e+02
    5.9930000000e+01    7.3637045973e+02
    5.9935000000e+01    6.9154578489e+02
    5.9940000000e+01    6.5812508352e+02
    5.9945000000e+01    6.5945793915e+02
    5.9950000000e+01    7.3701817537e+02
    5.9955000000e+01    7.5423626820e+02
    5.9960000000e+01    7.1705029455e+02
    5.9965000000e+01    6.1459762918e+02
    5.9970000000e+01    6.4212717705e+02
    5.9975000000e+01    7.5902894830e+02
    5.9980000000e+01    7.1519408738e+02
    5.9985000000e+01    7.1400111602e+02
    5.9990000000e+01    6.7339812319e+02
    5.9995000000e+01    7.3349428348e+02
    6.0000000000e+01    7.7105103406e+02
    6.0005000000e+01    7.4501183952e+02
    6.0010000000e+01    7.6414790014e+02
    6.0015000000e+01    6.7431628331e+02
    6.0020000000e+01    6.7181676505e+02
    6.0025000000e+01    7.0499822052e+02
    6.0030000000e+01    7.1899926924e+02
    6.0035000000e+01    7.5085683493e+02
    6.0040000000e+01    6.9370487076e+02
    6.0045000000e+01    7.3647674111e+02
    6.0050000000e+01    7.4147453047e+02
    6.0055000000e+01    6.9310432111e+02
    6.0060000000e+01    6.9849840653e+02
    6.0065000000e+01    6.7467790727e+02
    6.0070000000e+01    7.2691268286e+02
    6.0075000000e+01    6.4738017923e+02
    6.0080000000e+01    7.2371287996e+02
    6.0085000000e+01    7.4971173389e+02
    6.0090000000e+01    7.0931567178e+02
    6.0095000000e+01    7.3146329686e+02
    6.0100000000e+01    6.5001326254e+02
    6.0105000000e+01    7.3964818696e+02
    6.0110000000e+01    7.0337371951e+02
    6.0115000000e+01    7.5592979127e+02
    6.0120000000e+01    7.3531166401e+02
    6.0125000000e+01    6.6346590266e+02
    6.0130000000e+01    6.3894852079e+02
    6.0135000000e+01    6.5042118625e+02
    6.0140000000e+01    6.9731034011e+02
    6.0145000000e+01    6.5401249401e+02
    6.0150000000e+01    6.8090310149e+02
    6.0155000000e+01    7.0903854731e+02
    6.0160000000e+01    6.9330428695e+02
    6.0165000000e+01    7.2522432794e+02
    6.0170000000e+01    7.2042738382e+02
    6.0175000000e+01    7.1332126233e+02
    6.0180000000e+01    7.2526824347e+02
    6.0185000000e+01    6.9800943999e+02
    6.0190000000e+01    6.2938442584e+02
    6.0195000000e+01    7.2340034784e+02
    6.0200000000e+01    6.5353314027e+02
    6.0205000000e+01    7.1878687653e+02
    6.0210000000e+01    7.3326828570e+02
    6.0215000000e+01    7.2461878315e+02
    6.0220000000e+01    6.9810860412e+02
    6.0225000000e+01    6.3500815491e+02
    6.0230000000e+01    6.8543801724e+02
    6.0235000000e+01    7.0290368288e+02
    6.0240000000e+01    7.0776727061e+02
    6.0245000000e+01    7.4357489104e+02
    6.0250000000e+01    7.2213402095e+02
    6.0255000000e+01    6.6165243387e+02
    6.0260000000e+01    6.5623427269e+02
    6.0265000000e+01    6.5722489379e+02
    6.0270000000e+01    6.6687478274e+02
    6.0275000000e+01    6.3559756870e+02
    6.0280000000e+01    6.4242883930e+02
    6.0285000000e+01    6.8568932471e+02
    6.0290000000e+01    6.8149242290e+02
    6.0295000000e+01    7.3650755048e+02
    6.0300000000e+01    6.3568783275e+02
    6.0305000000e+01    7.2355807241e+02
    6.0310000000e+01    7.3934614367e+02
    6.0315000000e+01    7.1295322162e+02
    6.0320000000e+01    6.5148434515e+02
    6.0325000000e+01    6.6718123665e+02
    6.0330000000e+01    6.9719008504e+02
    6.0335000000e+01    6.3092732871e+02
    6.0340000000e+01    7.2224494754e+02
    6.0345000000e+01    6.2915708237e+02
    6.0350000000e+01    6.9306465504e+02
    6.0355000000e+01    6.5060097381e+02
    6.0360000000e+01    6.5228177463e+02
    6.0365000000e+01    7.0080018523e+02
    6.0370000000e+01    6.5228499677e+02
    6.0375000000e+01    7.2192894908e+02
    6.0380000000e+01    7.2584741601e+02
    6.0385000000e+01    6.4940867848e+02
    6.0390000000e+01    6.9210385860e+02
    6.0395000000e+01    6.8099031836e+02
    6.0400000000e+01    6.5456180835e+02
    6.0405000000e+01    6.4104468963e+02
    6.0410000000e+01    6.6056896841e+02
    6.0415000000e+01    7.0165764623e+02
    6.0420000000e+01    6.9327311561e+02
    6.0425000000e+01    7.4008516894e+02
    6.0430000000e+01    6.8095483763e+02
    6.0435000000e+01    6.5217043950e+02
    6.0440000000e+01    6.4516142139e+02
    6.0445000000e+01    6.5778024801e+02
    6.0450000000e+01    6.6980170920e+02
    6.0455000000e+01    5.9651774505e+02
    6.0460000000e+01    6.7923246800e+02
    6.0465000000e+01    6.8008883118e+02
    6.0470000000e+01    6.3332794411e+02
    6.0475000000e+01    6.8591387043e+02
    6.0480000000e+01    6.4604821011e+02
    6.0485000000e+01    6.6467533100e+02
    6.0490000000e+01    7.1321289077e+02
    6.0495000000e+01    6.5013654461e+02
    6.0500000000e+01    6.9519355469e+02
    6.0505000000e+01    6.7612972445e+02
    6.0510000000e+01    6.7092093336e+02
    6.0515000000e+01    7.1396704363e+02
    6.0520000000e+01    5.7968154643e+02
    6.0525000000e+01    6.3673852048e+02
    6.0530000000e+01    7.4479041389e+02
    6.0535000000e+01    7.3205279759e+02
    6.0540000000e+01    6.2190517355e+02
    6.0545000000e+01    6.2119460067e+02
    6.0550000000e+01    7.3892444088e+02
    6.0555000000e+01    6.4373901609e+02
    6.0560000000e+01    7.0457378363e+02
    6.0565000000e+01    6.7236275095e+02
    6.0570000000e+01    6.9377851575e+02
    6.0575000000e+01    6.4599418469e+02
    6.0580000000e+01    6.9069574504e+02
    6.0585000000e+01    6.0539827694e+02
    6.0590000000e+01    6.3851215229e+02
    6.0595000000e+01    7.0113154949e+02
    6.0600000000e+01    6.9322843043e+02
    6.0605000000e+01    6.1974272985e+02
    6.0610000000e+01    6.1961063461e+02
    6.0615000000e+01    6.6331923392e+02
    6.0620000000e+01    6.6218982959e+02
    6.0625000000e+01    6.8373769128e+02
    6.0630000000e+01    6.4615366708e+02
    6.0635000000e+01    6.8046306016e+02
    6.0640000000e+01    6.5372148832e+02
    6.0645000000e+01    6.8397116096e+02
    6.0650000000e+01    6.3006126176e+02
    6.0655000000e+01    6.5037903093e+02
    6.0660000000e+01    6.8632574570e+02
    6.0665000000e+01    7.0464384141e+02
    6.0670000000e+01    5.8552335868e+02
    6.0675000000e+01    7.0676132980e+02
    6.0680000000e+01    6.6258725460e+02
    6.0685000000e+01    6.8877166620e+02
    6.0690000000e+01    6.7214299108e+02
    6.0695000000e+01    5.7123573992e+02
    6.0700000000e+01    6.5038872664e+02
    6.0705000000e+01    6.4884947972e+02
    6.0710000000e+01    6.2972644016e+02
    6.0715000000e+01    7.2920805046e+02
    6.0720000000e+01    6.5772278589e+02
    6.0725000000e+01    6.8872108512e+02
    6.0730000000e+01    6.8321591780e+02
    6.0735000000e+01    6.9343345557e+02
    6.0740000000e+01    6.7942828446e+02
    6.0745000000e+01    6.6957451447e+02
    6.0750000000e+01    6.3058853038e+02
    6.0755000000e+01    7.6905618144e+02
    6.0760000000e+01    6.9229257113e+02
    6.0765000000e+01    6.8529799491e+02
    6.0770000000e+01    6.6556044748e+02
    6.0775000000e+01    6.2287414325e+02
    6.0780000000e+01    6.1146436297e+02
    6.0785000000e+01    6.3137179999e+02
    6.0790000000e+01    7.3633768416e+02
    6.0795000000e+01    6.8771888899e+02
    6.0800000000e+01    6.7391966976e+02
    6.0805000000e+01    6.8827407684e+02
    6.0810000000e+01    6.5588681790e+02
    6.0815000000e+01    6.7792808501e+02
    6.0820000000e+01    6.7657388974e+02
    6.0825000000e+01    6.3715521482e+02
    6.0830000000e+01    7.0612407969e+02
    6.0835000000e+01    5.9788425512e+02
    6.0840000000e+01    6.8289406195e+02
    6.0845000000e+01    6.8099857544e+02
    6.0850000000e+01    7.3937520287e+02
    6.0855000000e+01    6.6473700030e+02
    6.0860000000e+01    6.6433694405e+02
    6.0865000000e+01    6.8036450016e+02
    6.0870000000e+01    6.9713617159e+02
    6.0875000000e+01    6.8218105909e+02
    6.0880000000e+01    6.7580031841e+02
    6.0885000000e+01    7.0412014423e+02
    6.0890000000e+01    6.9221800783e+02
    6.0895000000e+01    6.2938092151e+02
    6.0900000000e+01    6.2239530773e+02
    6.0905000000e+01    6.2970146230e+02
    6.0910000000e+01    6.9283800107e+02
    6.0915000000e+01    6.8176753571e+02
    6.0920000000e+01    6.3331419229e+02
    6.0925000000e+01    6.8796836484e+02
    6.0930000000e+01    7.1811194508e+02
    6.0935000000e+01    6.5740520516e+02
    6.0940000000e+01    7.0812301077e+02
    6.0945000000e+01    6.8896595523e+02
    6.0950000000e+01    6.7837833669e+02
    6.0955000000e+01    6.5651264973e+02
    6.0960000000e+01    6.9292871653e+02
    6.0965000000e+01    7.0236466360e+02
    6.0970000000e+01    6.6630212279e+02
    6.0975000000e+01    5.8553531943e+02
    6.0980000000e+01    6.5850403893e+02
    6.0985000000e+01    6.7496830112e+02
    6.0990000000e+01    7.1755583337e+02
    6.0995000000e+01    6.2645391958e+02
    6.1000000000e+01    7.1209818115e+02
    6.1005000000e+01    6.5800315431e+02
    6.1010000000e+01    6.9275574196e+02
    6.1015000000e+01    6.5243168619e+02
    6.1020000000e+01    6.6746890257e+02
    6.1025000000e+01    7.0717724301e+02
    6.1030000000e+01    6.3360353904e+02
    6.1035000000e+01    6.5762803202e+02
    6.1040000000e+01    7.4165155195e+02
    6.1045000000e+01    6.8107435009e+02
    6.1050000000e+01    6.5831581878e+02
    6.1055000000e+01    6.6281080714e+02
    6.1060000000e+01    6.6301126087e+02
    6.1065000000e+01    7.1347641814e+02
    6.1070000000e+01    6.5940346688e+02
    6.1075000000e+01    6.6456799913e+02
    6.1080000000e+01    6.9236378459e+02
    6.1085000000e+01    6.2926561203e+02
    6.1090000000e+01    6.5730546752e+02
    6.1095000000e+01    6.7935719614e+02
    6.1100000000e+01    6.9931954702e+02
    6.1105000000e+01    6.7396944354e+02
    6.1110000000e+01    7.4246771944e+02
    6.1115000000e+01    7.2751878070e+02
    6.1120000000e+01    6.9602306097e+02
    6.1125000000e+01    6.2913661734e+02
    6.1130000000e+01    7.2141992857e+02
    6.1135000000e+01    7.0686126182e+02
    6.1140000000e+01    6.7575844523e+02
    6.1145000000e+01    6.9206646159e+02
    6.1150000000e+01    6.9748728385e+02
    6.1155000000e+01    6.8515567017e+02
    6.1160000000e+01    6.9206318943e+02
    6.1165000000e+01    6.6299014185e+02
    6.1170000000e+01    6.1100594770e+02
    6.1175000000e+01    6.7814429279e+02
    6.1180000000e+01    6.1544032513e+02
    6.1185000000e+01    6.7746129468e+02
    6.1190000000e+01    7.0412491968e+02
    6.1195000000e+01    6.6666297177e+02
    6.1200000000e+01    6.6953435509e+02
    6.1205000000e+01    7.1941256274e+02
    6.1210000000e+01    6.2010451188e+02
    6.1215000000e+01    6.9117586466e+02
    6.1220000000e+01    6.9109361481e+02
    6.1225000000e+01    6.7412644140e+02
    6.1230000000e+01    6.5736340583e+02
    6.1235000000e+01    7.3932761356e+02
    6.1240000000e+01    7.3301169584e+02
    6.1245000000e+01    6.9655509177e+02
    6.1250000000e+01    6.9027723457e+02
    6.1255000000e+01    6.9621605391e+02
    6.1260000000e+01    6.9023121675e+02
    6.1265000000e+01    7.3197345633e+02
    6.1270000000e+01    6.5233170299e+02
    6.1275000000e+01    6.7982790834e+02
    6.1280000000e+01    7.3505742345e+02
    6.1285000000e+01    6.6024685907e+02
    6.1290000000e+01    6.5402921205e+02
    6.1295000000e+01    6.4569978241e+02
    6.1300000000e+01    7.1552562791e+02
    6.1305000000e+01    6.2704972798e+02
    6.1310000000e+01    7.1519409923e+02
    6.1315000000e+01    6.7569901741e+02
    6.1320000000e+01    6.7766438849e+02
    6.1325000000e+01    6.6122604277e+02
    6.1330000000e+01    7.4099052833e+02
    6.1335000000e+01    6.7732799128e+02
    6.1340000000e+01    6.7248028554e+02
    6.1345000000e+01    6.6498615852e+02
    6.1350000000e+01    7.2811795960e+02
    6.1355000000e+01    6.8140693165e+02
    6.1360000000e+01    7.2796069142e+02
    6.1365000000e+01    6.9072005896e+02
    6.1370000000e+01    7.1747349473e+02
    6.1375000000e+01    7.3438414233e+02
    6.1380000000e+01    6.0625008729e+02
    6.1385000000e+01    6.3718338854e+02
    6.1390000000e+01    6.9881511347e+02
    6.1395000000e+01    6.7610434681e+02
    6.1400000000e+01    6.9283730117e+02
    6.1405000000e+01    6.7930852747e+02
    6.1410000000e+01    7.0234126872e+02
    6.1415000000e+01    6.6156196650e+02
    6.1420000000e+01    6.7296579738e+02
    6.1425000000e+01    7.1512138412e+02
    6.1430000000e+01    6.9678751847e+02
    6.1435000000e+01    7.0506786827e+02
    6.1440000000e+01    7.3771770656e+02
    6.1445000000e+01    6.7204443104e+02
    6.1450000000e+01    6.3728819498e+02
    6.1455000000e+01    7.6126303083e+02
    6.1460000000e+01    6.8599599143e+02
    6.1465000000e+01    6.7348393388e+02
    6.1470000000e+01    7.2387015921e+02
    6.1475000000e+01    7.0914570307e+02
    6.1480000000e+01    7.0104674916e+02
    6.1485000000e+01    6.8423998170e+02
    6.1490000000e+01    6.6225981244e+02
    6.1495000000e+01    6.7892464234e+02
    6.1500000000e+01    7.3738371315e+02
    6.1505000000e+01    7.2347805224e+02
    6.1510000000e+01    6.8280098455e+02
    6.1515000000e+01    7.1853853668e+02
    6.1520000000e+01    6.6024527198e+02
    6.1525000000e+01    7.3322470340e+02
    6.1530000000e+01    7.5181713803e+02
    6.1535000000e+01    7.0929818212e+02
    6.1540000000e+01    6.6872528211e+02
    6.1545000000e+01    7.2800766152e+02
    6.1550000000e+01    7.3260181831e+02
    6.1555000000e+01    7.2149326510e+02
    6.1560000000e+01    6.6337110390e+02
    6.1565000000e+01    6.8455569170e+02
    6.1570000000e+01    6.7726323724e+02
    6.1575000000e+01    7.7197296611e+02
    6.1580000000e+01    6.8893898877e+02
    6.1585000000e+01    7.1278389563e+02
    6.1590000000e+01    6.5626148162e+02
    6.1595000000e+01    7.1601483891e+02
    6.1600000000e+01    6.5888761493e+02
    6.1605000000e+01    7.3651210314e+02
    6.1610000000e+01    7.0530038915e+02
    6.1615000000e+01    6.7175427488e+02
    6.1620000000e+01    6.7971586706e+02
    6.1625000000e+01    6.7537804573e+02
    6.1630000000e+01    7.3628794771e+02
    6.1635000000e+01    7.5278035152e+02
    6.1640000000e+01    6.7010694386e+02
    6.1645000000e+01    7.3004444300e+02
    6.1650000000e+01    7.1272175541e+02
    6.1655000000e+01    7.3185844687e+02
    6.1660000000e+01    6.6435985976e+02
    6.1665000000e+01    7.0528010220e+02
    6.1670000000e+01    7.0029884805e+02
    6.1675000000e+01    6.8515630441e+02
    6.1680000000e+01    6.7970764296e+02
    6.1685000000e+01    7.5844493938e+02
    6.1690000000e+01    6.8588189258e+02
    6.1695000000e+01    6.5884653980e+02
    6.1700000000e+01    6.3064920361e+02
    6.1705000000e+01    7.6863755232e+02
    6.1710000000e+01    7.3474211397e+02
    6.1715000000e+01    6.9726254866e+02
    6.1720000000e+01    7.0776776569e+02
    6.1725000000e+01    6.6750617883e+02
    6.1730000000e+01    7.1996733900e+02
    6.1735000000e+01    6.5394945289e+02
    6.1740000000e+01    6.5610292592e+02
    6.1745000000e+01    7.4446034290e+02
    6.1750000000e+01    7.7129236841e+02
    6.1755000000e+01    7.1286026321e+02
    6.1760000000e+01    7.2436173761e+02
    6.1765000000e+01    7.0665077845e+02
    6.1770000000e+01    7.0567341012e+02
    6.1775000000e+01    7.2868010320e+02
    6.1780000000e+01    6.9598638090e+02
    6.1785000000e+01    6.9001152700e+02
    6.1790000000e+01    6.4113346182e+02
    6.1795000000e+01    7.0879342623e+02
    6.1800000000e+01    7.2660987283e+02
    6.1805000000e+01    7.5834721895e+02
    6.1810000000e+01    6.7233368988e+02
    6.1815000000e+01    7.5041783487e+02
    6.1820000000e+01    7.4124080493e+02
    6.1825000000e+01    7.1403871670e+02
    6.1830000000e+01    7.1689161057e+02
    6.1835000000e+01    6.7901492310e+02
    6.1840000000e+01    6.7261205635e+02
    6.1845000000e+01    8.1770553320e+02
    6.1850000000e+01    6.8552844718e+02
    6.1855000000e+01    7.9348906336e+02
    6.1860000000e+01    7.0091969840e+02
    6.1865000000e+01    7.3798405183e+02
    6.1870000000e+01    6.8149374333e+02
    6.1875000000e+01    6.8748151396e+02
    6.1880000000e+01    6.9777639945e+02
    6.1885000000e+01    7.3844911420e+02
    6.1890000000e+01    7.7262038273e+02
    6.1895000000e+01    6.7256791492e+02
    6.1900000000e+01    7.7836422707e+02
    6.1905000000e+01    7.5330360175e+02
    6.1910000000e+01    7.2981041378e+02
    6.1915000000e+01    7.1298934307e+02
    6.1920000000e+01    7.7131376969e+02
    6.1925000000e+01    7.5174896975e+02
    6.1930000000e+01    7.1477872884e+02
    6.1935000000e+01    7.6884223295e+02
    6.1940000000e+01    7.1852025963e+02
    6.1945000000e+01    7.5549926591e+02
    6.1950000000e+01    6.5747873412e+02
    6.1955000000e+01    7.4251713378e+02
    6.1960000000e+01    7.6883831537e+02
    6.1965000000e+01    7.3946937033e+02
    6.1970000000e+01    6.5633705908e+02
    6.1975000000e+01    7.2246518959e+02
    6.1980000000e+01    7.0523062605e+02
    6.1985000000e+01    6.8174794679e+02
    6.1990000000e+01    7.1500137239e+02
    6.1995000000e+01    7.4208193845e+02
    6.2000000000e+01    7.5107881281e+02
    6.2005000000e+01    6.5651484878e+02
    6.2010000000e+01    6.8816867257e+02
    6.2015000000e+01    7.4144109737e+02
    6.2020000000e+01    7.4314658624e+02
    6.2025000000e+01    7.9671157950e+02
    6.2030000000e+01    7.5478166425e+02
    6.2035000000e+01    7.1061671289e+02
    6.2040000000e+01    7.8875510051e+02
    6.2045000000e+01    7.4218154846e+02
    6.2050000000e+01    6.8762072908e+02
    6.2055000000e+01    7.4575883380e+02
    6.2060000000e+01    8.2961973083e+02
    6.2065000000e+01    7.2505207403e+02
    6.2070000000e+01    6.7612866658e+02
    6.2075000000e+01    7.7467723837e+02
    6.2080000000e+01    7.0482609506e+02
    6.2085000000e+01    7.3516123569e+02
    6.2090000000e+01    7.8784769520e+02
    6.2095000000e+01    7.4986344220e+02
    6.2100000000e+01    7.4584974938e+02
    6.2105000000e+01    7.1216616332e+02
    6.2110000000e+01    7.0879597495e+02
    6.2115000000e+01    7.5694885433e+02
    6.2120000000e+01    7.0838130515e+02
    6.2125000000e+01    7.8407232888e+02
    6.2130000000e+01    8.5580600556e+02
    6.2135000000e+01    7.9228188439e+02
    6.2140000000e+01    7.4206677842e+02
    6.2145000000e+01    7.0096667198e+02
    6.2150000000e+01    8.0113291558e+02
    6.2155000000e+01    7.6664046233e+02
    6.2160000000e+01    7.4442848331e+02
    6.2165000000e+01    7.0165428491e+02
    6.2170000000e+01    7.6941028842e+02
    6.2175000000e+01    7.4419636530e+02
    6.2180000000e+01    7.2708507649e+02
    6.2185000000e+01    7.3119469464e+02
    6.2190000000e+01    8.0932324183e+02
    6.2195000000e+01    7.9818049404e+02
    6.2200000000e+01    7.8470919585e+02
    6.2205000000e+01    7.1925892449e+02
    6.2210000000e+01    7.9562473696e+02
    6.2215000000e+01    7.4905558996e+02
    6.2220000000e+01    7.6386024239e+02
    6.2225000000e+01    7.1329049558e+02
    6.2230000000e+01    8.2890195958e+02
    6.2235000000e+01    7.2596304784e+02
    6.2240000000e+01    7.6552489310e+02
    6.2245000000e+01    8.5328444557e+02
    6.2250000000e+01    7.5233538103e+02
    6.2255000000e+01    8.0021548634e+02
    6.2260000000e+01    8.1806251659e+02
    6.2265000000e+01    7.3580179500e+02
    6.2270000000e+01    7.8460758279e+02
    6.2275000000e+01    7.7018625878e+02
    6.2280000000e+01    7.7375866913e+02
    6.2285000000e+01    8.4821722459e+02
    6.2290000000e+01    8.3740048666e+02
    6.2295000000e+01    8.0305984316e+02
    6.2300000000e+01    8.2322782511e+02
    6.2305000000e+01    8.4426072154e+02
    6.2310000000e+01    7.4176065209e+02
    6.2315000000e+01    7.7607578360e+02
    6.2320000000e+01    8.4887074584e+02
    6.2325000000e+01    8.1048917714e+02
    6.2330000000e+01    8.3386593843e+02
    6.2335000000e+01    7.9833183245e+02
    6.2340000000e+01    8.3712894976e+02
    6.2345000000e+01    8.0293738520e+02
    6.2350000000e+01    8.8773673167e+02
    6.2355000000e+01    7.8408768597e+02
    6.2360000000e+01    8.0487347090e+02
    6.2365000000e+01    8.2069870623e+02
    6.2370000000e+01    8.6648161231e+02
    6.2375000000e+01    8.3624534127e+02
    6.2380000000e+01    7.8011218118e+02
    6.2385000000e+01    8.4086235790e+02
    6.2390000000e+01    7.8782262975e+02
    6.2395000000e+01    7.9801795131e+02
    6.2400000000e+01    8.1736339082e+02
    6.2405000000e+01    8.3391940104e+02
    6.2410000000e+01    7.7351677214e+02
    6.2415000000e+01    7.8290372039e+02
    6.2420000000e+01    8.0436916893e+02
    6.2425000000e+01    7.8475240002e+02
    6.2430000000e+01    8.2478237727e+02
    6.2435000000e+01    7.7955515999e+02
    6.2440000000e+01    8.3477540670e+02
    6.2445000000e+01    8.3610720490e+02
    6.2450000000e+01    8.3056271111e+02
    6.2455000000e+01    7.9765533020e+02
    6.2460000000e+01    7.9942360971e+02
    6.2465000000e+01    8.0888303716e+02
    6.2470000000e+01    8.7324689178e+02
    6.2475000000e+01    7.8105583074e+02
    6.2480000000e+01    8.9532215878e+02
    6.2485000000e+01    7.8902314511e+02
    6.2490000000e+01    8.9403694184e+02
    6.2495000000e+01    8.9258411967e+02
    6.2500000000e+01    8.4271515810e+02
    6.2505000000e+01    8.9697751166e+02
    6.2510000000e+01    8.5824572865e+02
    6.2515000000e+01    9.0387480161e+02
    6.2520000000e+01    8.9386576724e+02
    6.2525000000e+01    8.0722057527e+02
    6.2530000000e+01    8.7561252178e+02
    6.2535000000e+01    8.7711432590e+02
    6.2540000000e+01    8.7314767535e+02
    6.2545000000e+01    8.6430288785e+02
    6.2550000000e+01    9.3859762816e+02
    6.2555000000e+01    9.2270512452e+02
    6.2560000000e+01    8.6153461985e+02
    6.2565000000e+01    8.6880152183e+02
    6.2570000000e+01    8.5287203409e+02
    6.2575000000e+01    9.0882910329e+02
    6.2580000000e+01    9.1817898190e+02
    6.2585000000e+01    8.3890016509e+02
    6.2590000000e+01    8.5888062436e+02
    6.2595000000e+01    9.2132407237e+02
    6.2600000000e+01    8.7937778589e+02
    6.2605000000e+01    8.5869833741e+02
    6.2610000000e+01    8.7470434631e+02
    6.2615000000e+01    8.3397923504e+02
    6.2620000000e+01    1.0257222412e+03
    6.2625000000e+01    8.9407151121e+02
    6.2630000000e+01    7.8531484913e+02
    6.2635000000e+01    9.1326201059e+02
    6.2640000000e+01    7.8288750062e+02
    6.2645000000e+01    9.6150618955e+02
    6.2650000000e+01    8.4585673186e+02
    6.2655000000e+01    8.9038730565e+02
    6.2660000000e+01    8.8207294758e+02
    6.2665000000e+01    8.8401089893e+02
    6.2670000000e+01    8.7508270547e+02
    6.2675000000e+01    9.1653907889e+02
    6.2680000000e+01    8.1613444493e+02
    6.2685000000e+01    8.3515881772e+02
    6.2690000000e+01    8.0090437864e+02
    6.2695000000e+01    9.4694020441e+02
    6.2700000000e+01    9.9439833876e+02
    6.2705000000e+01    9.2392947570e+02
    6.2710000000e+01    8.1304833310e+02
    6.2715000000e+01    8.4915703664e+02
    6.2720000000e+01    8.9630681984e+02
    6.2725000000e+01    8.7312593148e+02
    6.2730000000e+01    8.7040581971e+02
    6.2735000000e+01    8.4673151618e+02
    6.2740000000e+01    8.5495295398e+02
    6.2745000000e+01    8.8589601013e+02
    6.2750000000e+01    8.3328919363e+02
    6.2755000000e+01    9.0370403001e+02
    6.2760000000e+01    8.8952872121e+02
    6.2765000000e+01    8.8270070154e+02
    6.2770000000e+01    8.4028599909e+02
    6.2775000000e+01    9.2614529856e+02
    6.2780000000e+01    8.8637233244e+02
    6.2785000000e+01    8.3893027659e+02
    6.2790000000e+01    8.6016661230e+02
    6.2795000000e+01    8.3407417327e+02
    6.2800000000e+01    8.6095935052e+02
    6.2805000000e+01    7.8077216174e+02
    6.2810000000e+01    8.0102824912e+02
    6.2815000000e+01    8.5487281525e+02
    6.2820000000e+01    8.1430649182e+02
    6.2825000000e+01    8.0829704287e+02
    6.2830000000e+01    8.9891684438e+02
    6.2835000000e+01    8.6481708714e+02
    6.2840000000e+01    8.1301406811e+02
    6.2845000000e+01    8.3852821122e+02
    6.2850000000e+01    8.3499433388e+02
    6.2855000000e+01    7.5634040951e+02
    6.2860000000e+01    8.2135598856e+02
    6.2865000000e+01    8.0316224466e+02
    6.2870000000e+01    8.7425911743e+02
    6.2875000000e+01    8.7435176392e+02
    6.2880000000e+01    8.7555071266e+02
    6.2885000000e+01    8.4175709641e+02
    6.2890000000e+01    7.4841773766e+02
    6.2895000000e+01    8.4104671735e+02
    6.2900000000e+01    7.7858328326e+02
    6.2905000000e+01    7.5218504736e+02
    6.2910000000e+01    7.9280241251e+02
    6.2915000000e+01    8.7805085077e+02
    6.2920000000e+01    7.5520875806e+02
    6.2925000000e+01    9.0515677624e+02
    6.2930000000e+01    8.6392958254e+02
    6.2935000000e+01    8.0085797219e+02
    6.2940000000e+01    8.6955125832e+02
    6.2945000000e+01    8.1990709935e+02
    6.2950000000e+01    8.0945455671e+02
    6.2955000000e+01    8.2588288357e+02
    6.2960000000e+01    8.4086761790e+02
    6.2965000000e+01    9.3181836903e+02
    6.2970000000e+01    7.7900558923e+02
    6.2975000000e+01    7.8856272287e+02
    6.2980000000e+01    7.2637572013e+02
    6.2985000000e+01    7.6230614513e+02
    6.2990000000e+01    7.6972660942e+02
    6.2995000000e+01    8.4345623523e+02
    6.3000000000e+01    8.5552200315e+02
    6.3005000000e+01    7.8935194444e+02
    6.3010000000e+01    8.2307641096e+02
    6.3015000000e+01    7.4545401374e+02
    6.3020000000e+01    7.5724286549e+02
    6.3025000000e+01    8.0178378715e+02
    6.3030000000e+01    8.3011946181e+02
    6.3035000000e+01    7.8569126467e+02
    6.3040000000e+01    8.3289593950e+02
    6.3045000000e+01    9.2253583127e+02
    6.3050000000e+01    7.9640577752e+02
    6.3055000000e+01    7.8434180059e+02
    6.3060000000e+01    8.0200096302e+02
    6.3065000000e+01    7.1658807231e+02
    6.3070000000e+01    8.4178197135e+02
    6.3075000000e+01    8.1065038660e+02
    6.3080000000e+01    7.8405914372e+02
    6.3085000000e+01    8.3693121520e+02
    6.3090000000e+01    8.2932917647e+02
    6.3095000000e+01    7.8059017343e+02
    6.3100000000e+01    7.9805013957e+02
    6.3105000000e+01    8.7641706493e+02
    6.3110000000e+01    7.9728795974e+02
    6.3115000000e+01    7.7399110335e+02
    6.3120000000e+01    8.2454870306e+02
    6.3125000000e+01    7.6020807549e+02
    6.3130000000e+01    8.0483803568e+02
    6.3135000000e+01    7.6005742480e+02
    6.3140000000e+01    9.1375390946e+02
    6.3145000000e+01    8.1503518453e+02
    6.3150000000e+01    7.7398478724e+02
    6.3155000000e+01    8.4131170224e+02
    6.3160000000e+01    7.4696266038e+02
    6.3165000000e+01    7.7284322702e+02
    6.3170000000e+01    7.3418479880e+02
    6.3175000000e+01    8.0657483204e+02
    6.3180000000e+01    7.3341786729e+02
    6.3185000000e+01    7.4701881792e+02
    6.3190000000e+01    7.7833785624e+02
    6.3195000000e+01    7.3630116053e+02
    6.3200000000e+01    7.6619896248e+02
    6.3205000000e+01    8.2393918683e+02
    6.3210000000e+01    7.9773957793e+02
    6.3215000000e+01    8.0165819851e+02
    6.3220000000e+01    8.1523821703e+02
    6.3225000000e+01    7.9461331391e+02
    6.3230000000e+01    7.4593353565e+02
    6.3235000000e+01    7.4809688892e+02
    6.3240000000e+01    7.4169765975e+02
    6.3245000000e+01    8.8943124465e+02
    6.3250000000e+01    7.4223906773e+02
    6.3255000000e+01    7.2298878495e+02
    6.3260000000e+01    7.6543907390e+02
    6.3265000000e+01    7.6887819311e+02
    6.3270000000e+01    6.7819738442e+02
    6.3275000000e+01    7.4167847276e+02
    6.3280000000e+01    7.8518638611e+02
    6.3285000000e+01    8.1042192695e+02
    6.3290000000e+01    7.7082666323e+02
    6.3295000000e+01    7.2664294468e+02
    6.3300000000e+01    8.3528910838e+02
    6.3305000000e+01    8.5119496509e+02
    6.3310000000e+01    7.7552907975e+02
    6.3315000000e+01    8.2025814578e+02
    6.3320000000e+01    7.3586902282e+02
    6.3325000000e+01    7.5714111856e+02
    6.3330000000e+01    7.7670072832e+02
    6.3335000000e+01    7.4532951156e+02
    6.3340000000e+01    7.5742660263e+02
    6.3345000000e+01    7.8364062619e+02
    6.3350000000e+01    7.0494760854e+02
    6.3355000000e+01    7.5906060499e+02
    6.3360000000e+01    7.4075408809e+02
    6.3365000000e+01    7.8002943010e+02
    6.3370000000e+01    8.6656781780e+02
    6.3375000000e+01    7.3732962921e+02
    6.3380000000e+01    7.9053430267e+02
    6.3385000000e+01    7.1480172006e+02
    6.3390000000e+01    7.4008682498e+02
    6.3395000000e+01    7.0343671034e+02
    6.3400000000e+01    7.6723452566e+02
    6.3405000000e+01    7.4832847909e+02
    6.3410000000e+01    7.4716358452e+02
    6.3415000000e+01    8.0647984039e+02
    6.3420000000e+01    6.8150740787e+02
    6.3425000000e+01    7.5505400500e+02
    6.3430000000e+01    8.0688427298e+02
    6.3435000000e+01    7.6123450949e+02
    6.3440000000e+01    7.9808518463e+02
    6.3445000000e+01    7.9074129509e+02
    6.3450000000e+01    6.9910177276e+02
    6.3455000000e+01    7.3285886094e+02
    6.3460000000e+01    7.6708112985e+02
    6.3465000000e+01    7.6700602949e+02
    6.3470000000e+01    7.2050581824e+02
    6.3475000000e+01    8.0731309408e+02
    6.3480000000e+01    7.6010104422e+02
    6.3485000000e+01    7.6282094452e+02
    6.3490000000e+01    8.2758985737e+02
    6.3495000000e+01    7.6830998584e+02
    6.3500000000e+01    7.6663261829e+02
    6.3505000000e+01    7.1221712156e+02
    6.3510000000e+01    7.7483791183e+02
    6.3515000000e+01    7.1952192872e+02
    6.3520000000e+01    7.4790698448e+02
    6.3525000000e+01    7.5664997303e+02
    6.3530000000e+01    7.9318169511e+02
    6.3535000000e+01    8.0155955943e+02
    6.3540000000e+01    7.9310410009e+02
    6.3545000000e+01    7.6366561806e+02
    6.3550000000e+01    6.8072910593e+02
    6.3555000000e+01    7.3243756306e+02
    6.3560000000e+01    8.0679598287e+02
    6.3565000000e+01    7.5593900192e+02
    6.3570000000e+01    7.6339860640e+02
    6.3575000000e+01    7.2584411955e+02
    6.3580000000e+01    7.3136862264e+02
    6.3585000000e+01    6.2244629221e+02
    6.3590000000e+01    7.7819971490e+02
    6.3595000000e+01    8.3116431876e+02
    6.3600000000e+01    6.7606915927e+02
    6.3605000000e+01    7.2488981402e+02
    6.3610000000e+01    6.9544047078e+02
    6.3615000000e+01    7.1699459523e+02
    6.3620000000e+01    7.4644110574e+02
    6.3625000000e+01    7.6614732356e+02
    6.3630000000e+01    6.8141414437e+02
    6.3635000000e+01    7.8124566972e+02
    6.3640000000e+01    7.1791247235e+02
    6.3645000000e+01    7.1428229928e+02
    6.3650000000e+01    7.9807091286e+02
    6.3655000000e+01    6.3278020279e+02
    6.3660000000e+01    6.9927705334e+02
    6.3665000000e+01    7.0956893365e+02
    6.3670000000e+01    7.1265733730e+02
    6.3675000000e+01    6.9732390171e+02
    6.3680000000e+01    6.9156343084e+02
    6.3685000000e+01    6.6412862498e+02
    6.3690000000e+01    6.9313436031e+02
    6.3695000000e+01    6.2348585220e+02
    6.3700000000e+01    7.5386216747e+02
    6.3705000000e+01    7.1903610271e+02
    6.3710000000e+01    6.7683535802e+02
    6.3715000000e+01    7.6477091156e+02
    6.3720000000e+01    6.9553652050e+02
    6.3725000000e+01    6.6687469794e+02
    6.3730000000e+01    6.7916806401e+02
    6.3735000000e+01    7.8844209327e+02
    6.3740000000e+01    6.7098367922e+02
    6.3745000000e+01    7.2142179422e+02
    6.3750000000e+01    6.5703019295e+02
    6.3755000000e+01    7.1781527928e+02
    6.3760000000e+01    6.5602788310e+02
    6.3765000000e+01    6.4522817188e+02
    6.3770000000e+01    6.8167422942e+02
    6.3775000000e+01    7.2525028614e+02
    6.3780000000e+01    7.0201528100e+02
    6.3785000000e+01    6.9723479931e+02
    6.3790000000e+01    6.7961259817e+02
    6.3795000000e+01    6.6809123676e+02
    6.3800000000e+01    6.6295160056e+02
    6.3805000000e+01    7.5573205321e+02
    6.3810000000e+01    6.6381493502e+02
    6.3815000000e+01    6.3398267357e+02
    6.3820000000e+01    6.7653777340e+02
    6.3825000000e+01    6.7505989704e+02
    6.3830000000e+01    6.7579694605e+02
    6.3835000000e+01    6.6578097202e+02
    6.3840000000e+01    6.4928511966e+02
    6.3845000000e+01    7.1962653649e+02
    6.3850000000e+01    6.9524503225e+02
    6.3855000000e+01    7.1843432616e+02
    6.3860000000e+01    6.6392539271e+02
    6.3865000000e+01    6.7921367622e+02
    6.3870000000e+01    6.8411239753e+02
    6.3875000000e+01    7.4063129786e+02
    6.3880000000e+01    6.7450119699e+02
    6.3885000000e+01    7.0059348604e+02
    6.3890000000e+01    5.6543109095e+02
    6.3895000000e+01    7.0768283725e+02
    6.3900000000e+01    6.6200775425e+02
    6.3905000000e+01    7.1720975697e+02
    6.3910000000e+01    6.1664687969e+02
    6.3915000000e+01    6.6995340397e+02
    6.3920000000e+01    6.5139363648e+02
    6.3925000000e+01    6.5921746890e+02
    6.3930000000e+01    6.4118785614e+02
    6.3935000000e+01    6.7648136401e+02
    6.3940000000e+01    6.8607996339e+02
    6.3945000000e+01    6.4866277028e+02
    6.3950000000e+01    7.0096824815e+02
    6.3955000000e+01    6.8462112276e+02
    6.3960000000e+01    6.1027754863e+02
    6.3965000000e+01    6.2236943083e+02
    6.3970000000e+01    6.7487680812e+02
    6.3975000000e+01    6.5644862925e+02
    6.3980000000e+01    6.2963692890e+02
    6.3985000000e+01    6.7199622122e+02
    6.3990000000e+01    6.0803675126e+02
    6.3995000000e+01    6.6366668862e+02
    6.4000000000e+01    6.6828980870e+02
    6.4005000000e+01    6.1782086999e+02
    6.4010000000e+01    6.7506534649e+02
    6.4015000000e+01    6.9256363689e+02
    6.4020000000e+01    6.0547642362e+02
    6.4025000000e+01    6.3705567455e+02
    6.4030000000e+01    6.6910367528e+02
    6.4035000000e+01    6.2773229036e+02
    6.4040000000e+01    6.7109203738e+02
    6.4045000000e+01    6.2850407671e+02
    6.4050000000e+01    6.3512207353e+02
    6.4055000000e+01    7.2795932953e+02
    6.4060000000e+01    6.8902026013e+02
    6.4065000000e+01    6.9702734277e+02
    6.4070000000e+01    6.7224974646e+02
    6.4075000000e+01    7.1651303877e+02
    6.4080000000e+01    6.5612116085e+02
    6.4085000000e+01    6.5154379560e+02
    6.4090000000e+01    6.4692425363e+02
    6.4095000000e+01    6.0139753750e+02
    6.4100000000e+01    6.1988102883e+02
    6.4105000000e+01    6.5683966576e+02
    6.4110000000e+01    6.7098351539e+02
    6.4115000000e+01    6.6572233335e+02
    6.4120000000e+01    6.4430031189e+02
    6.4125000000e+01    6.7491335454e+02
    6.4130000000e+01    7.1732402237e+02
    6.4135000000e+01    6.7338475867e+02
    6.4140000000e+01    7.1265288519e+02
    6.4145000000e+01    6.8379029028e+02
    6.4150000000e+01    7.9182316156e+02
    6.4155000000e+01    6.8723816301e+02
    6.4160000000e+01    6.8505102226e+02
    6.4165000000e+01    7.3012264265e+02
    6.4170000000e+01    6.8089509804e+02
    6.4175000000e+01    6.9180926151e+02
    6.4180000000e+01    6.7813411596e+02
    6.4185000000e+01    6.8575171029e+02
    6.4190000000e+01    6.5394374485e+02
    6.4195000000e+01    7.4090782619e+02
    6.4200000000e+01    6.5091298873e+02
    6.4205000000e+01    7.0388269560e+02
    6.4210000000e+01    6.9596857834e+02
    6.4215000000e+01    6.9172031797e+02
    6.4220000000e+01    6.9628356454e+02
    6.4225000000e+01    6.8088348003e+02
    6.4230000000e+01    7.1794985850e+02
    6.4235000000e+01    7.2246197126e+02
    6.4240000000e+01    6.7733724038e+02
    6.4245000000e+01    7.1395770605e+02
    6.4250000000e+01    7.0246633179e+02
    6.4255000000e+01    7.7384015618e+02
    6.4260000000e+01    6.3780820811e+02
    6.4265000000e+01    7.3784654923e+02
    6.4270000000e+01    7.5175407839e+02
    6.4275000000e+01    6.5594781765e+02
    6.4280000000e+01    7.6940133715e+02
    6.4285000000e+01    7.5463654204e+02
    6.4290000000e+01    6.7741418180e+02
    6.4295000000e+01    6.6047608062e+02
    6.4300000000e+01    6.9958690994e+02
    6.4305000000e+01    7.7755367414e+02
    6.4310000000e+01    7.9377695201e+02
    6.4315000000e+01    7.0117269847e+02
    6.4320000000e+01    7.4059088550e+02
    6.4325000000e+01    7.5064836596e+02
    6.4330000000e+01    7.4432599690e+02
    6.4335000000e+01    6.6030875748e+02
    6.4340000000e+01    7.4620743914e+02
    6.4345000000e+01    7.1581538988e+02
    6.4350000000e+01    6.8746120031e+02
    6.4355000000e+01    7.4981150653e+02
    6.4360000000e+01    7.1379960935e+02
    6.4365000000e+01    7.9850146027e+02
    6.4370000000e+01    7.4574853547e+02
    6.4375000000e+01    8.9618109481e+02
    6.4380000000e+01    7.9169357372e+02
    6.4385000000e+01    8.2347954161e+02
    6.4390000000e+01    8.1014779656e+02
    6.4395000000e+01    7.7214312567e+02
    6.4400000000e+01    7.4571266844e+02
    6.4405000000e+01    7.6196394877e+02
    6.4410000000e+01    8.0586415437e+02
    6.4415000000e+01    7.8849500593e+02
    6.4420000000e+01    8.6439690887e+02
    6.4425000000e+01    7.2637235260e+02
    6.4430000000e+01    9.0084532695e+02
    6.4435000000e+01    8.4088417479e+02
    6.4440000000e+01    7.9260019195e+02
    6.4445000000e+01    8.2861413337e+02
    6.4450000000e+01    8.2841671553e+02
    6.4455000000e+01    8.4011570102e+02
    6.4460000000e+01    7.9931765599e+02
    6.4465000000e+01    8.9127937682e+02
    6.4470000000e+01    8.3209260202e+02
    6.4475000000e+01    8.3398049306e+02
    6.4480000000e+01    8.1833362037e+02
    6.4485000000e+01    7.9490885019e+02
    6.4490000000e+01    8.3043784826e+02
    6.4495000000e+01    9.9958390370e+02
    6.4500000000e+01    8.6620045667e+02
    6.4505000000e+01    8.6306729865e+02
    6.4510000000e+01    8.1402689953e+02
    6.4515000000e+01    8.6891106191e+02
    6.4520000000e+01    9.1514500630e+02
    6.4525000000e+01    8.8113878836e+02
    6.4530000000e+01    8.5502977569e+02
    6.4535000000e+01    9.8071388006e+02
    6.4540000000e+01    9.2434510164e+02
    6.4545000000e+01    9.2149752191e+02
    6.4550000000e+01    8.7694345738e+02
    6.4555000000e+01    9.7366534703e+02
    6.4560000000e+01    9.3074190474e+02
    6.4565000000e+01    9.8982463187e+02
    6.4570000000e+01    9.5745774747e+02
    6.4575000000e+01    9.5806776928e+02
    6.4580000000e+01    8.3322835103e+02
    6.4585000000e+01    9.3263418244e+02
    6.4590000000e+01    9.2071921562e+02
    6.4595000000e+01    1.0034250545e+03
    6.4600000000e+01    1.0393360959e+03
    6.4605000000e+01    1.0615767825e+03
    6.4610000000e+01    9.1548500058e+02
    6.4615000000e+01    1.0306107250e+03
    6.4620000000e+01    1.0351088804e+03
    6.4625000000e+01    1.0457737006e+03
    6.4630000000e+01    9.8013474595e+02
    6.4635000000e+01    1.0991737971e+03
    6.4640000000e+01    1.0645587447e+03
    6.4645000000e+01    1.0298530322e+03
    6.4650000000e+01    1.3006395755e+03
    6.4655000000e+01    1.1997810691e+03
    6.4660000000e+01    1.1067894499e+03
    6.4665000000e+01    1.0778919013e+03
    6.4670000000e+01    1.1481079243e+03
    6.4675000000e+01    1.2182704890e+03
    6.4680000000e+01    1.2341504436e+03
    6.4685000000e+01    1.2218011454e+03
    6.4690000000e+01    1.0994211344e+03
    6.4695000000e+01    1.2452200105e+03
    6.4700000000e+01    1.3546368556e+03
    6.4705000000e+01    1.2414304206e+03
    6.4710000000e+01    1.2721228302e+03
    6.4715000000e+01    1.4221059706e+03
    6.4720000000e+01    1.3956159142e+03
    6.4725000000e+01    1.4252830996e+03
    6.4730000000e+01    1.3462298821e+03
    6.4735000000e+01    1.4605322547e+03
    6.4740000000e+01    1.4914076704e+03
    6.4745000000e+01    1.4874749280e+03
    6.4750000000e+01    1.4436121128e+03
    6.4755000000e+01    1.2907752207e+03
    6.4760000000e+01    1.4788298423e+03
    6.4765000000e+01    1.4415538170e+03
    6.4770000000e+01    1.4722627662e+03
    6.4775000000e+01    1.4713362407e+03
    6.4780000000e+01    1.6794680352e+03
    6.4785000000e+01    1.5879052686e+03
    6.4790000000e+01    1.7628412458e+03
    6.4795000000e+01    1.5646638266e+03
    6.4800000000e+01    1.6384665085e+03
    6.4805000000e+01    1.6800559892e+03
    6.4810000000e+01    1.7706164174e+03
    6.4815000000e+01    1.5642800156e+03
    6.4820000000e+01    1.6107081134e+03
    6.4825000000e+01    1.6415869234e+03
    6.4830000000e+01    2.0244353957e+03
    6.4835000000e+01    2.0856149987e+03
    6.4840000000e+01    1.7335987636e+03
    6.4845000000e+01    1.7170345839e+03
    6.4850000000e+01    1.8541303215e+03
    6.4855000000e+01    1.8064623117e+03
    6.4860000000e+01    1.8468058483e+03
    6.4865000000e+01    1.9588613763e+03
    6.4870000000e+01    1.9136406019e+03
    6.4875000000e+01    1.8412657549e+03
    6.4880000000e+01    2.0224569596e+03
    6.4885000000e+01    2.0091513138e+03
    6.4890000000e+01    2.2492339560e+03
    6.4895000000e+01    2.1455243658e+03
    6.4900000000e+01    2.0119706100e+03
    6.4905000000e+01    1.8451805357e+03
    6.4910000000e+01    2.1439222693e+03
    6.4915000000e+01    1.9361855421e+03
    6.4920000000e+01    1.8856742196e+03
    6.4925000000e+01    1.8386300614e+03
    6.4930000000e+01    2.0442681746e+03
    6.4935000000e+01    2.1160380392e+03
    6.4940000000e+01    1.9831546061e+03
    6.4945000000e+01    2.1874806318e+03
    6.4950000000e+01    1.9850920159e+03
    6.4955000000e+01    2.0791168221e+03
    6.4960000000e+01    2.0238967960e+03
    6.4965000000e+01    2.1383295225e+03
    6.4970000000e+01    2.1397832180e+03
    6.4975000000e+01    2.2285796197e+03
    6.4980000000e+01    2.1840648886e+03
    6.4985000000e+01    2.0187884636e+03
    6.4990000000e+01    2.2727701386e+03
    6.4995000000e+01    1.9129826600e+03
    6.5000000000e+01    1.8680732534e+03
    6.5005000000e+01    1.9606991447e+03
    6.5010000000e+01    1.8327468840e+03
    6.5015000000e+01    1.9326886831e+03
    6.5020000000e+01    2.0228016724e+03
    6.5025000000e+01    2.1457106870e+03
    6.5030000000e+01    1.9647804343e+03
    6.5035000000e+01    2.2719508316e+03
    6.5040000000e+01    1.9939429794e+03
    6.5045000000e+01    1.9362604003e+03
    6.5050000000e+01    1.9073209035e+03
    6.5055000000e+01    1.9819215959e+03
    6.5060000000e+01    1.8225937617e+03
    6.5065000000e+01    1.9118728531e+03
    6.5070000000e+01    1.9451071602e+03
    6.5075000000e+01    1.8703018251e+03
    6.5080000000e+01    1.8299227036e+03
    6.5085000000e+01    1.9411285077e+03
    6.5090000000e+01    1.9044440386e+03
    6.5095000000e+01    1.7701483981e+03
    6.5100000000e+01    1.5416268708e+03
    6.5105000000e+01    1.5000423316e+03
    6.5110000000e+01    2.0315949283e+03
    6.5115000000e+01    1.7938619557e+03
    6.5120000000e+01    1.7700895181e+03
    6.5125000000e+01    1.6919985951e+03
    6.5130000000e+01    1.8929371983e+03
    6.5135000000e+01    1.9647681441e+03
    6.5140000000e+01    1.8578412367e+03
    6.5145000000e+01    1.7532614876e+03
    6.5150000000e+01    1.6980719911e+03
    6.5155000000e+01    1.8055343455e+03
    6.5160000000e+01    1.6726925104e+03
    6.5165000000e+01    1.7222075026e+03
    6.5170000000e+01    1.5318634203e+03
    6.5175000000e+01    1.6138667497e+03
    6.5180000000e+01    1.5809904320e+03
    6.5185000000e+01    1.8972721751e+03
    6.5190000000e+01    1.5936697403e+03
    6.5195000000e+01    1.5246707767e+03
    6.5200000000e+01    1.6726971181e+03
    6.5205000000e+01    1.5801030448e+03
    6.5210000000e+01    1.6849084874e+03
    6.5215000000e+01    1.6151524973e+03
    6.5220000000e+01    1.7616482875e+03
    6.5225000000e+01    1.7315009158e+03
    6.5230000000e+01    1.8527714313e+03
    6.5235000000e+01    1.5843335984e+03
    6.5240000000e+01    1.4776579349e+03
    6.5245000000e+01    1.6064144638e+03
    6.5250000000e+01    1.6210886971e+03
    6.5255000000e+01    1.6771905801e+03
    6.5260000000e+01    1.5238539631e+03
    6.5265000000e+01    1.5659213392e+03
    6.5270000000e+01    1.6050096794e+03
    6.5275000000e+01    1.6063257101e+03
    6.5280000000e+01    1.6966680407e+03
    6.5285000000e+01    1.5547402020e+03
    6.5290000000e+01    1.6790546112e+03
    6.5295000000e+01    1.6018576431e+03
    6.5300000000e+01    1.6169099883e+03
    6.5305000000e+01    1.7081081039e+03
    6.5310000000e+01    1.5764521821e+03
    6.5315000000e+01    1.4734085927e+03
    6.5320000000e+01    1.5559283798e+03
    6.5325000000e+01    1.5458956479e+03
    6.5330000000e+01    1.4521852001e+03
    6.5335000000e+01    1.6911752549e+03
    6.5340000000e+01    1.3996415140e+03
    6.5345000000e+01    1.4903522541e+03
    6.5350000000e+01    1.4920068896e+03
    6.5355000000e+01    1.5780217203e+03
    6.5360000000e+01    1.5060331794e+03
    6.5365000000e+01    1.4212211929e+03
    6.5370000000e+01    1.3799274841e+03
    6.5375000000e+01    1.5514574447e+03
    6.5380000000e+01    1.3600974306e+03
    6.5385000000e+01    1.3834393378e+03
    6.5390000000e+01    1.5319956613e+03
    6.5395000000e+01    1.6247796977e+03
    6.5400000000e+01    1.5354465547e+03
    6.5405000000e+01    1.4705492545e+03
    6.5410000000e+01    1.6296960474e+03
    6.5415000000e+01    1.3954588236e+03
    6.5420000000e+01    1.5425760325e+03
    6.5425000000e+01    1.4542050184e+03
    6.5430000000e+01    1.4280703927e+03
    6.5435000000e+01    1.5052805773e+03
    6.5440000000e+01    1.3860923940e+03
    6.5445000000e+01    1.5036962908e+03
    6.5450000000e+01    1.5094072655e+03
    6.5455000000e+01    1.5900400364e+03
    6.5460000000e+01    1.4562741950e+03
    6.5465000000e+01    1.4765534894e+03
    6.5470000000e+01    1.5521023078e+03
    6.5475000000e+01    1.4056357408e+03
    6.5480000000e+01    1.4492888251e+03
    6.5485000000e+01    1.5025614394e+03
    6.5490000000e+01    1.3260647097e+03
    6.5495000000e+01    1.5753062717e+03
    6.5500000000e+01    1.4716664664e+03
    6.5505000000e+01    1.4562791205e+03
    6.5510000000e+01    1.6172244306e+03
    6.5515000000e+01    1.5516008750e+03
    6.5520000000e+01    1.4629387805e+03
    6.5525000000e+01    1.2469205361e+03
    6.5530000000e+01    1.4799053353e+03
    6.5535000000e+01    1.6631635932e+03
    6.5540000000e+01    1.4741201118e+03
    6.5545000000e+01    1.6549285257e+03
    6.5550000000e+01    1.6691763327e+03
    6.5555000000e+01    1.6152456334e+03
    6.5560000000e+01    1.5168940334e+03
    6.5565000000e+01    1.5229180490e+03
    6.5570000000e+01    1.5965163936e+03
    6.5575000000e+01    1.7175270447e+03
    6.5580000000e+01    1.6219530985e+03
    6.5585000000e+01    1.6301509264e+03
    6.5590000000e+01    1.7957402762e+03
    6.5595000000e+01    1.5871511157e+03
    6.5600000000e+01    1.6395006274e+03
    6.5605000000e+01    1.6874770665e+03
    6.5610000000e+01    1.8818168599e+03
    6.5615000000e+01    1.9627540996e+03
    6.5620000000e+01    1.8072106483e+03
    6.5625000000e+01    1.9340330191e+03
    6.5630000000e+01    1.7228904142e+03
    6.5635000000e+01    1.8023581910e+03
    6.5640000000e+01    1.7018092038e+03
    6.5645000000e+01    1.8543636889e+03
    6.5650000000e+01    1.8128477241e+03
    6.5655000000e+01    1.8384603631e+03
    6.5660000000e+01    1.6812659217e+03
    6.5665000000e+01    1.8248640065e+03
    6.5670000000e+01    2.0011309083e+03
    6.5675000000e+01    1.9570943462e+03
    6.5680000000e+01    2.0288927097e+03
    6.5685000000e+01    1.8882937319e+03
    6.5690000000e+01    1.8619548148e+03
    6.5695000000e+01    1.8649117295e+03
    6.5700000000e+01    1.8376571163e+03
    6.5705000000e+01    2.0505390316e+03
    6.5710000000e+01    1.9595653732e+03
    6.5715000000e+01    1.8153974209e+03
    6.5720000000e+01    2.0239042637e+03
    6.5725000000e+01    1.8991230734e+03
    6.5730000000e+01    2.2464797331e+03
    6.5735000000e+01    2.0377962857e+03
    6.5740000000e+01    2.3326524012e+03
    6.5745000000e+01    2.0624849033e+03
    6.5750000000e+01    2.3553716955e+03
    6.5755000000e+01    2.4360460806e+03
    6.5760000000e+01    2.3178776544e+03
    6.5765000000e+01    2.3027659782e+03
    6.5770000000e+01    2.4299236006e+03
    6.5775000000e+01    2.2446777421e+03
    6.5780000000e+01    2.4687761157e+03
    6.5785000000e+01    2.4297429174e+03
    6.5790000000e+01    2.2849749419e+03
    6.5795000000e+01    2.4887520128e+03
    6.5800000000e+01    2.6309355500e+03
    6.5805000000e+01    2.5120493375e+03
    6.5810000000e+01    2.3613533279e+03
    6.5815000000e+01    2.7832989085e+03
    6.5820000000e+01    2.5854893316e+03
    6.5825000000e+01    2.4728564688e+03
    6.5830000000e+01    2.9567801945e+03
    6.5835000000e+01    2.6329575708e+03
    6.5840000000e+01    2.9437300675e+03
    6.5845000000e+01    2.9513565349e+03
    6.5850000000e+01    2.9563214761e+03
    6.5855000000e+01    3.0558817252e+03
    6.5860000000e+01    3.4377300225e+03
    6.5865000000e+01    3.1879530665e+03
    6.5870000000e+01    3.4455315135e+03
    6.5875000000e+01    2.9858472805e+03
    6.5880000000e+01    3.4787612437e+03
    6.5885000000e+01    3.8009192802e+03
    6.5890000000e+01    3.6219314237e+03
    6.5895000000e+01    3.4912587929e+03
    6.5900000000e+01    3.3471517662e+03
    6.5905000000e+01    3.2603699552e+03
    6.5910000000e+01    3.9478436616e+03
    6.5915000000e+01    4.0125714685e+03
    6.5920000000e+01    3.7086498640e+03
    6.5925000000e+01    4.2713441738e+03
    6.5930000000e+01    4.1341374418e+03
    6.5935000000e+01    4.1922378013e+03
    6.5940000000e+01    4.0247633302e+03
    6.5945000000e+01    3.7856738878e+03
    6.5950000000e+01    4.1937500375e+03
    6.5955000000e+01    4.0391828135e+03
    6.5960000000e+01    4.1502621336e+03
    6.5965000000e+01    4.6280631305e+03
    6.5970000000e+01    4.2424777712e+03
    6.5975000000e+01    4.1455375795e+03
    6.5980000000e+01    4.9540694039e+03
    6.5985000000e+01    4.4986318713e+03
    6.5990000000e+01    3.9949396323e+03
    6.5995000000e+01    4.2875897626e+03
    6.6000000000e+01    4.8159132687e+03
    6.6005000000e+01    4.5675324371e+03
    6.6010000000e+01    4.3751162009e+03
    6.6015000000e+01    4.2696331438e+03
    6.6020000000e+01    4.3941183222e+03
    6.6025000000e+01    4.5494451876e+03
    6.6030000000e+01    4.5372071928e+03
    6.6035000000e+01    4.8109633375e+03
    6.6040000000e+01    4.7244744295e+03
    6.6045000000e+01    4.4048396630e+03
    6.6050000000e+01    4.2761135639e+03
    6.6055000000e+01    4.3287450593e+03
    6.6060000000e+01    4.7175193852e+03
    6.6065000000e+01    4.2592087566e+03
    6.6070000000e+01    4.6434190465e+03
    6.6075000000e+01    3.9404380547e+03
    6.6080000000e+01    4.2269152306e+03
    6.6085000000e+01    4.6200495354e+03
    6.6090000000e+01    3.7212556660e+03
    6.6095000000e+01    4.5741036770e+03
    6.6100000000e+01    4.4158005238e+03
    6.6105000000e+01    4.5660288474e+03
    6.6110000000e+01    3.7631820642e+03
    6.6115000000e+01    4.0644418198e+03
    6.6120000000e+01    4.2054580334e+03
    6.6125000000e+01    3.8034316726e+03
    6.6130000000e+01    4.3083200762e+03
    6.6135000000e+01    3.8180587085e+03
    6.6140000000e+01    4.1187851048e+03
    6.6145000000e+01    3.8605837586e+03
    6.6150000000e+01    3.8338755089e+03
    6.6155000000e+01    3.8938902054e+03
    6.6160000000e+01    3.4528815928e+03
    6.6165000000e+01    3.4412813951e+03
    6.6170000000e+01    3.9627146207e+03
    6.6175000000e+01    3.6204404415e+03
    6.6180000000e+01    3.3916891354e+03
    6.6185000000e+01    3.2016144058e+03
    6.6190000000e+01    2.8653114096e+03
    6.6195000000e+01    2.9864291977e+03
    6.6200000000e+01    3.1443502395e+03
    6.6205000000e+01    3.0614478013e+03
    6.6210000000e+01    3.1791306681e+03
    6.6215000000e+01    2.9645220152e+03
    6.6220000000e+01    2.7123347445e+03
    6.6225000000e+01    2.7948473217e+03
    6.6230000000e+01    2.7176155654e+03
    6.6235000000e+01    2.6376762573e+03
    6.6240000000e+01    2.5905475536e+03
    6.6245000000e+01    2.4381748002e+03
    6.6250000000e+01    2.6401799552e+03
    6.6255000000e+01    2.6526461999e+03
    6.6260000000e+01    2.6105676078e+03
    6.6265000000e+01    2.6115308716e+03
    6.6270000000e+01    2.6569332601e+03
    6.6275000000e+01    2.4461642149e+03
    6.6280000000e+01    2.2170517759e+03
    6.6285000000e+01    2.2582432900e+03
    6.6290000000e+01    2.5157465754e+03
    6.6295000000e+01    2.0834099318e+03
    6.6300000000e+01    2.5896619415e+03
    6.6305000000e+01    2.2725833335e+03
    6.6310000000e+01    2.1600829406e+03
    6.6315000000e+01    2.1013026451e+03
    6.6320000000e+01    2.2608102107e+03
    6.6325000000e+01    1.6834426922e+03
    6.6330000000e+01    1.8202688089e+03
    6.6335000000e+01    1.9230444450e+03
    6.6340000000e+01    2.0478930764e+03
    6.6345000000e+01    2.0843126158e+03
    6.6350000000e+01    1.7390179797e+03
    6.6355000000e+01    1.8556041598e+03
    6.6360000000e+01    1.6031873923e+03
    6.6365000000e+01    1.9156594311e+03
    6.6370000000e+01    1.7071975330e+03
    6.6375000000e+01    1.6036796027e+03
    6.6380000000e+01    1.5877403813e+03
    6.6385000000e+01    1.7229644922e+03
    6.6390000000e+01    1.6241621540e+03
    6.6395000000e+01    1.5939889091e+03
    6.6400000000e+01    1.6384243543e+03
    6.6405000000e+01    1.7110193074e+03
    6.6410000000e+01    1.6494838586e+03
    6.6415000000e+01    1.5896245401e+03
    6.6420000000e+01    1.4792285628e+03
    6.6425000000e+01    1.5470782438e+03
    6.6430000000e+01    1.3819468629e+03
    6.6435000000e+01    1.3888653918e+03
    6.6440000000e+01    1.4319028015e+03
    6.6445000000e+01    1.5432882351e+03
    6.6450000000e+01    1.5060253651e+03
    6.6455000000e+01    1.4928675308e+03
    6.6460000000e+01    1.5090417783e+03
    6.6465000000e+01    1.3964098755e+03
    6.6470000000e+01    1.4065135271e+03
    6.6475000000e+01    1.4721309241e+03
    6.6480000000e+01    1.4657545545e+03
    6.6485000000e+01    1.4770668311e+03
    6.6490000000e+01    1.3309982049e+03
    6.6495000000e+01    1.3415290797e+03
    6.6500000000e+01    1.5245929627e+03
    6.6505000000e+01    1.3372815746e+03
    6.6510000000e+01    1.2561360461e+03
    6.6515000000e+01    1.2319097899e+03
    6.6520000000e+01    1.3300276985e+03
    6.6525000000e+01    1.1891823130e+03
    6.6530000000e+01    1.2610978441e+03
    6.6535000000e+01    1.1304012895e+03
    6.6540000000e+01    1.2209212621e+03
    6.6545000000e+01    1.0498922935e+03
    6.6550000000e+01    1.2484342907e+03
    6.6555000000e+01    1.1816990488e+03
    6.6560000000e+01    1.2207104329e+03
    6.6565000000e+01    1.1162512568e+03
    6.6570000000e+01    1.1242214386e+03
    6.6575000000e+01    1.2021571521e+03
    6.6580000000e+01    1.0321605700e+03
    6.6585000000e+01    1.2527497326e+03
    6.6590000000e+01    1.1781004013e+03
    6.6595000000e+01    1.1684462091e+03
    6.6600000000e+01    1.2534952675e+03
    6.6605000000e+01    1.1438685495e+03
    6.6610000000e+01    1.0245633058e+03
    6.6615000000e+01    9.8952464563e+02
    6.6620000000e+01    1.0025208605e+03
    6.6625000000e+01    1.1219789273e+03
    6.6630000000e+01    1.1274427601e+03
    6.6635000000e+01    1.2636264481e+03
    6.6640000000e+01    1.2218794019e+03
    6.6645000000e+01    1.0715715630e+03
    6.6650000000e+01    1.0325243369e+03
    6.6655000000e+01    1.1534742655e+03
    6.6660000000e+01    1.2762186212e+03
    6.6665000000e+01    1.1045538824e+03
    6.6670000000e+01    1.0294268230e+03
    6.6675000000e+01    1.0922149566e+03
    6.6680000000e+01    1.1090209610e+03
    6.6685000000e+01    1.0762645518e+03
    6.6690000000e+01    1.0818359072e+03
    6.6695000000e+01    1.0362436857e+03
    6.6700000000e+01    1.1003780331e+03
    6.6705000000e+01    9.5009915641e+02
    6.6710000000e+01    1.1181822748e+03
    6.6715000000e+01    9.8637711178e+02
    6.6720000000e+01    1.0294427476e+03
    6.6725000000e+01    1.0108423052e+03
    6.6730000000e+01    1.0038112200e+03
    6.6735000000e+01    1.1349011176e+03
    6.6740000000e+01    1.0417199195e+03
    6.6745000000e+01    9.7849256653e+02
    6.6750000000e+01    1.0350174373e+03
    6.6755000000e+01    1.0081021439e+03
    6.6760000000e+01    9.2177534094e+02
    6.6765000000e+01    9.2462257078e+02
    6.6770000000e+01    9.7450397461e+02
    6.6775000000e+01    1.0666246937e+03
    6.6780000000e+01    9.3882942685e+02
    6.6785000000e+01    1.0687682860e+03
    6.6790000000e+01    1.0004866151e+03
    6.6795000000e+01    9.9762745494e+02
    6.6800000000e+01    1.0317974109e+03
    6.6805000000e+01    8.9297765230e+02
    6.6810000000e+01    9.6282394005e+02
    6.6815000000e+01    1.0029361713e+03
    6.6820000000e+01    9.2741610603e+02
    6.6825000000e+01    9.8552089883e+02
    6.6830000000e+01    9.2877008281e+02
    6.6835000000e+01    1.0919138536e+03
    6.6840000000e+01    9.5048623951e+02
    6.6845000000e+01    8.8364715213e+02
    6.6850000000e+01    8.9571434426e+02
    6.6855000000e+01    1.1056876119e+03
    6.6860000000e+01    8.8164943983e+02
    6.6865000000e+01    9.9967627963e+02
    6.6870000000e+01    1.0461700726e+03
    6.6875000000e+01    9.3258177531e+02
    6.6880000000e+01    9.8082002922e+02
    6.6885000000e+01    9.5046623805e+02
    6.6890000000e+01    1.0197771915e+03
    6.6895000000e+01    8.3636387017e+02
    6.6900000000e+01    8.1146200487e+02
    6.6905000000e+01    9.0870014829e+02
    6.6910000000e+01    9.8143517613e+02
    6.6915000000e+01    8.9655383471e+02
    6.6920000000e+01    9.8324150762e+02
    6.6925000000e+01    9.5169341277e+02
    6.6930000000e+01    9.6380351181e+02
    6.6935000000e+01    9.1762930188e+02
    6.6940000000e+01    1.0614761236e+03
    6.6945000000e+01    8.0993135574e+02
    6.6950000000e+01    9.3993332416e+02
    6.6955000000e+01    9.8014543277e+02
    6.6960000000e+01    9.6632531841e+02
    6.6965000000e+01    1.0100627781e+03
    6.6970000000e+01    9.7974117970e+02
    6.6975000000e+01    9.5976284922e+02
    6.6980000000e+01    9.1797638323e+02
    6.6985000000e+01    9.9089516852e+02
    6.6990000000e+01    1.0326730227e+03
    6.6995000000e+01    9.1495379052e+02
    6.7000000000e+01    1.0279976983e+03
    6.7005000000e+01    1.0244372839e+03
    6.7010000000e+01    9.7420467196e+02
    6.7015000000e+01    9.6876945171e+02
    6.7020000000e+01    1.0303383751e+03
    6.7025000000e+01    1.0182560341e+03
    6.7030000000e+01    9.6187578906e+02
    6.7035000000e+01    1.0482829429e+03
    6.7040000000e+01    1.1710200330e+03
    6.7045000000e+01    1.0435936816e+03
    6.7050000000e+01    1.0471582545e+03
    6.7055000000e+01    1.0905398762e+03
    6.7060000000e+01    1.0832511352e+03
    6.7065000000e+01    1.1363252260e+03
    6.7070000000e+01    1.1619663148e+03
    6.7075000000e+01    1.1410832205e+03
    6.7080000000e+01    1.1497198644e+03
    6.7085000000e+01    1.1249164494e+03
    6.7090000000e+01    1.2111547252e+03
    6.7095000000e+01    1.3996883040e+03
    6.7100000000e+01    1.3154907146e+03
    6.7105000000e+01    1.1465931034e+03
    6.7110000000e+01    1.4681449003e+03
    6.7115000000e+01    1.3630798725e+03
    6.7120000000e+01    1.7250361839e+03
    6.7125000000e+01    1.5041861518e+03
    6.7130000000e+01    1.4569101844e+03
    6.7135000000e+01    1.5572539946e+03
    6.7140000000e+01    1.6417326970e+03
    6.7145000000e+01    1.9006591513e+03
    6.7150000000e+01    1.7177922966e+03
    6.7155000000e+01    1.7119400374e+03
    6.7160000000e+01    1.9275238183e+03
    6.7165000000e+01    1.8270421300e+03
    6.7170000000e+01    2.1129190406e+03
    6.7175000000e+01    1.9465895466e+03
    6.7180000000e+01    1.9793143827e+03
    6.7185000000e+01    2.3767019131e+03
    6.7190000000e+01    2.3062143132e+03
    6.7195000000e+01    2.4622556266e+03
    6.7200000000e+01    2.3769170922e+03
    6.7205000000e+01    2.3898421665e+03
    6.7210000000e+01    2.3390086654e+03
    6.7215000000e+01    2.5991371383e+03
    6.7220000000e+01    2.4735696624e+03
    6.7225000000e+01    2.6444821380e+03
    6.7230000000e+01    2.9179503518e+03
    6.7235000000e+01    2.8465518808e+03
    6.7240000000e+01    2.6815586351e+03
    6.7245000000e+01    3.0055615872e+03
    6.7250000000e+01    2.6200718254e+03
    6.7255000000e+01    3.0560352614e+03
    6.7260000000e+01    2.6184354019e+03
    6.7265000000e+01    2.6651137377e+03
    6.7270000000e+01    2.6784534310e+03
    6.7275000000e+01    2.5510347102e+03
    6.7280000000e+01    2.7898132703e+03
    6.7285000000e+01    2.5466204627e+03
    6.7290000000e+01    2.8074067285e+03
    6.7295000000e+01    3.0847722295e+03
    6.7300000000e+01    2.9178819965e+03
    6.7305000000e+01    2.9758928279e+03
    6.7310000000e+01    2.9043266471e+03
    6.7315000000e+01    2.7984136067e+03
    6.7320000000e+01    3.1598060716e+03
    6.7325000000e+01    3.0365363952e+03
    6.7330000000e+01    2.9838410374e+03
    6.7335000000e+01    2.8250739792e+03
    6.7340000000e+01    2.9251863520e+03
    6.7345000000e+01    2.9458206943e+03
    6.7350000000e+01    2.9631551271e+03
    6.7355000000e+01    3.0138041203e+03
    6.7360000000e+01    2.9181817200e+03
    6.7365000000e+01    2.8151261577e+03
    6.7370000000e+01    3.0242514543e+03
    6.7375000000e+01    2.9064944886e+03
    6.7380000000e+01    3.0377919999e+03
    6.7385000000e+01    3.0982763468e+03
    6.7390000000e+01    2.8697510188e+03
    6.7395000000e+01    2.9773222565e+03
    6.7400000000e+01    2.8478244894e+03
    6.7405000000e+01    2.9750895327e+03
    6.7410000000e+01    2.7070889307e+03
    6.7415000000e+01    3.0440161156e+03
    6.7420000000e+01    2.9095369565e+03
    6.7425000000e+01    2.6890738596e+03
    6.7430000000e+01    2.6810325110e+03
    6.7435000000e+01    2.9026197145e+03
    6.7440000000e+01    2.9476583998e+03
    6.7445000000e+01    2.8614559414e+03
    6.7450000000e+01    2.7963275652e+03
    6.7455000000e+01    2.7435602526e+03
    6.7460000000e+01    2.4417041372e+03
    6.7465000000e+01    2.8037273396e+03
    6.7470000000e+01    2.8654116720e+03
    6.7475000000e+01    2.7768376791e+03
    6.7480000000e+01    2.8968730556e+03
    6.7485000000e+01    3.0363583228e+03
    6.7490000000e+01    2.6576185432e+03
    6.7495000000e+01    2.8328733471e+03
    6.7500000000e+01    2.7990133978e+03
    6.7505000000e+01    2.9144405164e+03
    6.7510000000e+01    2.5912889779e+03
    6.7515000000e+01    2.6245433094e+03
    6.7520000000e+01    2.6397819680e+03
    6.7525000000e+01    2.3780327798e+03
    6.7530000000e+01    2.6251582365e+03
    6.7535000000e+01    2.6111919458e+03
    6.7540000000e+01    2.5869888723e+03
    6.7545000000e+01    2.6347765908e+03
    6.7550000000e+01    2.6708559325e+03
    6.7555000000e+01    2.6757628733e+03
    6.7560000000e+01    2.6854514171e+03
    6.7565000000e+01    2.8802196923e+03
    6.7570000000e+01    2.8572293077e+03
    6.7575000000e+01    2.6244399530e+03
    6.7580000000e+01    2.3814678075e+03
    6.7585000000e+01    2.7839246754e+03
    6.7590000000e+01    2.8253188621e+03
    6.7595000000e+01    2.6265548610e+03
    6.7600000000e+01    2.8248094870e+03
    6.7605000000e+01    2.8281555995e+03
    6.7610000000e+01    2.8091413784e+03
    6.7615000000e+01    2.8570668555e+03
    6.7620000000e+01    2.7422637327e+03
    6.7625000000e+01    2.7495571879e+03
    6.7630000000e+01    2.8498033105e+03
    6.7635000000e+01    2.6416602863e+03
    6.7640000000e+01    3.0570213182e+03
    6.7645000000e+01    2.8793409606e+03
    6.7650000000e+01    2.7834767625e+03
    6.7655000000e+01    2.4997410822e+03
    6.7660000000e+01    2.8574703895e+03
    6.7665000000e+01    3.3557187418e+03
    6.7670000000e+01    2.9646147688e+03
    6.7675000000e+01    3.2697183158e+03
    6.7680000000e+01    2.8272093700e+03
    6.7685000000e+01    2.8539095566e+03
    6.7690000000e+01    2.8573161413e+03
    6.7695000000e+01    3.2017495054e+03
    6.7700000000e+01    2.9861858798e+03
    6.7705000000e+01    2.9936103714e+03
    6.7710000000e+01    3.1427312792e+03
    6.7715000000e+01    3.0683124355e+03
    6.7720000000e+01    2.7840199839e+03
    6.7725000000e+01    2.9154732433e+03
    6.7730000000e+01    2.9076249757e+03
    6.7735000000e+01    3.2716032953e+03
    6.7740000000e+01    2.6482515791e+03
    6.7745000000e+01    3.1752618561e+03
    6.7750000000e+01    2.9921454755e+03
    6.7755000000e+01    3.4424057618e+03
    6.7760000000e+01    3.0008204826e+03
    6.7765000000e+01    3.4689143800e+03
    6.7770000000e+01    3.7375012815e+03
    6.7775000000e+01    3.4662510754e+03
    6.7780000000e+01    3.6388718562e+03
    6.7785000000e+01    3.3512745990e+03
    6.7790000000e+01    3.4809372392e+03
    6.7795000000e+01    4.2641228609e+03
    6.7800000000e+01    3.5706309800e+03
    6.7805000000e+01    3.6989191854e+03
    6.7810000000e+01    3.6270453688e+03
    6.7815000000e+01    3.4765277053e+03
    6.7820000000e+01    3.7412523693e+03
    6.7825000000e+01    4.0700383367e+03
    6.7830000000e+01    4.2002533614e+03
    6.7835000000e+01    3.3869731875e+03
    6.7840000000e+01    3.5755625038e+03
    6.7845000000e+01    3.8787124766e+03
    6.7850000000e+01    3.8740614137e+03
    6.7855000000e+01    4.6524306313e+03
    6.7860000000e+01    4.3383455458e+03
    6.7865000000e+01    4.0167258250e+03
    6.7870000000e+01    4.3581319054e+03
    6.7875000000e+01    4.3891137518e+03
    6.7880000000e+01    4.4454588866e+03
    6.7885000000e+01    4.1554969103e+03
    6.7890000000e+01    3.9509661463e+03
    6.7895000000e+01    4.1466846977e+03
    6.7900000000e+01    4.3543921438e+03
    6.7905000000e+01    4.4943466834e+03
    6.7910000000e+01    4.6550866840e+03
    6.7915000000e+01    4.7696987180e+03
    6.7920000000e+01    4.9862855845e+03
    6.7925000000e+01    4.8066144459e+03
    6.7930000000e+01    5.4191423984e+03
    6.7935000000e+01    5.3249693781e+03
    6.7940000000e+01    5.2381425114e+03
    6.7945000000e+01    5.0687241384e+03
    6.7950000000e+01    5.8355931386e+03
    6.7955000000e+01    6.6276919249e+03
    6.7960000000e+01    5.0146965253e+03
    6.7965000000e+01    6.1245685734e+03
    6.7970000000e+01    6.8392709511e+03
    6.7975000000e+01    6.1818253009e+03
    6.7980000000e+01    5.4875514772e+03
    6.7985000000e+01    5.7437039189e+03
    6.7990000000e+01    6.1651885587e+03
    6.7995000000e+01    6.8406385935e+03
    6.8000000000e+01    6.0792497097e+03
    6.8005000000e+01    7.2640800286e+03
    6.8010000000e+01    9.2020920060e+03
    6.8015000000e+01    6.5244608373e+03
    6.8020000000e+01    7.9593039323e+03
    6.8025000000e+01    7.0963322123e+03
    6.8030000000e+01    7.8621463229e+03
    6.8035000000e+01    8.9444906892e+03
    6.8040000000e+01    9.6060954261e+03
    6.8045000000e+01    9.5363935286e+03
    6.8050000000e+01    9.2499241878e+03
    6.8055000000e+01    9.7941248509e+03
    6.8060000000e+01    9.5522331239e+03
    6.8065000000e+01    8.7887098693e+03
    6.8070000000e+01    9.8497445614e+03
    6.8075000000e+01    9.7637633886e+03
    6.8080000000e+01    1.0837536849e+04
    6.8085000000e+01    1.0905942320e+04
    6.8090000000e+01    1.0877429079e+04
    6.8095000000e+01    1.1843058482e+04
    6.8100000000e+01    1.1550611390e+04
    6.8105000000e+01    1.3816845704e+04
    6.8110000000e+01    1.1958500432e+04
    6.8115000000e+01    1.2703838462e+04
    6.8120000000e+01    1.2904938663e+04
    6.8125000000e+01    1.3816291805e+04
    6.8130000000e+01    1.5853439820e+04
    6.8135000000e+01    1.5244720497e+04
    6.8140000000e+01    1.3880094324e+04
    6.8145000000e+01    1.8218739711e+04
    6.8150000000e+01    1.8588212956e+04
    6.8155000000e+01    1.7505269515e+04
    6.8160000000e+01    1.8314842497e+04
    6.8165000000e+01    1.8075264214e+04
    6.8170000000e+01    2.0085844586e+04
    6.8175000000e+01    2.0505540219e+04
    6.8180000000e+01    2.1844570089e+04
    6.8185000000e+01    2.3166207801e+04
    6.8190000000e+01    2.1084383005e+04
    6.8195000000e+01    2.9641428396e+04
    6.8200000000e+01    2.8648269051e+04
    6.8205000000e+01    3.5047907740e+04
    6.8210000000e+01    3.2466913921e+04
    6.8215000000e+01    3.6029440735e+04
    6.8220000000e+01    3.3918126624e+04
    6.8225000000e+01    4.1419345681e+04
    6.8230000000e+01    3.6537359019e+04
    6.8235000000e+01    4.0809834029e+04
    6.8240000000e+01    5.0299857968e+04
    6.8245000000e+01    3.9154992245e+04
    6.8250000000e+01    5.3786660555e+04
    6.8255000000e+01    5.1930634416e+04
    6.8260000000e+01    5.8837421206e+04
    6.8265000000e+01    5.6236395455e+04
    6.8270000000e+01    6.6364758730e+04
    6.8275000000e+01    6.5352494651e+04
    6.8280000000e+01    6.0665370437e+04
    6.8285000000e+01    7.8913983407e+04
    6.8290000000e+01    7.7869275024e+04
    6.8295000000e+01    8.4607188265e+04
    6.8300000000e+01    8.6901545026e+04
    6.8305000000e+01    8.8322093406e+04
    6.8310000000e+01    8.1285504186e+04
    6.8315000000e+01    9.4092091287e+04
    6.8320000000e+01    9.3700683918e+04
    6.8325000000e+01    9.6950097737e+04
    6.8330000000e+01    1.0062039497e+05
    6.8335000000e+01    1.0673392802e+05
    6.8340000000e+01    9.9373812206e+04
    6.8345000000e+01    1.0891686066e+05
    6.8350000000e+01    1.0910722370e+05
    6.8355000000e+01    1.0830851497e+05
    6.8360000000e+01    1.1120492249e+05
    6.8365000000e+01    1.1857119904e+05
    6.8370000000e+01    1.1270278574e+05
    6.8375000000e+01    1.1614226895e+05
    6.8380000000e+01    1.1099358811e+05
    6.8385000000e+01    1.1837378935e+05
    6.8390000000e+01    1.1933184198e+05
    6.8395000000e+01    1.2773260894e+05
    6.8400000000e+01    1.1363429655e+05
    6.8405000000e+01    1.1398571613e+05
    6.8410000000e+01    1.2327207773e+05
    6.8415000000e+01    1.1324978019e+05
    6.8420000000e+01    1.1799365363e+05
    6.8425000000e+01    1.0415419683e+05
    6.8430000000e+01    1.1207273491e+05
    6.8435000000e+01    1.0892385428e+05
    6.8440000000e+01    1.1120459702e+05
    6.8445000000e+01    1.1297613581e+05
    6.8450000000e+01    1.0770208511e+05
    6.8455000000e+01    1.0400299108e+05
    6.8460000000e+01    1.1333901969e+05
    6.8465000000e+01    9.7039750532e+04
    6.8470000000e+01    1.1024812261e+05
    6.8475000000e+01    1.0268667406e+05
    6.8480000000e+01    9.6402848463e+04
    6.8485000000e+01    9.1583200655e+04
    6.8490000000e+01    8.9649810631e+04
    6.8495000000e+01    9.0194562833e+04
    6.8500000000e+01    8.3817846150e+04
    6.8505000000e+01    9.0404402771e+04
    6.8510000000e+01    7.7258230584e+04
    6.8515000000e+01    8.2065494709e+04
    6.8520000000e+01    8.0847828761e+04
    6.8525000000e+01    7.2313140391e+04
    6.8530000000e+01    7.3754403753e+04
    6.8535000000e+01    7.0170069213e+04
    6.8540000000e+01    7.0741718373e+04
    6.8545000000e+01    6.9745194414e+04
    6.8550000000e+01    6.3361476921e+04
    6.8555000000e+01    5.9771514490e+04
    6.8560000000e+01    5.9553780799e+04
    6.8565000000e+01    5.9898760703e+04
    6.8570000000e+01    5.6618284302e+04
    6.8575000000e+01    5.9125014931e+04
    6.8580000000e+01    5.6626449034e+04
    6.8585000000e+01    5.3411128294e+04
    6.8590000000e+01    5.0596269398e+04
    6.8595000000e+01    4.4369671346e+04
    6.8600000000e+01    4.6460675555e+04
    6.8605000000e+01    4.4716885998e+04
    6.8610000000e+01    4.6162277732e+04
    6.8615000000e+01    4.0958586321e+04
    6.8620000000e+01    4.1314342786e+04
    6.8625000000e+01    4.3710458588e+04
    6.8630000000e+01    4.2886805002e+04
    6.8635000000e+01    3.2491137752e+04
    6.8640000000e+01    3.5627192102e+04
    6.8645000000e+01    3.9834137089e+04
    6.8650000000e+01    3.3840631578e+04
    6.8655000000e+01    3.1551144795e+04
    6.8660000000e+01    3.3958140977e+04
    6.8665000000e+01    3.0123785528e+04
    6.8670000000e+01    2.9235269017e+04
    6.8675000000e+01    3.2610726546e+04
    6.8680000000e+01    2.8189730829e+04
    6.8685000000e+01    2.6663817633e+04
    6.8690000000e+01    2.4361511043e+04
    6.8695000000e+01    2.6528229756e+04
    6.8700000000e+01    2.3998606026e+04
    6.8705000000e+01    2.5572280386e+04
    6.8710000000e+01    2.3358608879e+04
    6.8715000000e+01    2.3297302939e+04
    6.8720000000e+01    2.5079852711e+04
    6.8725000000e+01    2.3924890250e+04
    6.8730000000e+01    2.0720168272e+04
    6.8735000000e+01    2.2550177362e+04
    6.8740000000e+01    2.1538204692e+04
    6.8745000000e+01    2.3300818675e+04
    6.8750000000e+01    2.1595711369e+04
    6.8755000000e+01    2.3894738043e+04
    6.8760000000e+01    2.3393294902e+04
    6.8765000000e+01    2.0319868290e+04
    6.8770000000e+01    2.1965336266e+04
    6.8775000000e+01    2.3777214721e+04
    6.8780000000e+01    2.0193704569e+04
    6.8785000000e+01    2.0409719696e+04
    6.8790000000e+01    2.2046211023e+04
    6.8795000000e+01    2.0122577913e+04
    6.8800000000e+01    2.0339413863e+04
    6.8805000000e+01    2.3564257613e+04
    6.8810000000e+01    2.2388277554e+04
    6.8815000000e+01    2.3570301905e+04
    6.8820000000e+01    2.2186244162e+04
    6.8825000000e+01    2.0100293245e+04
    6.8830000000e+01    1.9508856094e+04
    6.8835000000e+01    2.2252837109e+04
    6.8840000000e+01    1.9196027028e+04
    6.8845000000e+01    2.1414413642e+04
    6.8850000000e+01    1.8286361935e+04
    6.8855000000e+01    1.7528305952e+04
    6.8860000000e+01    1.9816603697e+04
    6.8865000000e+01    1.9056730281e+04
    6.8870000000e+01    1.9845320898e+04
    6.8875000000e+01    1.7936516008e+04
    6.8880000000e+01    1.7265202732e+04
    6.8885000000e+01    1.6628590096e+04
    6.8890000000e+01    1.6627629963e+04
    6.8895000000e+01    1.9168810003e+04
    6.8900000000e+01    1.8113128285e+04
    6.8905000000e+01    1.7245240063e+04
    6.8910000000e+01    1.8854554665e+04
    6.8915000000e+01    1.7815091987e+04
    6.8920000000e+01    1.9953100342e+04
    6.8925000000e+01    1.8306975377e+04
    6.8930000000e+01    1.8399130155e+04
    6.8935000000e+01    1.9335911740e+04
    6.8940000000e+01    1.8747979836e+04
    6.8945000000e+01    1.8456169832e+04
    6.8950000000e+01    1.7374728980e+04
    6.8955000000e+01    2.1335438780e+04
    6.8960000000e+01    1.8889270035e+04
    6.8965000000e+01    1.9467436719e+04
    6.8970000000e+01    2.2158240661e+04
    6.8975000000e+01    1.8245498830e+04
    6.8980000000e+01    1.9598757141e+04
    6.8985000000e+01    1.8834405712e+04
    6.8990000000e+01    2.2039411982e+04
    6.8995000000e+01    2.3982789525e+04
    6.9000000000e+01    2.1129816837e+04
    6.9005000000e+01    2.1532623072e+04
    6.9010000000e+01    2.2040585131e+04
    6.9015000000e+01    2.3596767513e+04
    6.9020000000e+01    2.2587384792e+04
    6.9025000000e+01    2.0543110663e+04
    6.9030000000e+01    2.1870385744e+04
    6.9035000000e+01    2.0661268096e+04
    6.9040000000e+01    2.0663893729e+04
    6.9045000000e+01    2.0684212006e+04
    6.9050000000e+01    2.0953238392e+04
    6.9055000000e+01    2.3092520726e+04
    6.9060000000e+01    2.2094635083e+04
    6.9065000000e+01    2.0303382933e+04
    6.9070000000e+01    2.3434010554e+04
    6.9075000000e+01    2.3685837346e+04
    6.9080000000e+01    2.3093922727e+04
    6.9085000000e+01    2.0439860564e+04
    6.9090000000e+01    1.9962451722e+04
    6.9095000000e+01    2.3579810758e+04
    6.9100000000e+01    2.3759338939e+04
    6.9105000000e+01    2.2697727216e+04
    6.9110000000e+01    2.4092083248e+04
    6.9115000000e+01    2.5124415133e+04
    6.9120000000e+01    2.2073624998e+04
    6.9125000000e+01    2.5710420523e+04
    6.9130000000e+01    2.7583152405e+04
    6.9135000000e+01    2.3259111104e+04
    6.9140000000e+01    2.7107236853e+04
    6.9145000000e+01    2.5996336980e+04
    6.9150000000e+01    2.6477304601e+04
    6.9155000000e+01    2.9341855375e+04
    6.9160000000e+01    3.0106965756e+04
    6.9165000000e+01    3.0801007776e+04
    6.9170000000e+01    3.1514510739e+04
    6.9175000000e+01    3.5770614724e+04
    6.9180000000e+01    3.2222870421e+04
    6.9185000000e+01    3.2054281602e+04
    6.9190000000e+01    3.6810830074e+04
    6.9195000000e+01    3.8757918606e+04
    6.9200000000e+01    3.9083475673e+04
    6.9205000000e+01    4.0947793358e+04
    6.9210000000e+01    3.9984220373e+04
    6.9215000000e+01    3.9800608278e+04
    6.9220000000e+01    4.2805002909e+04
    6.9225000000e+01    4.2178562538e+04
    6.9230000000e+01    4.2031116614e+04
    6.9235000000e+01    4.2706381159e+04
    6.9240000000e+01    4.3808675882e+04
    6.9245000000e+01    4.4154372883e+04
    6.9250000000e+01    4.3974782999e+04
    6.9255000000e+01    4.4777810009e+04
    6.9260000000e+01    4.7246678787e+04
    6.9265000000e+01    5.0610493006e+04
    6.9270000000e+01    4.5026004292e+04
    6.9275000000e+01    4.5813605101e+04
    6.9280000000e+01    4.3769075973e+04
    6.9285000000e+01    5.2487937464e+04
    6.9290000000e+01    5.8057467475e+04
    6.9295000000e+01    4.7939627849e+04
    6.9300000000e+01    4.9646633934e+04
    6.9305000000e+01    4.9891997871e+04
    6.9310000000e+01    5.1527079055e+04
    6.9315000000e+01    5.8816811293e+04
    6.9320000000e+01    6.9141118737e+04
    6.9325000000e+01    5.2312208235e+04
    6.9330000000e+01    5.6779676785e+04
    6.9335000000e+01    6.9595023648e+04
    6.9340000000e+01    6.7233393463e+04
    6.9345000000e+01    7.1146774730e+04
    6.9350000000e+01    7.1499448251e+04
    6.9355000000e+01    8.7613640159e+04
    6.9360000000e+01    9.7204943191e+04
    6.9365000000e+01    1.1718854227e+05
    6.9370000000e+01    1.1709416904e+05
    6.9375000000e+01    1.0398068737e+05
    6.9380000000e+01    1.3841147057e+05
    6.9385000000e+01    1.3066322184e+05
    6.9390000000e+01    1.7036648420e+05
    6.9395000000e+01    1.8143559409e+05
    6.9400000000e+01    1.8695823295e+05
    6.9405000000e+01    1.8900758162e+05
    6.9410000000e+01    1.8345580740e+05
    6.9415000000e+01    2.1667230285e+05
    6.9420000000e+01    1.9800924602e+05
    6.9425000000e+01    2.7193529338e+05
    6.9430000000e+01    2.4707955989e+05
    6.9435000000e+01    2.4083471097e+05
    6.9440000000e+01    3.1087933607e+05
    6.9445000000e+01    3.2108510940e+05
    6.9450000000e+01    3.3513078903e+05
    6.9455000000e+01    3.4226112657e+05
    6.9460000000e+01    3.3135987809e+05
    6.9465000000e+01    3.8543903479e+05
    6.9470000000e+01    4.1648941658e+05
    6.9475000000e+01    3.7564483840e+05
    6.9480000000e+01    4.3018109065e+05
    6.9485000000e+01    4.1929797657e+05
    6.9490000000e+01    4.4630553429e+05
    6.9495000000e+01    4.6472845706e+05
    6.9500000000e+01    4.9014644882e+05
    6.9505000000e+01    4.9279106812e+05
    6.9510000000e+01    5.1159572171e+05
    6.9515000000e+01    4.9583987056e+05
    6.9520000000e+01    5.3295998023e+05
    6.9525000000e+01    5.0333472665e+05
    6.9530000000e+01    5.6678196448e+05
    6.9535000000e+01    5.4819549993e+05
    6.9540000000e+01    5.3787771013e+05
    6.9545000000e+01    5.7185084000e+05
    6.9550000000e+01    5.6204270097e+05
    6.9555000000e+01    5.6119487724e+05
    6.9560000000e+01    5.3668737142e+05
    6.9565000000e+01    5.3442600998e+05
    6.9570000000e+01    5.5983148295e+05
    6.9575000000e+01    5.4536871233e+05
    6.9580000000e+01    5.5437469975e+05
    6.9585000000e+01    5.2206058299e+05
    6.9590000000e+01    5.4230181263e+05
    6.9595000000e+01    5.4407866614e+05
    6.9600000000e+01    5.1688835183e+05
    6.9605000000e+01    5.4036780825e+05
    6.9610000000e+01    5.3390873149e+05
    6.9615000000e+01    5.0023639049e+05
    6.9620000000e+01    5.0648720270e+05
    6.9625000000e+01    4.8831463716e+05
    6.9630000000e+01    4.6777705810e+05
    6.9635000000e+01    4.4519963689e+05
    6.9640000000e+01    4.7035280537e+05
    6.9645000000e+01    4.3559956119e+05
    6.9650000000e+01    3.8874949878e+05
    6.9655000000e+01    4.2396038463e+05
    6.9660000000e+01    3.8388182851e+05
    6.9665000000e+01    3.9164889703e+05
    6.9670000000e+01    3.9298522335e+05
    6.9675000000e+01    3.7188058706e+05
    6.9680000000e+01    3.4495408710e+05
    6.9685000000e+01    3.2705530287e+05
    6.9690000000e+01    3.2967337131e+05
    6.9695000000e+01    2.9812911700e+05
    6.9700000000e+01    2.9724792208e+05
    6.9705000000e+01    2.7071836121e+05
    6.9710000000e+01    2.6866048613e+05
    6.9715000000e+01    2.5514943277e+05
    6.9720000000e+01    2.5962225460e+05
    6.9725000000e+01    2.5016521087e+05
    6.9730000000e+01    2.4554225896e+05
    6.9735000000e+01    2.2098115401e+05
    6.9740000000e+01    1.9292482614e+05
    6.9745000000e+01    2.0014405070e+05
    6.9750000000e+01    2.0029094978e+05
    6.9755000000e+01    1.8566263138e+05
    6.9760000000e+01    1.7618446338e+05
    6.9765000000e+01    1.4011305444e+05
    6.9770000000e+01    1.6628646102e+05
    6.9775000000e+01    1.2966079790e+05
    6.9780000000e+01    1.5124545830e+05
    6.9785000000e+01    1.3195936145e+05
    6.9790000000e+01    1.1646500189e+05
    6.9795000000e+01    1.1218976719e+05
    6.9800000000e+01    1.0847715809e+05
    6.9805000000e+01    1.0370391309e+05
    6.9810000000e+01    9.4261784302e+04
    6.9815000000e+01    1.0454800315e+05
    6.9820000000e+01    1.0006546369e+05
    6.9825000000e+01    8.5569215192e+04
    6.9830000000e+01    7.2363148623e+04
    6.9835000000e+01    8.2786214341e+04
    6.9840000000e+01    7.8299254230e+04
    6.9845000000e+01    7.3689387493e+04
    6.9850000000e+01    6.6328072848e+04
    6.9855000000e+01    5.9265049636e+04
    6.9860000000e+01    6.2835489220e+04
    6.9865000000e+01    5.3624380695e+04
    6.9870000000e+01    5.9077540615e+04
    6.9875000000e+01    4.7830261619e+04
    6.9880000000e+01    5.3335195263e+04
    6.9885000000e+01    4.7086750833e+04
    6.9890000000e+01    4.3954218273e+04
    6.9895000000e+01    4.5695639061e+04
    6.9900000000e+01    4.3841639813e+04
    6.9905000000e+01    4.5844271929e+04
    6.9910000000e+01    4.1747693554e+04
    6.9915000000e+01    4.3996529050e+04
    6.9920000000e+01    5.0625718133e+04
    6.9925000000e+01    4.5330430355e+04
    6.9930000000e+01    3.9668228066e+04
    6.9935000000e+01    3.9513301458e+04
    6.9940000000e+01    4.0763423616e+04
    6.9945000000e+01    4.0259086432e+04
    6.9950000000e+01    4.3420444006e+04
    6.9955000000e+01    4.3368906559e+04
    6.9960000000e+01    4.0533686414e+04
    6.9965000000e+01    3.7726441557e+04
    6.9970000000e+01    4.6902193764e+04
    6.9975000000e+01    4.2080613184e+04
    6.9980000000e+01    4.7982767574e+04
    6.9985000000e+01    4.2423307605e+04
    6.9990000000e+01    4.2576841123e+04
    6.9995000000e+01    3.8143999192e+04
    7.0000000000e+01    4.1757868902e+04
    7.0005000000e+01    3.8099647973e+04
    7.0010000000e+01    4.3427905493e+04
    7.0015000000e+01    3.9879320381e+04
    7.0020000000e+01    3.7230987834e+04
    7.0025000000e+01    3.5984394214e+04
    7.0030000000e+01    3.7171792670e+04
    7.0035000000e+01    3.4870069633e+04
    7.0040000000e+01    3.4766373695e+04
    7.0045000000e+01    3.3211638938e+04
    7.0050000000e+01    2.9461459965e+04
    7.0055000000e+01    2.9829395750e+04
    7.0060000000e+01    2.8922847064e+04
    7.0065000000e+01    2.8950495434e+04
    7.0070000000e+01    2.9816330455e+04
    7.0075000000e+01    3.1714728291e+04
    7.0080000000e+01    3.1275601111e+04
    7.0085000000e+01    2.6140315667e+04
    7.0090000000e+01    2.8556118396e+04
    7.0095000000e+01    3.0075433522e+04
    7.0100000000e+01    2.7393877557e+04
    7.0105000000e+01    2.6212160970e+04
    7.0110000000e+01    2.2702935980e+04
    7.0115000000e+01    2.9039486156e+04
    7.0120000000e+01    2.5569181293e+04
    7.0125000000e+01    2.8964561977e+04
    7.0130000000e+01    3.1597967059e+04
    7.0135000000e+01    3.0079048431e+04
    7.0140000000e+01    2.7957054773e+04
    7.0145000000e+01    2.8439306888e+04
    7.0150000000e+01    3.0485631882e+04
    7.0155000000e+01    3.3125621648e+04
    7.0160000000e+01    3.0785668472e+04
    7.0165000000e+01    3.3837640212e+04
    7.0170000000e+01    3.4039653619e+04
    7.0175000000e+01    3.4804172400e+04
    7.0180000000e+01    3.5247003967e+04
    7.0185000000e+01    3.4573843061e+04
    7.0190000000e+01    4.1505067715e+04
    7.0195000000e+01    3.3758580430e+04
    7.0200000000e+01    3.7209928414e+04
    7.0205000000e+01    3.8734087632e+04
    7.0210000000e+01    3.7191056962e+04
    7.0215000000e+01    4.2163361072e+04
    7.0220000000e+01    3.6159430952e+04
    7.0225000000e+01    3.8792797591e+04
    7.0230000000e+01    3.9587843880e+04
    7.0235000000e+01    4.0263962724e+04
    7.0240000000e+01    3.3921992626e+04
    7.0245000000e+01    3.4825031689e+04
    7.0250000000e+01    3.7220235999e+04
    7.0255000000e+01    3.4278402808e+04
    7.0260000000e+01    2.9725591623e+04
    7.0265000000e+01    3.3916500847e+04
    7.0270000000e+01    3.4723350085e+04
    7.0275000000e+01    2.7962042843e+04
    7.0280000000e+01    3.3486111229e+04
    7.0285000000e+01    3.2205703670e+04
    7.0290000000e+01    3.5785835344e+04
    7.0295000000e+01    3.0896999979e+04
    7.0300000000e+01    3.0182122787e+04
    7.0305000000e+01    3.2449645665e+04
    7.0310000000e+01    2.9519737863e+04
    7.0315000000e+01    3.4001246681e+04
    7.0320000000e+01    3.5273544787e+04
    7.0325000000e+01    3.6748814952e+04
    7.0330000000e+01    3.3607220420e+04
    7.0335000000e+01    3.8567062572e+04
    7.0340000000e+01    3.8322779893e+04
    7.0345000000e+01    4.1598385524e+04
    7.0350000000e+01    3.8223443286e+04
    7.0355000000e+01    3.6619043483e+04
    7.0360000000e+01    4.5680800748e+04
    7.0365000000e+01    4.7135316944e+04
    7.0370000000e+01    5.2439700637e+04
    7.0375000000e+01    4.8907175325e+04
    7.0380000000e+01    5.8192152473e+04
    7.0385000000e+01    6.2705345852e+04
    7.0390000000e+01    6.2481894379e+04
    7.0395000000e+01    6.2849040819e+04
    7.0400000000e+01    5.4871516905e+04
    7.0405000000e+01    7.4777538064e+04
    7.0410000000e+01    6.6695792297e+04
    7.0415000000e+01    7.4418903255e+04
    7.0420000000e+01    6.0564633696e+04
    7.0425000000e+01    7.0239098686e+04
    7.0430000000e+01    6.6634858397e+04
    7.0435000000e+01    7.0888925602e+04
    7.0440000000e+01    7.0887203986e+04
    7.0445000000e+01    7.3248712155e+04
    7.0450000000e+01    6.1870345702e+04
    7.0455000000e+01    6.3175318969e+04
    7.0460000000e+01    6.5537322435e+04
    7.0465000000e+01    6.3980077144e+04
    7.0470000000e+01    6.1085405234e+04
    7.0475000000e+01    6.6189996248e+04
    7.0480000000e+01    6.2414511127e+04
    7.0485000000e+01    5.8652161298e+04
    7.0490000000e+01    4.9783925101e+04
    7.0495000000e+01    6.3956444535e+04
    7.0500000000e+01    6.3176280822e+04
    7.0505000000e+01    7.7179656037e+04
    7.0510000000e+01    6.5824783646e+04
    7.0515000000e+01    6.8354699665e+04
    7.0520000000e+01    7.9848148896e+04
    7.0525000000e+01    6.9238684886e+04
    7.0530000000e+01    9.5275170739e+04
    7.0535000000e+01    9.4262484588e+04
    7.0540000000e+01    9.7572427287e+04
    7.0545000000e+01    1.0794820894e+05
    7.0550000000e+01    1.3395636600e+05
    7.0555000000e+01    1.4159646462e+05
    7.0560000000e+01    1.5840402939e+05
    7.0565000000e+01    1.8183213774e+05
    7.0570000000e+01    1.6048320128e+05
    7.0575000000e+01    2.1916406864e+05
    7.0580000000e+01    2.3936621495e+05
    7.0585000000e+01    2.2101433947e+05
    7.0590000000e+01    2.8465877724e+05
    7.0595000000e+01    2.7949137292e+05
    7.0600000000e+01    3.1397779866e+05
    7.0605000000e+01    3.6350573000e+05
    7.0610000000e+01    4.2190870474e+05
    7.0615000000e+01    4.1031725120e+05
    7.0620000000e+01    4.4116921520e+05
    7.0625000000e+01    4.6684495125e+05
    7.0630000000e+01    4.8780190006e+05
    7.0635000000e+01    5.7613517217e+05
    7.0640000000e+01    5.5385109402e+05
    7.0645000000e+01    5.6486052240e+05
    7.0650000000e+01    6.5589977076e+05
    7.0655000000e+01    6.7228441782e+05
    7.0660000000e+01    7.0521142119e+05
    7.0665000000e+01    6.8857984577e+05
    7.0670000000e+01    7.7024746263e+05
    7.0675000000e+01    7.5184585383e+05
    7.0680000000e+01    7.7319917763e+05
    7.0685000000e+01    7.8398062197e+05
    7.0690000000e+01    8.3123837017e+05
    7.0695000000e+01    8.5164661334e+05
    7.0700000000e+01    8.6917714254e+05
    7.0705000000e+01    8.9187906610e+05
    7.0710000000e+01    9.2887618153e+05
    7.0715000000e+01    9.3250962146e+05
    7.0720000000e+01    9.2765164417e+05
    7.0725000000e+01    9.3704009147e+05
    7.0730000000e+01    9.5453476242e+05
    7.0735000000e+01    9.6496245979e+05
    7.0740000000e+01    9.3764711469e+05
    7.0745000000e+01    9.5011102525e+05
    7.0750000000e+01    9.9427259335e+05
    7.0755000000e+01    1.0013636964e+06
    7.0760000000e+01    9.5942588611e+05
    7.0765000000e+01    9.8527257874e+05
    7.0770000000e+01    9.5964939845e+05
    7.0775000000e+01    9.0197958473e+05
    7.0780000000e+01    9.6167173589e+05
    7.0785000000e+01    8.9409215014e+05
    7.0790000000e+01    9.0085676027e+05
    7.0795000000e+01    8.9595132656e+05
    7.0800000000e+01    8.8661391413e+05
    7.0805000000e+01    8.3703150830e+05
    7.0810000000e+01    8.0771199951e+05
    7.0815000000e+01    7.8300088067e+05
    7.0820000000e+01    7.7336369660e+05
    7.0825000000e+01    7.3888484639e+05
    7.0830000000e+01    7.2680340910e+05
    7.0835000000e+01    7.0873110085e+05
    7.0840000000e+01    7.0076492018e+05
    7.0845000000e+01    6.7413729862e+05
    7.0850000000e+01    6.2595278197e+05
    7.0855000000e+01    6.0725770619e+05
    7.0860000000e+01    5.7544310063e+05
    7.0865000000e+01    5.7609884100e+05
    7.0870000000e+01    5.5146862989e+05
    7.0875000000e+01    5.2743175409e+05
    7.0880000000e+01    5.1780874838e+05
    7.0885000000e+01    4.8815511176e+05
    7.0890000000e+01    4.4163429234e+05
    7.0895000000e+01    4.3315972683e+05
    7.0900000000e+01    4.0271868170e+05
    7.0905000000e+01    3.9920801213e+05
    7.0910000000e+01    3.6046657627e+05
    7.0915000000e+01    3.4411250793e+05
    7.0920000000e+01    3.1930901556e+05
    7.0925000000e+01    3.0437597470e+05
    7.0930000000e+01    2.8051045552e+05
    7.0935000000e+01    3.0731920852e+05
    7.0940000000e+01    2.5969753148e+05
    7.0945000000e+01    2.6235303753e+05
    7.0950000000e+01    2.0953574461e+05
    7.0955000000e+01    2.1450682393e+05
    7.0960000000e+01    2.2089194950e+05
    7.0965000000e+01    1.9207907888e+05
    7.0970000000e+01    1.7201851343e+05
    7.0975000000e+01    1.6908414923e+05
    7.0980000000e+01    1.6197277641e+05
    7.0985000000e+01    1.3839796059e+05
    7.0990000000e+01    1.3745112419e+05
    7.0995000000e+01    1.3911686162e+05
    7.1000000000e+01    1.0556343167e+05
    7.1005000000e+01    1.1598085926e+05
    7.1010000000e+01    9.2976437527e+04
    7.1015000000e+01    9.3118029106e+04
    7.1020000000e+01    8.3685687169e+04
    7.1025000000e+01    8.6619871128e+04
    7.1030000000e+01    7.7342174392e+04
    7.1035000000e+01    7.1751508904e+04
    7.1040000000e+01    6.6823642000e+04
    7.1045000000e+01    6.2235839537e+04
    7.1050000000e+01    6.0756619815e+04
    7.1055000000e+01    5.2468370929e+04
    7.1060000000e+01    4.8348727520e+04
    7.1065000000e+01    4.3439502553e+04
    7.1070000000e+01    4.5940124101e+04
    7.1075000000e+01    4.2088449404e+04
    7.1080000000e+01    3.4758013070e+04
    7.1085000000e+01    3.6075527154e+04
    7.1090000000e+01    3.5219069160e+04
    7.1095000000e+01    3.0492181003e+04
    7.1100000000e+01    3.6092678198e+04
    7.1105000000e+01    3.4273998177e+04
    7.1110000000e+01    3.4913250748e+04
    7.1115000000e+01    3.1607763138e+04
    7.1120000000e+01    3.5223191233e+04
    7.1125000000e+01    3.0522751435e+04
    7.1130000000e+01    3.3341170236e+04
    7.1135000000e+01    3.2346341039e+04
    7.1140000000e+01    3.2725769361e+04
    7.1145000000e+01    3.2681837398e+04
    7.1150000000e+01    3.5109136767e+04
    7.1155000000e+01    3.3570996161e+04
    7.1160000000e+01    3.2977059323e+04
    7.1165000000e+01    3.5621045162e+04
    7.1170000000e+01    3.7912829177e+04
    7.1175000000e+01    3.4418724537e+04
    7.1180000000e+01    3.2014020161e+04
    7.1185000000e+01    3.3098612780e+04
    7.1190000000e+01    3.3220164858e+04
    7.1195000000e+01    3.2828751064e+04
    7.1200000000e+01    3.2073935509e+04
    7.1205000000e+01    3.0878274406e+04
    7.1210000000e+01    2.8348744581e+04
    7.1215000000e+01    2.6944918443e+04
    7.1220000000e+01    2.6646327575e+04
    7.1225000000e+01    2.6573940697e+04
    7.1230000000e+01    2.7202359417e+04
    7.1235000000e+01    2.2949107794e+04
    7.1240000000e+01    2.3226918778e+04
    7.1245000000e+01    2.4666601059e+04
    7.1250000000e+01    1.9190200859e+04
    7.1255000000e+01    1.9545784976e+04
    7.1260000000e+01    1.7723459104e+04
    7.1265000000e+01    1.8667008690e+04
    7.1270000000e+01    1.6065316914e+04
    7.1275000000e+01    1.8359565400e+04
    7.1280000000e+01    1.5982700355e+04
    7.1285000000e+01    1.7926482166e+04
    7.1290000000e+01    1.5404071815e+04
    7.1295000000e+01    1.4956142322e+04
    7.1300000000e+01    1.3575786030e+04
    7.1305000000e+01    1.4224361690e+04
    7.1310000000e+01    1.3261329117e+04
    7.1315000000e+01    1.3908212687e+04
    7.1320000000e+01    1.3882405812e+04
    7.1325000000e+01    1.5536959536e+04
    7.1330000000e+01    1.5217228324e+04
    7.1335000000e+01    1.6710258151e+04
    7.1340000000e+01    1.5845392715e+04
    7.1345000000e+01    1.9541278641e+04
    7.1350000000e+01    1.7398718842e+04
    7.1355000000e+01    1.7741020591e+04
    7.1360000000e+01    1.9452408667e+04
    7.1365000000e+01    2.0697103419e+04
    7.1370000000e+01    1.9118218920e+04
    7.1375000000e+01    2.1865196333e+04
    7.1380000000e+01    1.9869585076e+04
    7.1385000000e+01    2.2077695937e+04
    7.1390000000e+01    1.9566889340e+04
    7.1395000000e+01    2.0865183176e+04
    7.1400000000e+01    2.1963013999e+04
    7.1405000000e+01    2.4555554307e+04
    7.1410000000e+01    2.2945307791e+04
    7.1415000000e+01    2.2069144169e+04
    7.1420000000e+01    2.0297011239e+04
    7.1425000000e+01    2.0302276243e+04
    7.1430000000e+01    2.1389220337e+04
    7.1435000000e+01    2.0415833821e+04
    7.1440000000e+01    1.7156160386e+04
    7.1445000000e+01    2.0031546867e+04
    7.1450000000e+01    1.8737237926e+04
    7.1455000000e+01    1.9207303094e+04
    7.1460000000e+01    1.6699940088e+04
    7.1465000000e+01    1.5567287888e+04
    7.1470000000e+01    1.7371257159e+04
    7.1475000000e+01    1.3027186974e+04
    7.1480000000e+01    1.5922450787e+04
    7.1485000000e+01    1.3730850049e+04
    7.1490000000e+01    1.3662778860e+04
    7.1495000000e+01    1.3091862666e+04
    7.1500000000e+01    1.3264599627e+04
    7.1505000000e+01    1.3200255820e+04
    7.1510000000e+01    1.2842850341e+04
    7.1515000000e+01    1.3933982091e+04
    7.1520000000e+01    1.5889173516e+04
    7.1525000000e+01    1.6435790406e+04
    7.1530000000e+01    1.5882583911e+04
    7.1535000000e+01    1.5141373839e+04
    7.1540000000e+01    1.7534325133e+04
    7.1545000000e+01    1.8083615759e+04
    7.1550000000e+01    2.0519918084e+04
    7.1555000000e+01    2.2747138502e+04
    7.1560000000e+01    2.3348554162e+04
    7.1565000000e+01    2.4876334038e+04
    7.1570000000e+01    2.5526689643e+04
    7.1575000000e+01    2.6262339668e+04
    7.1580000000e+01    2.7358228217e+04
    7.1585000000e+01    3.0718768628e+04
    7.1590000000e+01    3.2599424385e+04
    7.1595000000e+01    3.3340231009e+04
    7.1600000000e+01    3.3163054041e+04
    7.1605000000e+01    3.3672889297e+04
    7.1610000000e+01    3.7694036377e+04
    7.1615000000e+01    3.6107853584e+04
    7.1620000000e+01    3.7614898648e+04
    7.1625000000e+01    3.6057584930e+04
    7.1630000000e+01    3.6847952031e+04
    7.1635000000e+01    3.5779513378e+04
    7.1640000000e+01    3.4325888992e+04
    7.1645000000e+01    3.3431674613e+04
    7.1650000000e+01    3.3208782582e+04
    7.1655000000e+01    3.2227437632e+04
    7.1660000000e+01    3.4186876981e+04
    7.1665000000e+01    3.1308935407e+04
    7.1670000000e+01    3.0766656938e+04
    7.1675000000e+01    2.9671500347e+04
    7.1680000000e+01    3.0041979044e+04
    7.1685000000e+01    3.0381538438e+04
    7.1690000000e+01    2.6720950177e+04
    7.1695000000e+01    2.7087728595e+04
    7.1700000000e+01    2.8682319941e+04
    7.1705000000e+01    2.9997477544e+04
    7.1710000000e+01    2.7043117175e+04
    7.1715000000e+01    3.6375058112e+04
    7.1720000000e+01    3.9436024508e+04
    7.1725000000e+01    4.6145208812e+04
    7.1730000000e+01    4.3157869855e+04
    7.1735000000e+01    5.0614530103e+04
    7.1740000000e+01    5.3678876609e+04
    7.1745000000e+01    5.3165715486e+04
    7.1750000000e+01    5.9393919437e+04
    7.1755000000e+01    7.4141773960e+04
    7.1760000000e+01    8.0791710552e+04
    7.1765000000e+01    9.7296300958e+04
    7.1770000000e+01    9.5815128778e+04
    7.1775000000e+01    1.1591827224e+05
    7.1780000000e+01    1.1518236720e+05
    7.1785000000e+01    1.3550791908e+05
    7.1790000000e+01    1.4679548434e+05
    7.1795000000e+01    1.7364042865e+05
    7.1800000000e+01    1.8127751648e+05
    7.1805000000e+01    1.9691201064e+05
    7.1810000000e+01    2.2042039169e+05
    7.1815000000e+01    2.3495320071e+05
    7.1820000000e+01    2.5294005408e+05
    7.1825000000e+01    2.8025935327e+05
    7.1830000000e+01    2.8988780486e+05
    7.1835000000e+01    3.2235666334e+05
    7.1840000000e+01    3.3136180257e+05
    7.1845000000e+01    3.5952385985e+05
    7.1850000000e+01    3.6139128904e+05
    7.1855000000e+01    4.0229638514e+05
    7.1860000000e+01    4.0517073336e+05
    7.1865000000e+01    4.4375572788e+05
    7.1870000000e+01    4.3986280161e+05
    7.1875000000e+01    4.7445017172e+05
    7.1880000000e+01    4.9048396304e+05
    7.1885000000e+01    4.9999380316e+05
    7.1890000000e+01    5.3371092675e+05
    7.1895000000e+01    5.3174353245e+05
    7.1900000000e+01    5.4407320855e+05
    7.1905000000e+01    5.4950663129e+05
    7.1910000000e+01    5.6942905782e+05
    7.1915000000e+01    5.7616217899e+05
    7.1920000000e+01    5.7817427602e+05
    7.1925000000e+01    5.8129638648e+05
    7.1930000000e+01    5.8899600435e+05
    7.1935000000e+01    6.0834354758e+05
    7.1940000000e+01    6.0229522080e+05
    7.1945000000e+01    6.3263767202e+05
    7.1950000000e+01    6.1179712232e+05
    7.1955000000e+01    6.2588402599e+05
    7.1960000000e+01    6.0780963752e+05
    7.1965000000e+01    6.2406376455e+05
    7.1970000000e+01    5.9164845912e+05
    7.1975000000e+01    5.8412424132e+05
    7.1980000000e+01    6.1192446236e+05
    7.1985000000e+01    6.0156965339e+05
    7.1990000000e+01    5.7731124518e+05
    7.1995000000e+01    5.8758607821e+05
    7.2000000000e+01    5.5957211824e+05
    7.2005000000e+01    5.5995154680e+05
    7.2010000000e+01    5.3122184412e+05
    7.2015000000e+01    5.2977120025e+05
    7.2020000000e+01    5.1422184975e+05
    7.2025000000e+01    4.8602560476e+05
    7.2030000000e+01    5.0067210099e+05
    7.2035000000e+01    4.7485286213e+05
    7.2040000000e+01    4.6090079830e+05
    7.2045000000e+01    4.3248089066e+05
    7.2050000000e+01    4.3111041685e+05
    7.2055000000e+01    4.0260729729e+05
    7.2060000000e+01    4.1287367754e+05
    7.2065000000e+01    3.9310267278e+05
    7.2070000000e+01    3.8190160103e+05
    7.2075000000e+01    3.4715323926e+05
    7.2080000000e+01    3.3571206532e+05
    7.2085000000e+01    3.2081646800e+05
    7.2090000000e+01    3.3233426367e+05
    7.2095000000e+01    3.1511268907e+05
    7.2100000000e+01    2.9429524046e+05
    7.2105000000e+01    2.8521152713e+05
    7.2110000000e+01    2.7553240328e+05
    7.2115000000e+01    2.5075311619e+05
    7.2120000000e+01    2.3045666874e+05
    7.2125000000e+01    2.3026102726e+05
    7.2130000000e+01    2.2013277518e+05
    7.2135000000e+01    2.1425800680e+05
    7.2140000000e+01    1.9738005954e+05
    7.2145000000e+01    1.8551497478e+05
    7.2150000000e+01    1.6651129128e+05
    7.2155000000e+01    1.6207021538e+05
    7.2160000000e+01    1.6526475913e+05
    7.2165000000e+01    1.4583443922e+05
    7.2170000000e+01    1.4839819715e+05
    7.2175000000e+01    1.4101706705e+05
    7.2180000000e+01    1.1672258499e+05
    7.2185000000e+01    1.0914445664e+05
    7.2190000000e+01    1.1097980618e+05
    7.2195000000e+01    1.0433525459e+05
    7.2200000000e+01    8.7810386731e+04
    7.2205000000e+01    9.8674722356e+04
    7.2210000000e+01    8.6690095073e+04
    7.2215000000e+01    7.9887659055e+04
    7.2220000000e+01    8.1980062698e+04
    7.2225000000e+01    7.3836527856e+04
    7.2230000000e+01    7.7487292064e+04
    7.2235000000e+01    6.9427798135e+04
    7.2240000000e+01    5.7739274992e+04
    7.2245000000e+01    6.0666945056e+04
    7.2250000000e+01    6.1285131248e+04
    7.2255000000e+01    4.9002183449e+04
    7.2260000000e+01    5.0648120202e+04
    7.2265000000e+01    4.9155150155e+04
    7.2270000000e+01    5.0263470881e+04
    7.2275000000e+01    4.6546063750e+04
    7.2280000000e+01    4.8084167523e+04
    7.2285000000e+01    4.9902731789e+04
    7.2290000000e+01    4.6726812336e+04
    7.2295000000e+01    4.0252046089e+04
    7.2300000000e+01    3.9994325628e+04
    7.2305000000e+01    3.8848812169e+04
    7.2310000000e+01    4.0178379006e+04
    7.2315000000e+01    3.6287664936e+04
    7.2320000000e+01    3.6103996522e+04
    7.2325000000e+01    3.2627592661e+04
    7.2330000000e+01    3.3493419286e+04
    7.2335000000e+01    3.2671724717e+04
    7.2340000000e+01    3.0312072406e+04
    7.2345000000e+01    3.4229966938e+04
    7.2350000000e+01    3.5545140785e+04
    7.2355000000e+01    3.4571435092e+04
    7.2360000000e+01    3.3557821493e+04
    7.2365000000e+01    2.7021811967e+04
    7.2370000000e+01    3.4208515087e+04
    7.2375000000e+01    3.4105318563e+04
    7.2380000000e+01    3.0597797852e+04
    7.2385000000e+01    3.2639553213e+04
    7.2390000000e+01    3.4425669359e+04
    7.2395000000e+01    3.5155203354e+04
    7.2400000000e+01    3.6473920541e+04
    7.2405000000e+01    3.8821056505e+04
    7.2410000000e+01    3.9836670419e+04
    7.2415000000e+01    3.9104364305e+04
    7.2420000000e+01    4.1573910583e+04
    7.2425000000e+01    4.1276543562e+04
    7.2430000000e+01    4.1497173838e+04
    7.2435000000e+01    4.5535706233e+04
    7.2440000000e+01    4.6301801307e+04
    7.2445000000e+01    4.6163427531e+04
    7.2450000000e+01    4.7016108760e+04
    7.2455000000e+01    5.3188990823e+04
    7.2460000000e+01    5.0664487646e+04
    7.2465000000e+01    5.2076547450e+04
    7.2470000000e+01    5.2851791639e+04
    7.2475000000e+01    5.7156039572e+04
    7.2480000000e+01    5.6981844159e+04
    7.2485000000e+01    6.1634837081e+04
    7.2490000000e+01    6.3067091992e+04
    7.2495000000e+01    6.0833012846e+04
    7.2500000000e+01    6.3261033476e+04
    7.2505000000e+01    7.3755104244e+04
    7.2510000000e+01    6.5332446412e+04
    7.2515000000e+01    7.9829357918e+04
    7.2520000000e+01    7.5900545720e+04
    7.2525000000e+01    8.0673373340e+04
    7.2530000000e+01    7.6092986268e+04
    7.2535000000e+01    8.5082453213e+04
    7.2540000000e+01    9.6096982985e+04
    7.2545000000e+01    8.8925797463e+04
    7.2550000000e+01    1.0167698035e+05
    7.2555000000e+01    1.0495424870e+05
    7.2560000000e+01    1.2576431186e+05
    7.2565000000e+01    1.2872512722e+05
    7.2570000000e+01    1.5539743409e+05
    7.2575000000e+01    1.7282544374e+05
    7.2580000000e+01    2.0991690278e+05
    7.2585000000e+01    2.5233381112e+05
    7.2590000000e+01    3.0665486294e+05
    7.2595000000e+01    3.9166422717e+05
    7.2600000000e+01    5.1056903508e+05
    7.2605000000e+01    6.7800088954e+05
    7.2610000000e+01    9.4016042331e+05
    7.2615000000e+01    1.3428897681e+06
    7.2620000000e+01    2.0510588283e+06
    7.2625000000e+01    3.4111889990e+06
    7.2630000000e+01    5.8676808384e+06
    7.2635000000e+01    9.1299780693e+06
    7.2640000000e+01    9.7012931952e+06
    7.2645000000e+01    6.7667789552e+06
    7.2650000000e+01    4.2026952697e+06
    7.2655000000e+01    2.6507001001e+06
    7.2660000000e+01    1.7825664747e+06
    7.2665000000e+01    1.2841122490e+06
    7.2670000000e+01    9.9034596661e+05
    7.2675000000e+01    7.6967470405e+05
    7.2680000000e+01    6.4260579217e+05
    7.2685000000e+01    5.3190754852e+05
    7.2690000000e+01    4.3322004030e+05
    7.2695000000e+01    3.5157403697e+05
    7.2700000000e+01    3.3349808530e+05
    7.2705000000e+01    3.1596199202e+05
    7.2710000000e+01    2.9819731810e+05
    7.2715000000e+01    2.8954751700e+05
    7.2720000000e+01    2.8843774813e+05
    7.2725000000e+01    3.0025385941e+05
    7.2730000000e+01    3.4396715509e+05
    7.2735000000e+01    3.7260680756e+05
    7.2740000000e+01    4.5745363285e+05
    7.2745000000e+01    5.6753093959e+05
    7.2750000000e+01    7.3730577089e+05
    7.2755000000e+01    1.0644383206e+06
    7.2760000000e+01    1.6192778867e+06
    7.2765000000e+01    2.6896877235e+06
    7.2770000000e+01    4.3473255512e+06
    7.2775000000e+01    5.3119136109e+06
    7.2780000000e+01    4.1758626980e+06
    7.2785000000e+01    2.6623681391e+06
    7.2790000000e+01    1.7145699756e+06
    7.2795000000e+01    1.1639564657e+06
    7.2800000000e+01    8.7101987027e+05
    7.2805000000e+01    6.7636881680e+05
    7.2810000000e+01    5.4332969902e+05
    7.2815000000e+01    4.5864901161e+05
    7.2820000000e+01    3.7440275437e+05
    7.2825000000e+01    3.4342048518e+05
    7.2830000000e+01    3.0962960713e+05
    7.2835000000e+01    2.7976147510e+05
    7.2840000000e+01    2.4655724411e+05
    7.2845000000e+01    2.4687171461e+05
    7.2850000000e+01    2.3232695995e+05
    7.2855000000e+01    2.1777106143e+05
    7.2860000000e+01    1.9528505666e+05
    7.2865000000e+01    2.0067909599e+05
    7.2870000000e+01    1.7138824594e+05
    7.2875000000e+01    1.5695322162e+05
    7.2880000000e+01    1.6213410382e+05
    7.2885000000e+01    1.6499650651e+05
    7.2890000000e+01    1.5967466457e+05
    7.2895000000e+01    1.5719000929e+05
    7.2900000000e+01    1.4725509877e+05
    7.2905000000e+01    1.5047293765e+05
    7.2910000000e+01    1.4986139009e+05
    7.2915000000e+01    1.7486078666e+05
    7.2920000000e+01    1.6466366159e+05
    7.2925000000e+01    1.6229075924e+05
    7.2930000000e+01    2.0312583552e+05
    7.2935000000e+01    1.8025169956e+05
    7.2940000000e+01    1.9692327740e+05
    7.2945000000e+01    2.1759083509e+05
    7.2950000000e+01    2.4099807518e+05
    7.2955000000e+01    2.1372531277e+05
    7.2960000000e+01    2.0172405352e+05
    7.2965000000e+01    2.1717278961e+05
    7.2970000000e+01    2.7289573860e+05
    7.2975000000e+01    3.1304681356e+05
    7.2980000000e+01    2.8274974109e+05
    7.2985000000e+01    3.3589293295e+05
    7.2990000000e+01    3.6919248707e+05
    7.2995000000e+01    3.5620937557e+05
    7.3000000000e+01    3.8984938366e+05
    7.3005000000e+01    4.4490462259e+05
    7.3010000000e+01    4.3228924290e+05
    7.3015000000e+01    4.5699598171e+05
    7.3020000000e+01    5.1924575762e+05
    7.3025000000e+01    5.6349398934e+05
    7.3030000000e+01    5.6546440453e+05
    7.3035000000e+01    5.8039424249e+05
    7.3040000000e+01    6.0351993180e+05
    7.3045000000e+01    6.9514447154e+05
    7.3050000000e+01    6.5464411491e+05
    7.3055000000e+01    7.3133666255e+05
    7.3060000000e+01    7.7797970270e+05
    7.3065000000e+01    7.4536336070e+05
    7.3070000000e+01    8.0857596758e+05
    7.3075000000e+01    7.9701700352e+05
    7.3080000000e+01    8.7195609995e+05
    7.3085000000e+01    8.7609278625e+05
    7.3090000000e+01    9.0178084268e+05
    7.3095000000e+01    9.2540652486e+05
    7.3100000000e+01    9.5922068104e+05
    7.3105000000e+01    9.7124977732e+05
    7.3110000000e+01    9.7554859021e+05
    7.3115000000e+01    9.8040100890e+05
    7.3120000000e+01    9.8995042908e+05
    7.3125000000e+01    1.0090076509e+06
    7.3130000000e+01    1.0064249757e+06
    7.3135000000e+01    1.0081220395e+06
    7.3140000000e+01    1.0129112164e+06
    7.3145000000e+01    1.0817553065e+06
    7.3150000000e+01    1.0168927653e+06
    7.3155000000e+01    1.0736288762e+06
    7.3160000000e+01    1.0933671522e+06
    7.3165000000e+01    1.0291065257e+06
    7.3170000000e+01    1.0897718666e+06
    7.3175000000e+01    1.0518319493e+06
    7.3180000000e+01    1.0210087071e+06
    7.3185000000e+01    9.8383256967e+05
    7.3190000000e+01    9.7169942819e+05
    7.3195000000e+01    1.0255357733e+06
    7.3200000000e+01    9.7861800934e+05
    7.3205000000e+01    9.5506679277e+05
    7.3210000000e+01    9.2793702135e+05
    7.3215000000e+01    9.2903986594e+05
    7.3220000000e+01    8.7837717563e+05
    7.3225000000e+01    9.0190025692e+05
    7.3230000000e+01    8.6269698262e+05
    7.3235000000e+01    8.2675605024e+05
    7.3240000000e+01    8.0645572357e+05
    7.3245000000e+01    8.1188492262e+05
    7.3250000000e+01    7.3335607805e+05
    7.3255000000e+01    7.0172126006e+05
    7.3260000000e+01    7.6056413939e+05
    7.3265000000e+01    7.0463892739e+05
    7.3270000000e+01    7.0341825021e+05
    7.3275000000e+01    6.1015984507e+05
    7.3280000000e+01    6.2086978389e+05
    7.3285000000e+01    6.0731265000e+05
    7.3290000000e+01    5.8907602437e+05
    7.3295000000e+01    6.0387620703e+05
    7.3300000000e+01    5.0663063506e+05
    7.3305000000e+01    5.1073722675e+05
    7.3310000000e+01    5.0220634461e+05
    7.3315000000e+01    4.7190062849e+05
    7.3320000000e+01    4.5447010799e+05
    7.3325000000e+01    4.3752588104e+05
    7.3330000000e+01    3.8745505007e+05
    7.3335000000e+01    4.0290207033e+05
    7.3340000000e+01    3.8546555153e+05
    7.3345000000e+01    3.5132033377e+05
    7.3350000000e+01    3.4303280763e+05
    7.3355000000e+01    3.2982278048e+05
    7.3360000000e+01    2.9016652869e+05
    7.3365000000e+01    2.9970338480e+05
    7.3370000000e+01    2.4475150113e+05
    7.3375000000e+01    2.3283943313e+05
    7.3380000000e+01    2.3248920456e+05
    7.3385000000e+01    2.2821685994e+05
    7.3390000000e+01    2.1432935458e+05
    7.3395000000e+01    1.8994178400e+05
    7.3400000000e+01    1.8324254381e+05
    7.3405000000e+01    1.6734796664e+05
    7.3410000000e+01    1.8485412377e+05
    7.3415000000e+01    1.6487445616e+05
    7.3420000000e+01    1.4339632619e+05
    7.3425000000e+01    1.3769902879e+05
    7.3430000000e+01    1.2168509132e+05
    7.3435000000e+01    1.1730437437e+05
    7.3440000000e+01    1.1752656282e+05
    7.3445000000e+01    1.0258006165e+05
    7.3450000000e+01    1.0251131333e+05
    7.3455000000e+01    8.6752102136e+04
    7.3460000000e+01    8.1804975691e+04
    7.3465000000e+01    8.8347613168e+04
    7.3470000000e+01    8.6718172383e+04
    7.3475000000e+01    6.6839909775e+04
    7.3480000000e+01    7.2853557057e+04
    7.3485000000e+01    6.6985153035e+04
    7.3490000000e+01    6.5997459255e+04
    7.3495000000e+01    6.3689902674e+04
    7.3500000000e+01    6.5277730949e+04
    7.3505000000e+01    6.2166718040e+04
    7.3510000000e+01    6.3670380174e+04
    7.3515000000e+01    5.8376954738e+04
    7.3520000000e+01    5.9564129659e+04
    7.3525000000e+01    5.5620966583e+04
    7.3530000000e+01    5.1326697219e+04
    7.3535000000e+01    5.7327708616e+04
    7.3540000000e+01    5.2075044755e+04
    7.3545000000e+01    5.4032895377e+04
    7.3550000000e+01    5.3719653698e+04
    7.3555000000e+01    5.0488357582e+04
    7.3560000000e+01    5.2318869602e+04
    7.3565000000e+01    4.6562207801e+04
    7.3570000000e+01    5.0376240708e+04
    7.3575000000e+01    4.9444392202e+04
    7.3580000000e+01    4.6030369714e+04
    7.3585000000e+01    4.8777016212e+04
    7.3590000000e+01    4.8009254295e+04
    7.3595000000e+01    4.5594164074e+04
    7.3600000000e+01    4.2048744528e+04
    7.3605000000e+01    4.8258406738e+04
    7.3610000000e+01    4.4034656728e+04
    7.3615000000e+01    4.3613885088e+04
    7.3620000000e+01    4.3034477976e+04
    7.3625000000e+01    4.5039669909e+04
    7.3630000000e+01    4.4816873095e+04
    7.3635000000e+01    4.0094732784e+04
    7.3640000000e+01    3.7137543482e+04
    7.3645000000e+01    3.5806747255e+04
    7.3650000000e+01    3.7368554284e+04
    7.3655000000e+01    3.2779638976e+04
    7.3660000000e+01    3.0025319133e+04
    7.3665000000e+01    2.9433133451e+04
    7.3670000000e+01    3.2917638339e+04
    7.3675000000e+01    3.1881107900e+04
    7.3680000000e+01    3.4162534957e+04
    7.3685000000e+01    3.0610722277e+04
    7.3690000000e+01    3.4866192184e+04
    7.3695000000e+01    2.7354894961e+04
    7.3700000000e+01    2.9264541088e+04
    7.3705000000e+01    2.7134514609e+04
    7.3710000000e+01    2.4071094813e+04
    7.3715000000e+01    2.8093540296e+04
    7.3720000000e+01    2.5200610929e+04
    7.3725000000e+01    3.1253384340e+04
    7.3730000000e+01    2.7659606606e+04
    7.3735000000e+01    2.9475711333e+04
    7.3740000000e+01    2.7911071144e+04
    7.3745000000e+01    2.8535073957e+04
    7.3750000000e+01    2.5202765325e+04
    7.3755000000e+01    2.4889211615e+04
    7.3760000000e+01    2.5214118890e+04
    7.3765000000e+01    2.9799995972e+04
    7.3770000000e+01    2.7417061703e+04
    7.3775000000e+01    2.8426896283e+04
    7.3780000000e+01    2.7985710039e+04
    7.3785000000e+01    2.6079144446e+04
    7.3790000000e+01    2.9554581338e+04
    7.3795000000e+01    3.2475265149e+04
    7.3800000000e+01    2.8938270371e+04
    7.3805000000e+01    3.3802790505e+04
    7.3810000000e+01    2.9574918223e+04
    7.3815000000e+01    2.6335316084e+04
    7.3820000000e+01    2.7341673591e+04
    7.3825000000e+01    2.6587932501e+04
    7.3830000000e+01    2.7406818669e+04
    7.3835000000e+01    2.8155986936e+04
    7.3840000000e+01    2.4371466093e+04
    7.3845000000e+01    2.6972762612e+04
    7.3850000000e+01    2.6622881421e+04
    7.3855000000e+01    2.7402828223e+04
    7.3860000000e+01    2.6384442101e+04
    7.3865000000e+01    2.4667554386e+04
    7.3870000000e+01    2.6263130869e+04
    7.3875000000e+01    2.8232163675e+04
    7.3880000000e+01    2.1796308272e+04
    7.3885000000e+01    2.3850235334e+04
    7.3890000000e+01    2.4068877471e+04
    7.3895000000e+01    2.2503903463e+04
    7.3900000000e+01    2.3065910696e+04
    7.3905000000e+01    2.3470821708e+04
    7.3910000000e+01    2.2579734223e+04
    7.3915000000e+01    2.3891331035e+04
    7.3920000000e+01    2.2696794959e+04
    7.3925000000e+01    2.4752698656e+04
    7.3930000000e+01    2.4890481675e+04
    7.3935000000e+01    2.1847632560e+04
    7.3940000000e+01    2.4767738727e+04
    7.3945000000e+01    2.2785168822e+04
    7.3950000000e+01    2.4746706737e+04
    7.3955000000e+01    2.3466132289e+04
    7.3960000000e+01    2.6916468029e+04
    7.3965000000e+01    2.2185967712e+04
    7.3970000000e+01    2.4673934632e+04
    7.3975000000e+01    2.3438048995e+04
    7.3980000000e+01    2.6281659135e+04
    7.3985000000e+01    2.3996786084e+04
    7.3990000000e+01    2.4398439691e+04
    7.3995000000e+01    2.5996114575e+04
    7.4000000000e+01    2.8265643442e+04
    7.4005000000e+01    2.6765303872e+04
    7.4010000000e+01    2.4443743488e+04
    7.4015000000e+01    3.1548211071e+04
    7.4020000000e+01    3.2759593316e+04
    7.4025000000e+01    3.3352801648e+04
    7.4030000000e+01    2.6885571379e+04
    7.4035000000e+01    2.7426256463e+04
    7.4040000000e+01    3.0064876026e+04
    7.4045000000e+01    3.2811325422e+04
    7.4050000000e+01    2.9944933927e+04
    7.4055000000e+01    2.9063914854e+04
    7.4060000000e+01    3.0141428326e+04
    7.4065000000e+01    2.5435633720e+04
    7.4070000000e+01    3.0487377537e+04
    7.4075000000e+01    3.0889439943e+04
    7.4080000000e+01    3.0228973500e+04
    7.4085000000e+01    2.9929396972e+04
    7.4090000000e+01    3.0374410758e+04
    7.4095000000e+01    2.9488810891e+04
    7.4100000000e+01    3.5492306201e+04
    7.4105000000e+01    2.9967353145e+04
    7.4110000000e+01    3.1741151389e+04
    7.4115000000e+01    3.4269734340e+04
    7.4120000000e+01    3.4198592461e+04
    7.4125000000e+01    3.1443498548e+04
    7.4130000000e+01    3.3769402776e+04
    7.4135000000e+01    3.3889129173e+04
    7.4140000000e+01    3.2636921982e+04
    7.4145000000e+01    3.6813038956e+04
    7.4150000000e+01    3.7654792618e+04
    7.4155000000e+01    3.7536603120e+04
    7.4160000000e+01    4.0724498441e+04
    7.4165000000e+01    4.3609973825e+04
    7.4170000000e+01    4.4670539899e+04
    7.4175000000e+01    4.4416076163e+04
    7.4180000000e+01    4.8380551352e+04
    7.4185000000e+01    4.9586037623e+04
    7.4190000000e+01    5.4826151423e+04
    7.4195000000e+01    6.2538839874e+04
    7.4200000000e+01    5.8511823326e+04
    7.4205000000e+01    6.2787957367e+04
    7.4210000000e+01    5.4256160497e+04
    7.4215000000e+01    6.8085246682e+04
    7.4220000000e+01    7.0975207325e+04
    7.4225000000e+01    6.9704139259e+04
    7.4230000000e+01    7.8981226047e+04
    7.4235000000e+01    8.6939434324e+04
    7.4240000000e+01    7.7494181271e+04
    7.4245000000e+01    7.7369915693e+04
    7.4250000000e+01    9.1517848401e+04
    7.4255000000e+01    8.5747756558e+04
    7.4260000000e+01    9.1440622239e+04
    7.4265000000e+01    9.1892601909e+04
    7.4270000000e+01    9.3229391512e+04
    7.4275000000e+01    9.2700557085e+04
    7.4280000000e+01    9.9773288696e+04
    7.4285000000e+01    1.0120190456e+05
    7.4290000000e+01    1.0457117086e+05
    7.4295000000e+01    1.1185963827e+05
    7.4300000000e+01    1.1240350531e+05
    7.4305000000e+01    1.1343808557e+05
    7.4310000000e+01    1.1723759404e+05
    7.4315000000e+01    1.2063495885e+05
    7.4320000000e+01    1.1820122502e+05
    7.4325000000e+01    1.1763383674e+05
    7.4330000000e+01    1.1789994218e+05
    7.4335000000e+01    1.2466381426e+05
    7.4340000000e+01    1.2520165772e+05
    7.4345000000e+01    1.2375825945e+05
    7.4350000000e+01    1.2090194127e+05
    7.4355000000e+01    1.2563610939e+05
    7.4360000000e+01    1.1928640698e+05
    7.4365000000e+01    1.2120348542e+05
    7.4370000000e+01    1.2173809353e+05
    7.4375000000e+01    1.2459287314e+05
    7.4380000000e+01    1.2089267153e+05
    7.4385000000e+01    1.2384649830e+05
    7.4390000000e+01    1.1660147099e+05
    7.4395000000e+01    1.2126963647e+05
    7.4400000000e+01    1.1225069179e+05
    7.4405000000e+01    1.1304124583e+05
    7.4410000000e+01    1.0872411202e+05
    7.4415000000e+01    1.0755155324e+05
    7.4420000000e+01    1.0091991659e+05
    7.4425000000e+01    1.0648870383e+05
    7.4430000000e+01    1.0180281203e+05
    7.4435000000e+01    1.0492024217e+05
    7.4440000000e+01    1.0887836692e+05
    7.4445000000e+01    1.0013686980e+05
    7.4450000000e+01    9.4487126235e+04
    7.4455000000e+01    9.4284229674e+04
    7.4460000000e+01    9.1077751842e+04
    7.4465000000e+01    8.4874379931e+04
    7.4470000000e+01    8.7202438061e+04
    7.4475000000e+01    7.9075825445e+04
    7.4480000000e+01    8.2993601598e+04
    7.4485000000e+01    7.9778074221e+04
    7.4490000000e+01    8.2209123398e+04
    7.4495000000e+01    7.4805816238e+04
    7.4500000000e+01    7.2028563009e+04
    7.4505000000e+01    6.7463049924e+04
    7.4510000000e+01    6.4281198613e+04
    7.4515000000e+01    6.3626776296e+04
    7.4520000000e+01    5.8492225833e+04
    7.4525000000e+01    5.8928467359e+04
    7.4530000000e+01    5.0946388051e+04
    7.4535000000e+01    5.3073750033e+04
    7.4540000000e+01    5.5885827156e+04
    7.4545000000e+01    4.7852946738e+04
    7.4550000000e+01    4.6674257180e+04
    7.4555000000e+01    4.0913107909e+04
    7.4560000000e+01    4.0577598105e+04
    7.4565000000e+01    3.9660486752e+04
    7.4570000000e+01    3.7592900847e+04
    7.4575000000e+01    3.8698280650e+04
    7.4580000000e+01    3.5220707730e+04
    7.4585000000e+01    3.4179494488e+04
    7.4590000000e+01    3.2517071983e+04
    7.4595000000e+01    3.0492468653e+04
    7.4600000000e+01    3.0030338374e+04
    7.4605000000e+01    2.5440381517e+04
    7.4610000000e+01    2.3843751651e+04
    7.4615000000e+01    2.4044980780e+04
    7.4620000000e+01    2.2853506786e+04
    7.4625000000e+01    1.9823561146e+04
    7.4630000000e+01    1.9700955847e+04
    7.4635000000e+01    2.0597785346e+04
    7.4640000000e+01    1.9504991553e+04
    7.4645000000e+01    1.7821088220e+04
    7.4650000000e+01    1.6054839458e+04
    7.4655000000e+01    1.5427140693e+04
    7.4660000000e+01    1.5307836016e+04
    7.4665000000e+01    1.3861779849e+04
    7.4670000000e+01    1.3688607818e+04
    7.4675000000e+01    1.1233331888e+04
    7.4680000000e+01    1.0861216335e+04
    7.4685000000e+01    1.1029839633e+04
    7.4690000000e+01    1.1207571489e+04
    7.4695000000e+01    1.0385651678e+04
    7.4700000000e+01    9.1567066892e+03
    7.4705000000e+01    9.4486067230e+03
    7.4710000000e+01    8.7184223828e+03
    7.4715000000e+01    7.7319624167e+03
    7.4720000000e+01    7.4376294722e+03
    7.4725000000e+01    7.0653370278e+03
    7.4730000000e+01    7.4372718686e+03
    7.4735000000e+01    7.1429003280e+03
    7.4740000000e+01    6.8869423927e+03
    7.4745000000e+01    7.5832109973e+03
    7.4750000000e+01    5.6759563874e+03
    7.4755000000e+01    5.9875826021e+03
    7.4760000000e+01    5.6992125385e+03
    7.4765000000e+01    6.0300978478e+03
    7.4770000000e+01    5.5375641118e+03
    7.4775000000e+01    4.7780769208e+03
    7.4780000000e+01    5.2932917177e+03
    7.4785000000e+01    5.4739479758e+03
    7.4790000000e+01    5.0967305714e+03
    7.4795000000e+01    5.2868074571e+03
    7.4800000000e+01    3.9282540860e+03
    7.4805000000e+01    4.9388919585e+03
    7.4810000000e+01    4.7844560103e+03
    7.4815000000e+01    4.5010757130e+03
    7.4820000000e+01    4.5650405102e+03
    7.4825000000e+01    4.3193102257e+03
    7.4830000000e+01    4.4122816663e+03
    7.4835000000e+01    4.2777953031e+03
    7.4840000000e+01    3.6716384717e+03
    7.4845000000e+01    3.9350984291e+03
    7.4850000000e+01    4.1335884976e+03
    7.4855000000e+01    4.0795788638e+03
    7.4860000000e+01    3.8478447103e+03
    7.4865000000e+01    3.6913141949e+03
    7.4870000000e+01    3.7145401662e+03
    7.4875000000e+01    3.1725495637e+03
    7.4880000000e+01    3.4249101106e+03
    7.4885000000e+01    3.5583490711e+03
    7.4890000000e+01    2.7769192508e+03
    7.4895000000e+01    3.4025178497e+03
    7.4900000000e+01    3.3174066045e+03
    7.4905000000e+01    2.8865034921e+03
    7.4910000000e+01    2.9082112327e+03
    7.4915000000e+01    2.9481594549e+03
    7.4920000000e+01    2.7768716906e+03
    7.4925000000e+01    2.4845891520e+03
    7.4930000000e+01    2.7887077698e+03
    7.4935000000e+01    2.8056794198e+03
    7.4940000000e+01    2.5045381354e+03
    7.4945000000e+01    2.5261315553e+03
    7.4950000000e+01    1.9907226436e+03
    7.4955000000e+01    2.2389711278e+03
    7.4960000000e+01    2.2984487907e+03
    7.4965000000e+01    2.2100840079e+03
    7.4970000000e+01    2.4341162971e+03
    7.4975000000e+01    2.2587164468e+03
    7.4980000000e+01    2.1567874795e+03
    7.4985000000e+01    2.4067948185e+03
    7.4990000000e+01    2.1761884632e+03
    7.4995000000e+01    2.3151024452e+03
    7.5000000000e+01    2.1652844018e+03
    7.5005000000e+01    2.1433716229e+03
    7.5010000000e+01    1.9926464565e+03
    7.5015000000e+01    1.8771430149e+03
    7.5020000000e+01    1.7942272754e+03
    7.5025000000e+01    1.9210141572e+03
    7.5030000000e+01    1.8330692918e+03
    7.5035000000e+01    2.0384322485e+03
    7.5040000000e+01    1.6472015582e+03
    7.5045000000e+01    1.7548807207e+03
    7.5050000000e+01    2.0639972909e+03
    7.5055000000e+01    2.0714625582e+03
    7.5060000000e+01    1.9694158323e+03
    7.5065000000e+01    1.6774050971e+03
    7.5070000000e+01    1.7727942563e+03
    7.5075000000e+01    1.7890230238e+03
    7.5080000000e+01    1.7642929916e+03
    7.5085000000e+01    1.6756650417e+03
    7.5090000000e+01    1.6109979716e+03
    7.5095000000e+01    1.7403332636e+03
    7.5100000000e+01    1.7797034593e+03
    7.5105000000e+01    1.5145103748e+03
    7.5110000000e+01    1.6239029609e+03
    7.5115000000e+01    1.6608082101e+03
    7.5120000000e+01    1.7763596510e+03
    7.5125000000e+01    1.5122282484e+03
    7.5130000000e+01    1.5772563914e+03
    7.5135000000e+01    1.5492206584e+03
    7.5140000000e+01    1.5029222421e+03
    7.5145000000e+01    1.3685454019e+03
    7.5150000000e+01    1.6093674989e+03
    7.5155000000e+01    1.4120327068e+03
    7.5160000000e+01    1.3479728109e+03
    7.5165000000e+01    1.2207880812e+03
    7.5170000000e+01    1.2818599685e+03
    7.5175000000e+01    1.4182828588e+03
    7.5180000000e+01    1.1700473932e+03
    7.5185000000e+01    1.3404376209e+03
    7.5190000000e+01    1.2392209621e+03
    7.5195000000e+01    1.1847835036e+03
    7.5200000000e+01    1.1155271924e+03
    7.5205000000e+01    1.3625088538e+03
    7.5210000000e+01    1.1881203768e+03
    7.5215000000e+01    1.1733587445e+03
    7.5220000000e+01    1.1621138200e+03
    7.5225000000e+01    1.1585292779e+03
    7.5230000000e+01    1.2272802566e+03
    7.5235000000e+01    1.2378281562e+03
    7.5240000000e+01    1.1814234827e+03
    7.5245000000e+01    1.0659367590e+03
    7.5250000000e+01    1.2137309350e+03
    7.5255000000e+01    1.0151832724e+03
    7.5260000000e+01    1.2949331340e+03
    7.5265000000e+01    1.1167532218e+03
    7.5270000000e+01    1.1125428059e+03
    7.5275000000e+01    1.1091293812e+03
    7.5280000000e+01    1.2574294129e+03
    7.5285000000e+01    1.0625504111e+03
    7.5290000000e+01    1.1744955502e+03
    7.5295000000e+01    1.1567167518e+03
    7.5300000000e+01    1.0959941882e+03
    7.5305000000e+01    1.0368536489e+03
    7.5310000000e+01    1.0260176533e+03
    7.5315000000e+01    9.8751260361e+02
    7.5320000000e+01    1.0623023457e+03
    7.5325000000e+01    1.0311491701e+03
    7.5330000000e+01    8.8815762930e+02
    7.5335000000e+01    9.9215329998e+02
    7.5340000000e+01    9.1497379879e+02
    7.5345000000e+01    8.2080316851e+02
    7.5350000000e+01    9.7266808655e+02
    7.5355000000e+01    9.3722526616e+02
    7.5360000000e+01    8.7429815213e+02
    7.5365000000e+01    8.5302438805e+02
    7.5370000000e+01    8.6896416170e+02
    7.5375000000e+01    9.4328499317e+02
    7.5380000000e+01    9.3640498386e+02
    7.5385000000e+01    7.9859444841e+02
    7.5390000000e+01    7.8021231275e+02
    7.5395000000e+01    7.3004788924e+02
    7.5400000000e+01    8.4541572980e+02
    7.5405000000e+01    7.0736220480e+02
    7.5410000000e+01    8.0117840412e+02
    7.5415000000e+01    7.6223037662e+02
    7.5420000000e+01    7.7443128402e+02
    7.5425000000e+01    7.2958210203e+02
    7.5430000000e+01    6.3772097878e+02
    7.5435000000e+01    7.3578161846e+02
    7.5440000000e+01    7.6074184166e+02
    7.5445000000e+01    7.2463099812e+02
    7.5450000000e+01    7.3394877533e+02
    7.5455000000e+01    7.3380833313e+02
    7.5460000000e+01    7.6627412819e+02
    7.5465000000e+01    7.1044693096e+02
    7.5470000000e+01    7.0535278389e+02
    7.5475000000e+01    6.5552552886e+02
    7.5480000000e+01    6.8677999826e+02
    7.5485000000e+01    7.5177230228e+02
    7.5490000000e+01    7.4391579328e+02
    7.5495000000e+01    6.8495840186e+02
    7.5500000000e+01    6.6700435343e+02
    7.5505000000e+01    6.8827165931e+02
    7.5510000000e+01    7.9083358134e+02
    7.5515000000e+01    7.9831707805e+02
    7.5520000000e+01    8.0724369070e+02
    7.5525000000e+01    7.5927543319e+02
    7.5530000000e+01    8.4889464522e+02
    7.5535000000e+01    8.4613126815e+02
    7.5540000000e+01    8.9643638834e+02
    7.5545000000e+01    8.2949852721e+02
    7.5550000000e+01    8.0971611309e+02
    7.5555000000e+01    9.4498863623e+02
    7.5560000000e+01    9.0764263646e+02
    7.5565000000e+01    9.1326657318e+02
    7.5570000000e+01    1.0393732892e+03
    7.5575000000e+01    1.0439359853e+03
    7.5580000000e+01    1.1625306269e+03
    7.5585000000e+01    1.1743257758e+03
    7.5590000000e+01    1.1568478878e+03
    7.5595000000e+01    1.1249387289e+03
    7.5600000000e+01    1.2475074516e+03
    7.5605000000e+01    1.3282139644e+03
    7.5610000000e+01    1.3706730530e+03
    7.5615000000e+01    1.3598336462e+03
    7.5620000000e+01    1.5988062219e+03
    7.5625000000e+01    1.4391870420e+03
    7.5630000000e+01    1.5794154256e+03
    7.5635000000e+01    1.5814746560e+03
    7.5640000000e+01    1.5040626760e+03
    7.5645000000e+01    1.5221191173e+03
    7.5650000000e+01    1.8429868987e+03
    7.5655000000e+01    1.8060636123e+03
    7.5660000000e+01    1.7932170193e+03
    7.5665000000e+01    1.7913048163e+03
    7.5670000000e+01    1.7591572727e+03
    7.5675000000e+01    1.8540827013e+03
    7.5680000000e+01    2.0008918005e+03
    7.5685000000e+01    1.8725356612e+03
    7.5690000000e+01    1.6446083611e+03
    7.5695000000e+01    2.0317524891e+03
    7.5700000000e+01    1.7602983785e+03
    7.5705000000e+01    1.8092814736e+03
    7.5710000000e+01    1.9137390039e+03
    7.5715000000e+01    1.8615792748e+03
    7.5720000000e+01    2.0290051441e+03
    7.5725000000e+01    1.8022423971e+03
    7.5730000000e+01    2.1910466672e+03
    7.5735000000e+01    1.8294665114e+03
    7.5740000000e+01    2.0124511258e+03
    7.5745000000e+01    2.0131102502e+03
    7.5750000000e+01    2.0652173522e+03
    7.5755000000e+01    1.9148687889e+03
    7.5760000000e+01    2.0229167147e+03
    7.5765000000e+01    1.8395837975e+03
    7.5770000000e+01    2.0032975250e+03
    7.5775000000e+01    1.9919016266e+03
    7.5780000000e+01    1.9388492588e+03
    7.5785000000e+01    1.9189948607e+03
    7.5790000000e+01    2.1542936362e+03
    7.5795000000e+01    1.9718714921e+03
    7.5800000000e+01    2.1756356798e+03
    7.5805000000e+01    2.1195596324e+03
    7.5810000000e+01    2.0604329640e+03
    7.5815000000e+01    1.8216062273e+03
    7.5820000000e+01    2.0402700048e+03
    7.5825000000e+01    1.8242110512e+03
    7.5830000000e+01    1.7656579999e+03
    7.5835000000e+01    1.8856850422e+03
    7.5840000000e+01    2.0521680831e+03
    7.5845000000e+01    1.7796273367e+03
    7.5850000000e+01    2.0627539482e+03
    7.5855000000e+01    1.9338994546e+03
    7.5860000000e+01    2.0190398271e+03
    7.5865000000e+01    1.8450043076e+03
    7.5870000000e+01    2.0171840796e+03
    7.5875000000e+01    1.8945725356e+03
    7.5880000000e+01    1.9059765848e+03
    7.5885000000e+01    1.8993043334e+03
    7.5890000000e+01    1.8627002813e+03
    7.5895000000e+01    1.8758534676e+03
    7.5900000000e+01    1.8837023888e+03
    7.5905000000e+01    1.8664261231e+03
    7.5910000000e+01    1.8305215472e+03
    7.5915000000e+01    1.9841313691e+03
    7.5920000000e+01    1.7443111447e+03
    7.5925000000e+01    1.6775821764e+03
    7.5930000000e+01    1.8388436562e+03
    7.5935000000e+01    1.7003806033e+03
    7.5940000000e+01    1.7820248579e+03
    7.5945000000e+01    1.6334244168e+03
    7.5950000000e+01    1.5276970009e+03
    7.5955000000e+01    1.7973848467e+03
    7.5960000000e+01    1.6943210937e+03
    7.5965000000e+01    1.4427092584e+03
    7.5970000000e+01    1.6038948623e+03
    7.5975000000e+01    1.5795198296e+03
    7.5980000000e+01    1.5055755033e+03
    7.5985000000e+01    1.5972298458e+03
    7.5990000000e+01    1.5138782216e+03
    7.5995000000e+01    1.4097400051e+03
    7.6000000000e+01    1.3798693027e+03
    7.6005000000e+01    1.3079367355e+03
    7.6010000000e+01    1.3219442143e+03
    7.6015000000e+01    1.5677998316e+03
    7.6020000000e+01    1.4369635987e+03
    7.6025000000e+01    1.3640812659e+03
    7.6030000000e+01    1.5278024649e+03
    7.6035000000e+01    1.5657003830e+03
    7.6040000000e+01    1.5147121231e+03
    7.6045000000e+01    1.5501068169e+03
    7.6050000000e+01    1.4613251049e+03
    7.6055000000e+01    1.3601587309e+03
    7.6060000000e+01    1.3690491438e+03
    7.6065000000e+01    1.5273586173e+03
    7.6070000000e+01    1.2780873082e+03
    7.6075000000e+01    1.3285576544e+03
    7.6080000000e+01    1.4754444923e+03
    7.6085000000e+01    1.3806148372e+03
    7.6090000000e+01    1.3683103296e+03
    7.6095000000e+01    1.4487297783e+03
    7.6100000000e+01    1.4055360111e+03
    7.6105000000e+01    1.3793991613e+03
    7.6110000000e+01    1.3521286180e+03
    7.6115000000e+01    1.4812639302e+03
    7.6120000000e+01    1.3986658291e+03
    7.6125000000e+01    1.3374583618e+03
    7.6130000000e+01    1.3436842838e+03
    7.6135000000e+01    1.2292667419e+03
    7.6140000000e+01    1.2149615442e+03
    7.6145000000e+01    1.2596852515e+03
    7.6150000000e+01    1.3576043306e+03
    7.6155000000e+01    1.2625188141e+03
    7.6160000000e+01    1.3455583570e+03
    7.6165000000e+01    1.2848835268e+03
    7.6170000000e+01    1.2030655526e+03
    7.6175000000e+01    1.2596549228e+03
    7.6180000000e+01    1.3154218209e+03
    7.6185000000e+01    1.1792572180e+03
    7.6190000000e+01    1.3467783222e+03
    7.6195000000e+01    1.1856373597e+03
    7.6200000000e+01    1.1806954031e+03
    7.6205000000e+01    1.2250801451e+03
    7.6210000000e+01    1.2902434330e+03
    7.6215000000e+01    1.2357445631e+03
    7.6220000000e+01    1.3668890157e+03
    7.6225000000e+01    1.1677642823e+03
    7.6230000000e+01    1.1086839071e+03
    7.6235000000e+01    1.3332762606e+03
    7.6240000000e+01    1.2681034339e+03
    7.6245000000e+01    1.2281566719e+03
    7.6250000000e+01    1.0401527374e+03
    7.6255000000e+01    1.1542460716e+03
    7.6260000000e+01    1.3516816003e+03
    7.6265000000e+01    1.2121663651e+03
    7.6270000000e+01    1.3625982751e+03
    7.6275000000e+01    1.3758353215e+03
    7.6280000000e+01    1.2195254655e+03
    7.6285000000e+01    1.2723563476e+03
    7.6290000000e+01    1.3178258139e+03
    7.6295000000e+01    1.3138744305e+03
    7.6300000000e+01    1.2227655562e+03
    7.6305000000e+01    1.1309875347e+03
    7.6310000000e+01    1.2990941991e+03
    7.6315000000e+01    1.1419595309e+03
    7.6320000000e+01    1.2582176000e+03
    7.6325000000e+01    1.2657472944e+03
    7.6330000000e+01    1.3273730591e+03
    7.6335000000e+01    1.1605944218e+03
    7.6340000000e+01    1.2805614850e+03
    7.6345000000e+01    1.2379244048e+03
    7.6350000000e+01    1.2145601328e+03
    7.6355000000e+01    1.1608107570e+03
    7.6360000000e+01    1.1925928578e+03
    7.6365000000e+01    1.1201327359e+03
    7.6370000000e+01    1.1943297022e+03
    7.6375000000e+01    1.0957903483e+03
    7.6380000000e+01    1.2072446091e+03
    7.6385000000e+01    1.3062802945e+03
    7.6390000000e+01    1.1439997203e+03
    7.6395000000e+01    1.0478727373e+03
    7.6400000000e+01    1.2133312448e+03
    7.6405000000e+01    1.1740405572e+03
    7.6410000000e+01    1.1868161990e+03
    7.6415000000e+01    1.2060015295e+03
    7.6420000000e+01    1.1637307750e+03
    7.6425000000e+01    1.1244797960e+03
    7.6430000000e+01    1.2115299786e+03
    7.6435000000e+01    1.2100833077e+03
    7.6440000000e+01    1.1889813474e+03
    7.6445000000e+01    1.1466747220e+03
    7.6450000000e+01    1.1628951651e+03
    7.6455000000e+01    1.2998581742e+03
    7.6460000000e+01    1.2771095517e+03
    7.6465000000e+01    1.1559516348e+03
    7.6470000000e+01    1.1846092611e+03
    7.6475000000e+01    1.2312187892e+03
    7.6480000000e+01    1.0907446926e+03
    7.6485000000e+01    1.1395495846e+03
    7.6490000000e+01    1.2810190381e+03
    7.6495000000e+01    1.1680334930e+03
    7.6500000000e+01    1.2191773596e+03
    7.6505000000e+01    1.1838988004e+03
    7.6510000000e+01    1.1788382003e+03
    7.6515000000e+01    1.2986286481e+03
    7.6520000000e+01    1.3120292105e+03
    7.6525000000e+01    1.2104802605e+03
    7.6530000000e+01    1.1776835196e+03
    7.6535000000e+01    1.1644862630e+03
    7.6540000000e+01    1.3131830794e+03
    7.6545000000e+01    1.1914990637e+03
    7.6550000000e+01    1.1384588590e+03
    7.6555000000e+01    1.2381807970e+03
    7.6560000000e+01    1.2172387172e+03
    7.6565000000e+01    1.4156878972e+03
    7.6570000000e+01    1.2737826984e+03
    7.6575000000e+01    1.1576914382e+03
    7.6580000000e+01    1.3589985747e+03
    7.6585000000e+01    1.2480659404e+03
    7.6590000000e+01    1.3711947431e+03
    7.6595000000e+01    1.0886015253e+03
    7.6600000000e+01    1.3940609160e+03
    7.6605000000e+01    1.2932123341e+03
    7.6610000000e+01    1.2008933767e+03
    7.6615000000e+01    1.1984311733e+03
    7.6620000000e+01    1.2361749337e+03
    7.6625000000e+01    1.4169538370e+03
    7.6630000000e+01    1.2149931923e+03
    7.6635000000e+01    1.2573288771e+03
    7.6640000000e+01    1.3150758760e+03
    7.6645000000e+01    1.3467145875e+03
    7.6650000000e+01    1.1638379510e+03
    7.6655000000e+01    1.3966656416e+03
    7.6660000000e+01    1.4050575717e+03
    7.6665000000e+01    1.3160501651e+03
    7.6670000000e+01    1.4268174362e+03
    7.6675000000e+01    1.3484637022e+03
    7.6680000000e+01    1.3591263462e+03
    7.6685000000e+01    1.3179411169e+03
    7.6690000000e+01    1.2421440299e+03
    7.6695000000e+01    1.2057256695e+03
    7.6700000000e+01    1.5341883257e+03
    7.6705000000e+01    1.5091408661e+03
    7.6710000000e+01    1.4806982178e+03
    7.6715000000e+01    1.4921747276e+03
    7.6720000000e+01    1.3741114058e+03
    7.6725000000e+01    1.4686212012e+03
    7.6730000000e+01    1.5895231142e+03
    7.6735000000e+01    1.4594966827e+03
    7.6740000000e+01    1.4808161493e+03
    7.6745000000e+01    1.4230079710e+03
    7.6750000000e+01    1.3488702180e+03
    7.6755000000e+01    1.4648877847e+03
    7.6760000000e+01    1.3711083815e+03
    7.6765000000e+01    1.3906356411e+03
    7.6770000000e+01    1.3755971532e+03
    7.6775000000e+01    1.2569924343e+03
    7.6780000000e+01    1.4029869534e+03
    7.6785000000e+01    1.2300018313e+03
    7.6790000000e+01    1.3820937858e+03
    7.6795000000e+01    1.4437344386e+03
    7.6800000000e+01    1.3878290402e+03
    7.6805000000e+01    1.4041016160e+03
    7.6810000000e+01    1.3074037388e+03
    7.6815000000e+01    1.2049555896e+03
    7.6820000000e+01    1.3528819512e+03
    7.6825000000e+01    1.4380238205e+03
    7.6830000000e+01    1.4912381719e+03
    7.6835000000e+01    1.2793085433e+03
    7.6840000000e+01    1.2953958608e+03
    7.6845000000e+01    1.2691606493e+03
    7.6850000000e+01    1.2598968325e+03
    7.6855000000e+01    1.2627729308e+03
    7.6860000000e+01    1.2755506891e+03
    7.6865000000e+01    1.1724866283e+03
    7.6870000000e+01    1.2553828516e+03
    7.6875000000e+01    1.2251207266e+03
    7.6880000000e+01    1.2492188399e+03
    7.6885000000e+01    1.1930080119e+03
    7.6890000000e+01    1.3155365975e+03
    7.6895000000e+01    1.2342067914e+03
    7.6900000000e+01    1.2253297540e+03
    7.6905000000e+01    1.1344336800e+03
    7.6910000000e+01    1.1998892583e+03
    7.6915000000e+01    1.0124777575e+03
    7.6920000000e+01    1.1182283652e+03
    7.6925000000e+01    1.1903416677e+03
    7.6930000000e+01    1.1020111367e+03
    7.6935000000e+01    1.0783789112e+03
    7.6940000000e+01    1.0262423570e+03
    7.6945000000e+01    1.0291434593e+03
    7.6950000000e+01    1.0805715616e+03
    7.6955000000e+01    1.1044753545e+03
    7.6960000000e+01    1.0907008536e+03
    7.6965000000e+01    1.0930189414e+03
    7.6970000000e+01    9.6392899379e+02
    7.6975000000e+01    1.0395646552e+03
    7.6980000000e+01    1.0765584112e+03
    7.6985000000e+01    9.9583112175e+02
    7.6990000000e+01    9.1624781570e+02
    7.6995000000e+01    9.9272173794e+02
    7.7000000000e+01    9.7653922012e+02
    7.7005000000e+01    9.7632118636e+02
    7.7010000000e+01    9.2711836420e+02
    7.7015000000e+01    9.3635919060e+02
    7.7020000000e+01    8.7722026253e+02
    7.7025000000e+01    8.7114079356e+02
    7.7030000000e+01    8.9333171009e+02
    7.7035000000e+01    9.9294358595e+02
    7.7040000000e+01    7.9408735315e+02
    7.7045000000e+01    8.8719460827e+02
    7.7050000000e+01    8.2718243281e+02
    7.7055000000e+01    7.2145136591e+02
    7.7060000000e+01    8.8626649260e+02
    7.7065000000e+01    9.0806681684e+02
    7.7070000000e+01    8.3895737257e+02
    7.7075000000e+01    8.0161044176e+02
    7.7080000000e+01    8.2091729970e+02
    7.7085000000e+01    8.0253588466e+02
    7.7090000000e+01    8.4451217637e+02
    7.7095000000e+01    8.4147375070e+02
    7.7100000000e+01    7.6988767304e+02
    7.7105000000e+01    8.0277651469e+02
    7.7110000000e+01    8.4790205036e+02
    7.7115000000e+01    7.6835498572e+02
    7.7120000000e+01    6.7801105073e+02
    7.7125000000e+01    7.0488359522e+02
    7.7130000000e+01    7.6512802235e+02
    7.7135000000e+01    7.4435841252e+02
    7.7140000000e+01    8.4135974145e+02
    7.7145000000e+01    7.2443062815e+02
    7.7150000000e+01    7.1506501419e+02
    7.7155000000e+01    7.7618156098e+02
    7.7160000000e+01    7.7188140114e+02
    7.7165000000e+01    7.2237899056e+02
    7.7170000000e+01    7.6215613595e+02
    7.7175000000e+01    6.9310567106e+02
    7.7180000000e+01    7.0635243880e+02
    7.7185000000e+01    7.6528937959e+02
    7.7190000000e+01    6.6531647614e+02
    7.7195000000e+01    7.3021613794e+02
    7.7200000000e+01    6.9444743707e+02
    7.7205000000e+01    7.0412041016e+02
    7.7210000000e+01    7.3119538582e+02
    7.7215000000e+01    7.0165429902e+02
    7.7220000000e+01    6.8297308945e+02
    7.7225000000e+01    6.7968635031e+02
    7.7230000000e+01    7.5649117163e+02
    7.7235000000e+01    7.3774895857e+02
    7.7240000000e+01    6.9050779238e+02
    7.7245000000e+01    7.4158624909e+02
    7.7250000000e+01    6.6970235815e+02
    7.7255000000e+01    7.6170127819e+02
    7.7260000000e+01    7.1158076740e+02
    7.7265000000e+01    6.2213238646e+02
    7.7270000000e+01    6.5555247656e+02
    7.7275000000e+01    7.1403929800e+02
    7.7280000000e+01    6.1005346780e+02
    7.7285000000e+01    6.7622676356e+02
    7.7290000000e+01    6.3681848377e+02
    7.7295000000e+01    6.1636737322e+02
    7.7300000000e+01    6.5042700600e+02
    7.7305000000e+01    7.0355470268e+02
    7.7310000000e+01    6.8579547028e+02
    7.7315000000e+01    7.3657736978e+02
    7.7320000000e+01    7.0671202588e+02
    7.7325000000e+01    6.6618084397e+02
    7.7330000000e+01    6.1828337566e+02
    7.7335000000e+01    6.8488101040e+02
    7.7340000000e+01    6.3147623770e+02
    7.7345000000e+01    6.7540823842e+02
    7.7350000000e+01    6.2633315632e+02
    7.7355000000e+01    6.4236088333e+02
    7.7360000000e+01    6.4826650763e+02
    7.7365000000e+01    7.2744517105e+02
    7.7370000000e+01    6.7107659048e+02
    7.7375000000e+01    6.5899270669e+02
    7.7380000000e+01    6.6041916676e+02
    7.7385000000e+01    5.8957903454e+02
    7.7390000000e+01    6.7121084403e+02
    7.7395000000e+01    7.3164357107e+02
    7.7400000000e+01    6.4966324116e+02
    7.7405000000e+01    6.8621444353e+02
    7.7410000000e+01    6.6561032426e+02
    7.7415000000e+01    6.5660636985e+02
    7.7420000000e+01    6.2610634635e+02
    7.7425000000e+01    6.3125444428e+02
    7.7430000000e+01    6.9844554072e+02
    7.7435000000e+01    6.2822001580e+02
    7.7440000000e+01    6.5208783327e+02
    7.7445000000e+01    6.2781352900e+02
    7.7450000000e+01    6.4988726911e+02
    7.7455000000e+01    6.4789995766e+02
    7.7460000000e+01    6.6894786531e+02
    7.7465000000e+01    6.6031059054e+02
    7.7470000000e+01    6.5938330269e+02
    7.7475000000e+01    6.1720819747e+02
    7.7480000000e+01    6.6805342303e+02
    7.7485000000e+01    6.2105188342e+02
    7.7490000000e+01    6.2786523540e+02
    7.7495000000e+01    5.6683862048e+02
    7.7500000000e+01    5.5624732542e+02
    7.7505000000e+01    6.0509951201e+02
    7.7510000000e+01    6.0860536093e+02
    7.7515000000e+01    6.6060929806e+02
    7.7520000000e+01    6.5984629399e+02
    7.7525000000e+01    6.4772856446e+02
    7.7530000000e+01    6.3562596516e+02
    7.7535000000e+01    5.8157732774e+02
    7.7540000000e+01    6.2542532888e+02
    7.7545000000e+01    6.1409810083e+02
    7.7550000000e+01    6.2132213942e+02
    7.7555000000e+01    6.0728308854e+02
    7.7560000000e+01    6.4593426692e+02
    7.7565000000e+01    6.3473799810e+02
    7.7570000000e+01    5.6832301938e+02
    7.7575000000e+01    6.1027504936e+02
    7.7580000000e+01    6.3870908889e+02
    7.7585000000e+01    6.0088027006e+02
    7.7590000000e+01    7.1065900101e+02
    7.7595000000e+01    6.4716294775e+02
    7.7600000000e+01    5.8809821320e+02
    7.7605000000e+01    5.8450124992e+02
    7.7610000000e+01    6.4711625310e+02
    7.7615000000e+01    6.2079742093e+02
    7.7620000000e+01    6.8019910651e+02
    7.7625000000e+01    6.4656576688e+02
    7.7630000000e+01    5.9652139679e+02
    7.7635000000e+01    6.4261079976e+02
    7.7640000000e+01    6.1803238325e+02
    7.7645000000e+01    6.1244631434e+02
    7.7650000000e+01    5.6856175971e+02
    7.7655000000e+01    5.8190342264e+02
    7.7660000000e+01    5.9690049109e+02
    7.7665000000e+01    5.5496794848e+02
    7.7670000000e+01    6.0207465009e+02
    7.7675000000e+01    6.0310331256e+02
    7.7680000000e+01    5.6564940583e+02
    7.7685000000e+01    6.4757811601e+02
    7.7690000000e+01    5.8944930188e+02
    7.7695000000e+01    5.9565212971e+02
    7.7700000000e+01    5.3400817154e+02
    7.7705000000e+01    5.6351869789e+02
    7.7710000000e+01    5.8355423586e+02
    7.7715000000e+01    6.0683111936e+02
    7.7720000000e+01    5.7670495164e+02
    7.7725000000e+01    5.7370460560e+02
    7.7730000000e+01    5.6262329427e+02
    7.7735000000e+01    5.6609889842e+02
    7.7740000000e+01    5.9144270105e+02
    7.7745000000e+01    6.1739290267e+02
    7.7750000000e+01    6.0584266416e+02
    7.7755000000e+01    5.8170680720e+02
    7.7760000000e+01    6.1451064596e+02
    7.7765000000e+01    6.1030371005e+02
    7.7770000000e+01    6.0086562476e+02
    7.7775000000e+01    5.8421828370e+02
    7.7780000000e+01    5.5598085528e+02
    7.7785000000e+01    5.6919892500e+02
    7.7790000000e+01    5.9101592764e+02
    7.7795000000e+01    5.7575121456e+02
    7.7800000000e+01    5.8873713384e+02
    7.7805000000e+01    5.7528928624e+02
    7.7810000000e+01    5.7118208915e+02
    7.7815000000e+01    5.8047838520e+02
    7.7820000000e+01    5.7240735488e+02
    7.7825000000e+01    5.2311552029e+02
    7.7830000000e+01    5.4123548144e+02
    7.7835000000e+01    5.3663012208e+02
    7.7840000000e+01    5.5896817516e+02
    7.7845000000e+01    5.7505009801e+02
    7.7850000000e+01    5.5941881277e+02
    7.7855000000e+01    5.4077864793e+02
    7.7860000000e+01    5.8206339376e+02
    7.7865000000e+01    4.9257397636e+02
    7.7870000000e+01    5.0504258072e+02
    7.7875000000e+01    5.2473508967e+02
    7.7880000000e+01    5.2317975063e+02
    7.7885000000e+01    5.2249319467e+02
    7.7890000000e+01    5.3694792539e+02
    7.7895000000e+01    5.8335856074e+02
    7.7900000000e+01    5.4121846091e+02
    7.7905000000e+01    5.8836819060e+02
    7.7910000000e+01    5.5490989325e+02
    7.7915000000e+01    5.6160527978e+02
    7.7920000000e+01    5.1542183376e+02
    7.7925000000e+01    5.4520611036e+02
    7.7930000000e+01    5.6992871518e+02
    7.7935000000e+01    5.8510590046e+02
    7.7940000000e+01    5.3417955604e+02
    7.7945000000e+01    5.3648162926e+02
    7.7950000000e+01    5.0480591279e+02
    7.7955000000e+01    5.3585964372e+02
    7.7960000000e+01    5.3697541633e+02
    7.7965000000e+01    5.2168092438e+02
    7.7970000000e+01    4.7106534214e+02
    7.7975000000e+01    5.2432880299e+02
    7.7980000000e+01    5.0492679227e+02
    7.7985000000e+01    5.4973369987e+02
    7.7990000000e+01    5.9694919443e+02
    7.7995000000e+01    5.5585199062e+02
    7.8000000000e+01    5.3685163162e+02
    7.8005000000e+01    5.4081903246e+02
    7.8010000000e+01    5.4019212993e+02
    7.8015000000e+01    5.6373426590e+02
    7.8020000000e+01    5.2302962120e+02
    7.8025000000e+01    4.7738326475e+02
    7.8030000000e+01    5.8717905145e+02
    7.8035000000e+01    6.1390088877e+02
    7.8040000000e+01    4.9293319293e+02
    7.8045000000e+01    5.2875504057e+02
    7.8050000000e+01    5.3033565956e+02
    7.8055000000e+01    5.3003320103e+02
    7.8060000000e+01    5.4159652119e+02
    7.8065000000e+01    5.2442161553e+02
    7.8070000000e+01    5.5634676929e+02
    7.8075000000e+01    5.7376749622e+02
    7.8080000000e+01    5.5050136593e+02
    7.8085000000e+01    5.3264276911e+02
    7.8090000000e+01    5.8134928870e+02
    7.8095000000e+01    4.9241360025e+02
    7.8100000000e+01    5.8279835908e+02
    7.8105000000e+01    5.4283253935e+02
    7.8110000000e+01    5.4979512882e+02
    7.8115000000e+01    5.4981238979e+02
    7.8120000000e+01    6.1837259334e+02
    7.8125000000e+01    5.3698250078e+02
    7.8130000000e+01    5.9518623868e+02
    7.8135000000e+01    5.6036786334e+02
    7.8140000000e+01    5.3345604967e+02
    7.8145000000e+01    5.9651053857e+02
    7.8150000000e+01    5.3083865109e+02
    7.8155000000e+01    5.8456358522e+02
    7.8160000000e+01    5.4950580784e+02
    7.8165000000e+01    6.1187370046e+02
    7.8170000000e+01    5.8860113369e+02
    7.8175000000e+01    5.7671339047e+02
    7.8180000000e+01    5.4393480804e+02
    7.8185000000e+01    5.9903843755e+02
    7.8190000000e+01    5.5184213092e+02
    7.8195000000e+01    5.9094144250e+02
    7.8200000000e+01    5.7620909174e+02
    7.8205000000e+01    6.0645577196e+02
    7.8210000000e+01    5.3173153088e+02
    7.8215000000e+01    6.5170039907e+02
    7.8220000000e+01    5.7759744180e+02
    7.8225000000e+01    5.7945171144e+02
    7.8230000000e+01    6.1407898345e+02
    7.8235000000e+01    6.3693074212e+02
    7.8240000000e+01    6.2519058135e+02
    7.8245000000e+01    6.0277952002e+02
    7.8250000000e+01    5.9409063261e+02
    7.8255000000e+01    5.8646085504e+02
    7.8260000000e+01    5.9720971935e+02
    7.8265000000e+01    6.2434186928e+02
    7.8270000000e+01    6.3183996139e+02
    7.8275000000e+01    6.1320692698e+02
    7.8280000000e+01    5.5625529524e+02
    7.8285000000e+01    5.8605548256e+02
    7.8290000000e+01    6.3540248609e+02
    7.8295000000e+01    6.1910818635e+02
    7.8300000000e+01    6.0515782377e+02
    7.8305000000e+01    5.9337791617e+02
    7.8310000000e+01    6.0566189747e+02
    7.8315000000e+01    6.2585191745e+02
    7.8320000000e+01    6.0272399410e+02
    7.8325000000e+01    6.3329323898e+02
    7.8330000000e+01    6.0946689920e+02
    7.8335000000e+01    6.2139654212e+02
    7.8340000000e+01    5.9996065228e+02
    7.8345000000e+01    6.0592468617e+02
    7.8350000000e+01    6.4022191896e+02
    7.8355000000e+01    6.1439160926e+02
    7.8360000000e+01    6.0607008616e+02
    7.8365000000e+01    6.1454302048e+02
    7.8370000000e+01    6.7956087324e+02
    7.8375000000e+01    6.0394136807e+02
    7.8380000000e+01    5.7254353648e+02
    7.8385000000e+01    6.3153620889e+02
    7.8390000000e+01    6.0004234844e+02
    7.8395000000e+01    6.1747680563e+02
    7.8400000000e+01    5.7813359179e+02
    7.8405000000e+01    5.7684389615e+02
    7.8410000000e+01    6.4182186330e+02
    7.8415000000e+01    6.1988016162e+02
    7.8420000000e+01    6.7223724540e+02
    7.8425000000e+01    6.0509160202e+02
    7.8430000000e+01    6.1254603873e+02
    7.8435000000e+01    6.1162022472e+02
    7.8440000000e+01    6.0178647440e+02
    7.8445000000e+01    6.0143975039e+02
    7.8450000000e+01    5.8371084574e+02
    7.8455000000e+01    6.2356775256e+02
    7.8460000000e+01    5.7410551563e+02
    7.8465000000e+01    5.8336538803e+02
    7.8470000000e+01    6.9581022569e+02
    7.8475000000e+01    6.2013052285e+02
    7.8480000000e+01    6.1418420751e+02
    7.8485000000e+01    5.7253867198e+02
    7.8490000000e+01    5.7519573187e+02
    7.8495000000e+01    5.7565450703e+02
    7.8500000000e+01    5.8140355683e+02
    7.8505000000e+01    6.0271993793e+02
    7.8510000000e+01    5.7349291705e+02
    7.8515000000e+01    5.9826646386e+02
    7.8520000000e+01    5.7851966463e+02
    7.8525000000e+01    6.0390038872e+02
    7.8530000000e+01    5.5896979845e+02
    7.8535000000e+01    6.8250008160e+02
    7.8540000000e+01    5.4796466686e+02
    7.8545000000e+01    6.0917530440e+02
    7.8550000000e+01    6.0176733266e+02
    7.8555000000e+01    5.2904625693e+02
    7.8560000000e+01    5.5636844985e+02
    7.8565000000e+01    5.9405087309e+02
    7.8570000000e+01    6.1275574320e+02
    7.8575000000e+01    5.5087522320e+02
    7.8580000000e+01    5.6347710485e+02
    7.8585000000e+01    5.4456145205e+02
    7.8590000000e+01    5.7763441127e+02
    7.8595000000e+01    5.3722055244e+02
    7.8600000000e+01    5.6346527553e+02
    7.8605000000e+01    5.7342524077e+02
    7.8610000000e+01    6.1964310695e+02
    7.8615000000e+01    6.0136925702e+02
    7.8620000000e+01    5.6493262447e+02
    7.8625000000e+01    5.8663626838e+02
    7.8630000000e+01    5.6252391660e+02
    7.8635000000e+01    5.7209347880e+02
    7.8640000000e+01    6.2307126347e+02
    7.8645000000e+01    5.4403446443e+02
    7.8650000000e+01    5.5512456558e+02
    7.8655000000e+01    5.9561368416e+02
    7.8660000000e+01    5.9776421760e+02
    7.8665000000e+01    6.0151542967e+02
    7.8670000000e+01    6.0793785065e+02
    7.8675000000e+01    5.4961422987e+02
    7.8680000000e+01    6.0470751456e+02
    7.8685000000e+01    5.3193132648e+02
    7.8690000000e+01    5.7738003002e+02
    7.8695000000e+01    6.0421081032e+02
    7.8700000000e+01    5.7843655936e+02
    7.8705000000e+01    5.5665156093e+02
    7.8710000000e+01    6.1991651076e+02
    7.8715000000e+01    6.2037009679e+02
    7.8720000000e+01    5.6052404604e+02
    7.8725000000e+01    5.5979100914e+02
    7.8730000000e+01    5.8994814289e+02
    7.8735000000e+01    5.6273262722e+02
    7.8740000000e+01    5.9296460884e+02
    7.8745000000e+01    5.5046280372e+02
    7.8750000000e+01    5.5919146814e+02
    7.8755000000e+01    6.2557091069e+02
    7.8760000000e+01    5.9568518303e+02
    7.8765000000e+01    6.0968181945e+02
    7.8770000000e+01    6.5329765774e+02
    7.8775000000e+01    5.9099727576e+02
    7.8780000000e+01    5.4068934162e+02
    7.8785000000e+01    5.3096187866e+02
    7.8790000000e+01    5.8560453696e+02
    7.8795000000e+01    5.6664573771e+02
    7.8800000000e+01    5.5238424332e+02
    7.8805000000e+01    6.0433791229e+02
    7.8810000000e+01    6.0072474817e+02
    7.8815000000e+01    6.1448104976e+02
    7.8820000000e+01    5.2228139906e+02
    7.8825000000e+01    5.7774290112e+02
    7.8830000000e+01    5.9178959823e+02
    7.8835000000e+01    4.9815742745e+02
    7.8840000000e+01    5.6942237686e+02
    7.8845000000e+01    5.6554886193e+02
    7.8850000000e+01    5.9386369923e+02
    7.8855000000e+01    5.8251296232e+02
    7.8860000000e+01    5.0751007150e+02
    7.8865000000e+01    5.2142006623e+02
    7.8870000000e+01    5.8152503212e+02
    7.8875000000e+01    5.9114546521e+02
    7.8880000000e+01    5.1411097781e+02
    7.8885000000e+01    5.6118619014e+02
    7.8890000000e+01    6.1890417565e+02
    7.8895000000e+01    5.5576997832e+02
    7.8900000000e+01    5.6354122423e+02
    7.8905000000e+01    5.5101264867e+02
    7.8910000000e+01    5.5794100903e+02
    7.8915000000e+01    5.9186942885e+02
    7.8920000000e+01    5.9521180771e+02
    7.8925000000e+01    5.3209877466e+02
    7.8930000000e+01    5.3613942877e+02
    7.8935000000e+01    5.3514397184e+02
    7.8940000000e+01    4.8202237275e+02
    7.8945000000e+01    5.6882365410e+02
    7.8950000000e+01    5.3274045265e+02
    7.8955000000e+01    5.5321644850e+02
    7.8960000000e+01    5.9510295114e+02
    7.8965000000e+01    5.6887567354e+02
    7.8970000000e+01    5.0661204568e+02
    7.8975000000e+01    5.6742441404e+02
    7.8980000000e+01    5.3503973955e+02
    7.8985000000e+01    4.7637406395e+02
    7.8990000000e+01    6.0551258375e+02
    7.8995000000e+01    4.9531162368e+02
    7.9000000000e+01    5.1997161860e+02
    7.9005000000e+01    5.5701568988e+02
    7.9010000000e+01    5.8634421313e+02
    7.9015000000e+01    5.1714703637e+02
    7.9020000000e+01    5.5551380470e+02
    7.9025000000e+01    5.6310874141e+02
    7.9030000000e+01    4.9673084999e+02
    7.9035000000e+01    5.5165056979e+02
    7.9040000000e+01    5.5550011466e+02
    7.9045000000e+01    5.6667949775e+02
    7.9050000000e+01    4.9106007504e+02
    7.9055000000e+01    5.7664612262e+02
    7.9060000000e+01    5.5051439427e+02
    7.9065000000e+01    5.7232647924e+02
    7.9070000000e+01    5.4849122135e+02
    7.9075000000e+01    5.7417940700e+02
    7.9080000000e+01    5.5924529859e+02
    7.9085000000e+01    5.8864348987e+02
    7.9090000000e+01    5.0342394020e+02
    7.9095000000e+01    5.3281085896e+02
    7.9100000000e+01    5.5995366934e+02
    7.9105000000e+01    5.5710504599e+02
    7.9110000000e+01    5.5662858187e+02
    7.9115000000e+01    5.5294740218e+02
    7.9120000000e+01    5.7441194416e+02
    7.9125000000e+01    5.3908983974e+02
    7.9130000000e+01    5.6308903011e+02
    7.9135000000e+01    5.8783589851e+02
    7.9140000000e+01    5.5404255823e+02
    7.9145000000e+01    4.8832025815e+02
    7.9150000000e+01    5.9220695525e+02
    7.9155000000e+01    4.9813370349e+02
    7.9160000000e+01    5.6079590851e+02
    7.9165000000e+01    5.2729290292e+02
    7.9170000000e+01    5.4984328314e+02
    7.9175000000e+01    5.7023801690e+02
    7.9180000000e+01    5.6245981198e+02
    7.9185000000e+01    5.0359968380e+02
    7.9190000000e+01    5.5842380316e+02
    7.9195000000e+01    5.2927986579e+02
    7.9200000000e+01    5.8672273505e+02
    7.9205000000e+01    5.3049876419e+02
    7.9210000000e+01    5.1270939183e+02
    7.9215000000e+01    5.1300072630e+02
    7.9220000000e+01    5.2144045833e+02
    7.9225000000e+01    5.7279174094e+02
    7.9230000000e+01    5.6087450119e+02
    7.9235000000e+01    5.1893608083e+02
    7.9240000000e+01    5.7397036138e+02
    7.9245000000e+01    5.0844950254e+02
    7.9250000000e+01    5.3942214481e+02
    7.9255000000e+01    5.5973432360e+02
    7.9260000000e+01    5.8038560589e+02
    7.9265000000e+01    5.2529900803e+02
    7.9270000000e+01    4.9883476375e+02
    7.9275000000e+01    5.4778623899e+02
    7.9280000000e+01    6.0840099246e+02
    7.9285000000e+01    5.6967216329e+02
    7.9290000000e+01    5.0238191483e+02
    7.9295000000e+01    5.3747175735e+02
    7.9300000000e+01    5.4422529581e+02
    7.9305000000e+01    5.6202878017e+02
    7.9310000000e+01    5.2186275585e+02
    7.9315000000e+01    5.4452131406e+02
    7.9320000000e+01    5.7395425397e+02
    7.9325000000e+01    5.2020663403e+02
    7.9330000000e+01    5.0001094093e+02
    7.9335000000e+01    5.2264935833e+02
    7.9340000000e+01    5.4630633115e+02
    7.9345000000e+01    5.0070934336e+02
    7.9350000000e+01    4.6472427245e+02
    7.9355000000e+01    5.7417901453e+02
    7.9360000000e+01    5.3645964421e+02
    7.9365000000e+01    5.5682413047e+02
    7.9370000000e+01    5.1347592472e+02
    7.9375000000e+01    5.2896754686e+02
    7.9380000000e+01    5.4381015219e+02
    7.9385000000e+01    5.0459066931e+02
    7.9390000000e+01    5.3661099441e+02
    7.9395000000e+01    5.0874264492e+02
    7.9400000000e+01    6.0211896819e+02
    7.9405000000e+01    4.9607489034e+02
    7.9410000000e+01    5.2914291101e+02
    7.9415000000e+01    6.1106984688e+02
    7.9420000000e+01    5.2692786771e+02
    7.9425000000e+01    5.4429293763e+02
    7.9430000000e+01    5.3927397051e+02
    7.9435000000e+01    5.6575329199e+02
    7.9440000000e+01    4.9409369572e+02
    7.9445000000e+01    5.1014455628e+02
    7.9450000000e+01    5.1792704780e+02
    7.9455000000e+01    5.3218091753e+02
    7.9460000000e+01    5.3511337333e+02
    7.9465000000e+01    6.0910283471e+02
    7.9470000000e+01    5.5294169263e+02
    7.9475000000e+01    5.1372430338e+02
    7.9480000000e+01    5.2147538742e+02
    7.9485000000e+01    5.3716453968e+02
    7.9490000000e+01    5.7411529401e+02
    7.9495000000e+01    5.8360928324e+02
    7.9500000000e+01    5.6342611029e+02
    7.9505000000e+01    5.2555555680e+02
    7.9510000000e+01    5.5864897140e+02
    7.9515000000e+01    5.1534023491e+02
    7.9520000000e+01    5.3355629773e+02
    7.9525000000e+01    5.5615668729e+02
    7.9530000000e+01    5.3799031235e+02
    7.9535000000e+01    5.4341625089e+02
    7.9540000000e+01    5.3975083166e+02
    7.9545000000e+01    5.0653134182e+02
    7.9550000000e+01    5.0094935812e+02
    7.9555000000e+01    5.3049300588e+02
    7.9560000000e+01    5.8631091634e+02
    7.9565000000e+01    5.7152697351e+02
    7.9570000000e+01    5.6272635125e+02
    7.9575000000e+01    5.4445331328e+02
    7.9580000000e+01    5.7706391620e+02
    7.9585000000e+01    5.6831427243e+02
    7.9590000000e+01    5.2467223907e+02
    7.9595000000e+01    5.6074749675e+02
    7.9600000000e+01    5.4421154146e+02
    7.9605000000e+01    5.5220997104e+02
    7.9610000000e+01    5.6275561562e+02
    7.9615000000e+01    5.5164865845e+02
    7.9620000000e+01    5.0824795950e+02
    7.9625000000e+01    5.3204272447e+02
    7.9630000000e+01    5.2202070062e+02
    7.9635000000e+01    4.8285436442e+02
    7.9640000000e+01    6.0382806502e+02
    7.9645000000e+01    5.3660025041e+02
    7.9650000000e+01    5.3665313390e+02
    7.9655000000e+01    5.9179920347e+02
    7.9660000000e+01    5.6467461072e+02
    7.9665000000e+01    5.4764706071e+02
    7.9670000000e+01    5.5540203746e+02
    7.9675000000e+01    5.6446002944e+02
    7.9680000000e+01    5.4052366694e+02
    7.9685000000e+01    5.1606660995e+02
    7.9690000000e+01    5.3890362268e+02
    7.9695000000e+01    5.3492224971e+02
    7.9700000000e+01    5.3207382504e+02
    7.9705000000e+01    5.7338072134e+02
    7.9710000000e+01    6.0016603592e+02
    7.9715000000e+01    5.2927267271e+02
    7.9720000000e+01    5.3065101649e+02
    7.9725000000e+01    5.5412596194e+02
    7.9730000000e+01    5.1721897561e+02
    7.9735000000e+01    5.4059208003e+02
    7.9740000000e+01    5.0827351920e+02
    7.9745000000e+01    5.2048323000e+02
    7.9750000000e+01    5.7806065102e+02
    7.9755000000e+01    5.3375206564e+02
    7.9760000000e+01    5.8217814673e+02
    7.9765000000e+01    5.3849059846e+02
    7.9770000000e+01    5.1492225439e+02
    7.9775000000e+01    5.9940821270e+02
    7.9780000000e+01    5.7750839957e+02
    7.9785000000e+01    5.5397597889e+02
    7.9790000000e+01    5.9713234160e+02
    7.9795000000e+01    5.7766662103e+02
    7.9800000000e+01    5.5520915267e+02
    7.9805000000e+01    5.5535287624e+02
    7.9810000000e+01    5.2914404595e+02
    7.9815000000e+01    5.5922563106e+02
    7.9820000000e+01    5.7448069391e+02
    7.9825000000e+01    5.4377877354e+02
    7.9830000000e+01    5.4106751130e+02
    7.9835000000e+01    5.2591970530e+02
    7.9840000000e+01    5.1639429232e+02
    7.9845000000e+01    5.3929005896e+02
    7.9850000000e+01    5.7695288054e+02
    7.9855000000e+01    5.5830776121e+02
    7.9860000000e+01    5.5266375434e+02
    7.9865000000e+01    5.5103562304e+02
    7.9870000000e+01    5.5234056028e+02
    7.9875000000e+01    5.4494611896e+02
    7.9880000000e+01    5.7849506286e+02
    7.9885000000e+01    6.0086773570e+02
    7.9890000000e+01    5.3440545736e+02
    7.9895000000e+01    5.6242820139e+02
    7.9900000000e+01    5.5444953457e+02
    7.9905000000e+01    5.2441603494e+02
    7.9910000000e+01    6.1737442039e+02
    7.9915000000e+01    5.8432315707e+02
    7.9920000000e+01    5.4323126480e+02
    7.9925000000e+01    5.9298587389e+02
    7.9930000000e+01    5.6642508435e+02
    7.9935000000e+01    5.4741523644e+02
    7.9940000000e+01    5.1185375309e+02
    7.9945000000e+01    5.5776147625e+02
    7.9950000000e+01    5.7267592117e+02
    7.9955000000e+01    5.5635547819e+02
    7.9960000000e+01    5.8113170696e+02
    7.9965000000e+01    5.3868155527e+02
    7.9970000000e+01    5.3075828317e+02
    7.9975000000e+01    5.8260830234e+02
    7.9980000000e+01    5.0817762741e+02
    7.9985000000e+01    5.3431994571e+02
    7.9990000000e+01    5.6471883085e+02
    7.9995000000e+01    5.5756626575e+02
